Handle,Name,Body (HTML),Vendor,Product Category,Type,Tags,Published,Option1 Name,Option1 Value,Option1 Linked To,Option2 Name,Option2 Value,Option2 Linked To,Option3 Name,Option3 Value,Option3 Linked To,Variant SKU,Variant Grams,Variant Inventory Tracker,Variant Inventory Qty,Variant Inventory Policy,Variant Fulfillment Service,Price,Variant Compare At Price,Variant Requires Shipping,Variant Taxable,Unit Price Total Measure,Unit Price Total Measure Unit,Unit Price Base Measure,Unit Price Base Measure Unit,Variant Barcode,Image,Image Position,Image Alt Text,Gift Card,SEO Title,SEO Description,Google Shopping / Google Product Category,Google Shopping / Gender,Google Shopping / Age Group,Google Shopping / MPN,Google Shopping / Condition,Google Shopping / Custom Product,Google Shopping / Custom Label 0,Google Shopping / Custom Label 1,Google Shopping / Custom Label 2,Google Shopping / Custom Label 3,Google Shopping / Custom Label 4,PRECIO MAYORISTA (product.metafields.custom.precio_mayorista),Google: Custom Product (product.metafields.mm-google-shopping.custom_product),Direccionalidad del adaptador (product.metafields.shopify.adapter-directionality),Grupo de edad (product.metafields.shopify.age-group),Tipo de antena (product.metafields.shopify.antenna-type),Conectividad de audio (product.metafields.shopify.audio-connectivity),Canal de salida de audio (product.metafields.shopify.audio-output-channel),Uso del audio (product.metafields.shopify.audio-purpose),Tipo de conector del cable de audio/video (extremo A) (product.metafields.shopify.audio-video-cable-connector-type-end-a),Tipo de conector del cable de audio/video (extremo B) (product.metafields.shopify.audio-video-cable-connector-type-end-b),Tipo de espaldar (product.metafields.shopify.backrest-type),Color de la correa (product.metafields.shopify.band-color),Características de la batería (product.metafields.shopify.battery-features),Tamaño de la batería (product.metafields.shopify.battery-size),Tecnología de la batería (product.metafields.shopify.battery-technology),Tipo de batería (product.metafields.shopify.battery-type),Tipo de montaje de tablero (product.metafields.shopify.board-mounting-type),Tipo de casquillo de bombilla (product.metafields.shopify.bulb-cap-type),Acabado de la bombilla (product.metafields.shopify.bulb-finish),Forma de la bombilla (product.metafields.shopify.bulb-shape),Tamaño de la bombilla (product.metafields.shopify.bulb-size),Material de la carcasa del cable (product.metafields.shopify.cable-housing-material),Blindaje de los cables (product.metafields.shopify.cable-shielding),Estilo del cable (product.metafields.shopify.cable-style),Tecnología de pantalla de cámara (product.metafields.shopify.camera-display-technology),Características de la cámara (product.metafields.shopify.camera-features),Tipo de cámara HD (product.metafields.shopify.camera-hd-type),Tipo de montaje móvil (product.metafields.shopify.camera-mounting-type),Instalación de tarjeta/adaptador (product.metafields.shopify.card-adapter-installation),Tipo de carcasa (product.metafields.shopify.chassis-type),Tipo de mandril (product.metafields.shopify.chuck-type),Color (product.metafields.shopify.color-pattern),Tecnología de batería compatible (product.metafields.shopify.compatible-battery-technology),Formato de juego compatible (product.metafields.shopify.compatible-game-format),Resolución compatible (product.metafields.shopify.compatible-resolution),Tipo de salida de componente (product.metafields.shopify.component-output-type),Accesorios para computadora incluidos (product.metafields.shopify.computer-accessories-included),Método de conexión (product.metafields.shopify.connection-method),Tipo de conexión (product.metafields.shopify.connection-type),Tecnología de conectividad (product.metafields.shopify.connectivity-technology),Tipo de conector 1 (product.metafields.shopify.connector-1-type),Tipo de conector 2 (product.metafields.shopify.connector-2-type),Recubrimiento de contactos del conector (product.metafields.shopify.connector-contact-plating),Género del conector (product.metafields.shopify.connector-gender),Orientación del conector (product.metafields.shopify.connector-orientation),Interfaz del dispositivo (product.metafields.shopify.device-interface),Habilidades de destreza (product.metafields.shopify.dexterity-skills),Color del dial (product.metafields.shopify.dial-color),Diseño de letreros de exhibición (product.metafields.shopify.display-sign-design),Tecnología de pantalla (product.metafields.shopify.display-technology),Características del taladro (product.metafields.shopify.drill-features),Características de los auriculares (product.metafields.shopify.earphone-features),Clasificación ESRB (product.metafields.shopify.esrb-rating),Tipo de interfaz LAN Ethernet (product.metafields.shopify.ethernet-lan-interface-type),Tipo de pies (product.metafields.shopify.feet-type),Ajuste de enfoque (product.metafields.shopify.focus-adjustment),Diseño del marco (product.metafields.shopify.frame-design),Frecuencia o bandas de radio compatibles (product.metafields.shopify.frequency-radio-bands-supported),Material de muebles/componentes (product.metafields.shopify.furniture-fixture-material),Características del juego (product.metafields.shopify.game-features),Diseño de vaporizador de ropa (product.metafields.shopify.garment-steamer-design),Estilo de auriculares (product.metafields.shopify.headphone-style),Interfaz de host (product.metafields.shopify.host-interface),Estado del artículo (product.metafields.shopify.item-condition),Formato de teclado (product.metafields.shopify.keyboard-format),Diseño del teclado (product.metafields.shopify.keyboard-layout),Características especializadas del teclado (product.metafields.shopify.keyboard-specialized-features),Tipo de interruptor de teclado (product.metafields.shopify.keyboard-switch-type),Tipo de bloqueo de patas (product.metafields.shopify.leg-lock-type),Secciones de patas (product.metafields.shopify.leg-sections),Temperatura de la luz (product.metafields.shopify.light-temperature),Características de iluminación (product.metafields.shopify.lighting-features),Tipo de iluminación (product.metafields.shopify.lighting-type),Tipo de cerradura (product.metafields.shopify.lock-type),Tipo de fabricante (product.metafields.shopify.manufacturer-type),Material (product.metafields.shopify.material),Factor de forma del reproductor multimedia (product.metafields.shopify.media-player-form-factor),Tecnología de memoria (product.metafields.shopify.memory-technology),Diseño de micrófono (product.metafields.shopify.microphone-design),Tipo de micrófono (product.metafields.shopify.microphone-type),Material del montaje (product.metafields.shopify.mount-material),Características de montaje/soporte (product.metafields.shopify.mount-stand-features),Tipo de montura (product.metafields.shopify.mounting-type),Características de la alfombrilla de ratón (product.metafields.shopify.mouse-pad-features),Tecnología del ratón (product.metafields.shopify.mouse-technology),Características del ratón/bola de seguimiento (product.metafields.shopify.mouse-trackball-features),Calificación nacional/regional (product.metafields.shopify.national-regional-rating),Interfaz de cable de red (product.metafields.shopify.network-cable-interface),Protocolos de red compatibles (product.metafields.shopify.network-protocols-supported),Estándares de redes (product.metafields.shopify.networking-standards),Sistema operativo (product.metafields.shopify.operating-system),Zoom óptico (product.metafields.shopify.optical-zoom),Clasificación PEGI (product.metafields.shopify.pegi-rating),Tipo de enchufe (product.metafields.shopify.plug-type),Patrón polar (product.metafields.shopify.polar-pattern),Portabilidad (product.metafields.shopify.portability),Fuente de alimentación (product.metafields.shopify.power-source),Características del suministro de presentación (product.metafields.shopify.presentation-supply-features),Certificaciones y estándares del producto (product.metafields.shopify.product-certifications-standards),Grupo de edad recomendado (product.metafields.shopify.recommended-age-group),Código de región (product.metafields.shopify.region-code),Formatos de almacenamiento extraíbles compatibles (product.metafields.shopify.removable-storage-formats-supported),Estructura del asiento (product.metafields.shopify.seat-structure),Tipo de asiento (product.metafields.shopify.seat-type),Algoritmos de seguridad (product.metafields.shopify.security-algorithms),Tecnología de control SFX (product.metafields.shopify.sfx-control-technology),Forma (product.metafields.shopify.shape),Modos de disparo (product.metafields.shopify.shooting-modes),Características del reloj inteligente (product.metafields.shopify.smart-watch-features),Diseño de altavoces (product.metafields.shopify.speaker-design),Características del altavoz (product.metafields.shopify.speaker-features),Tecnología de altavoces (product.metafields.shopify.speaker-technology),Características del divisor/interruptor (product.metafields.shopify.splitter-switch-features),Interfaces de unidad de almacenamiento compatibles (product.metafields.shopify.storage-drive-interfaces-supported),Tipos de almacenamiento compatibles (product.metafields.shopify.storage-types-supported),Espacio adecuado (product.metafields.shopify.suitable-space),Diseño de cámara de vigilancia. (product.metafields.shopify.surveillance-camera-design),Tipo de montaje de cámara de vigilancia (product.metafields.shopify.surveillance-camera-mounting-type),Sexo objetivo (product.metafields.shopify.target-gender),Tema (product.metafields.shopify.theme),Material del juguete/juego (product.metafields.shopify.toy-game-material),Tipo de sintonizador (product.metafields.shopify.tuner-type),Tipo de conector USB (product.metafields.shopify.usb-connector-type),Estándar de USB (product.metafields.shopify.usb-standard),Códecs o formatos de video compatibles (product.metafields.shopify.video-codecs-formats-supported),Formato de videojuegos (product.metafields.shopify.video-game-format),Género de videojuegos (product.metafields.shopify.video-game-genre),Plataforma de videojuegos (product.metafields.shopify.video-game-platform),Subgénero de videojuegos (product.metafields.shopify.video-game-sub-genre),Resolución de video compatible (product.metafields.shopify.video-resolution-supported),Estilo de accesorio del reloj (product.metafields.shopify.watch-accessory-style),Pantalla de reloj (product.metafields.shopify.watch-display),Diseño de cámara web (product.metafields.shopify.webcam-design),Banda Wi-Fi (product.metafields.shopify.wi-fi-band),Estándar de Wi-Fi (product.metafields.shopify.wi-fi-standard),Variant Image,Variant Weight Unit,Variant Tax Code,Cost per item,Status
adaptador-otg-usb-a-a-usb-c,Adaptador OTG USB-A a USB-C,"<h2>Conectá tus accesorios USB-A a dispositivos USB-C</h2><p>El <strong>Adaptador OTG USB-A a USB-C</strong> te permite conectar cualquier dispositivo o accesorio con conector USB-A (pendrives, mouse, teclados, gamepads) a equipos que solo tienen puerto USB-C. Simple, compacto y listo para usar sin configuración.</p><h3>Beneficios clave</h3><ul>
<li>
<strong>Compatibilidad OTG:</strong> conecta accesorios USB-A a equipos con puerto USB-C</li>
<li>
<strong>Plug &amp; play:</strong> sin drivers ni instalación, funciona al instante</li>
<li>
<strong>Ultra compacto:</strong> solo 20g, ideal para llevar en el bolsillo o mochila</li>
<li>
<strong>Amplia compatibilidad:</strong> funciona con Android, Windows, macOS y ChromeOS</li>
</ul><h3>Casos de uso</h3><ul>
<li>Conectar un pendrive USB-A a tu celular o tablet con USB-C</li>
<li>Usar mouse o teclado USB en dispositivos móviles modernos</li>
<li>Transferir archivos entre dispositivos</li>
<li>Conectar gamepads o accesorios USB a notebooks con solo puertos USB-C</li>
</ul><h3>Especificaciones técnicas</h3><ul>
<li>Conector entrada: USB-A (macho)</li>
<li>Conector salida: USB-C (hembra)</li>
<li>Función: OTG (On-The-Go)</li>
<li>Peso: 20g</li>
</ul>",SIN MARCA,Uncategorized,Adaptadores,"accesorios celular, adaptador, mayorista, otg, usb, usb-c",true,Title,Default Title,,,,,,,,cm174,20.0,shopify,30,deny,manual,1420.00,,true,true,,,,,7890205001741,https://cdn.shopify.com/s/files/1/0796/0703/8180/files/ficha-otg-de-usb-tipo-c-macho-a-usb-3-0-tipo-a-hembra-ficha-otg-de-usb-tipo-c-macho-a-usb-3-0-tipo-a-hembra.jpg?v=1777411182,1,"",false,Adaptador OTG USB-A a USB-C | Conectividad Universal,"Adaptador OTG USB-A a USB-C. Conectá pendrives, mouse y teclados USB a tu celular o tablet con puerto USB-C. Plug & play y ultra compacto.",,,,,,,,,,,,,,,,,,,,,,,,,,,,,,,,,,,,,,,,,,,,,,,,,,,,,,,,,,,,,,,,,,,,,,,,,,,,,,,,,,,,,,,,,,,,,,,,,,,,,,,,,,,,,,,,,,,,,,,,,,,,,,,,,,,,,,,,,,,,,,,,,,,,g,,789.00,active
adaptador-otg-usb-a-a-usb-c,,,,,,,,,,,,,,,,,,,,,,,,,,,,,,,,https://cdn.shopify.com/s/files/1/0796/0703/8180/files/adaptador-otg-usb-tipo-c-type-c-usb-a-flash-driver.jpg?v=1777411182,2,"",,,,,,,,,,,,,,,,,,,,,,,,,,,,,,,,,,,,,,,,,,,,,,,,,,,,,,,,,,,,,,,,,,,,,,,,,,,,,,,,,,,,,,,,,,,,,,,,,,,,,,,,,,,,,,,,,,,,,,,,,,,,,,,,,,,,,,,,,,,,,,,,,,,,,,,,,,
adaptador-otg-usb-a-a-usb-c,,,,,,,,,,,,,,,,,,,,,,,,,,,,,,,,https://cdn.shopify.com/s/files/1/0796/0703/8180/files/44596.jpg?v=1777411182,3,"",,,,,,,,,,,,,,,,,,,,,,,,,,,,,,,,,,,,,,,,,,,,,,,,,,,,,,,,,,,,,,,,,,,,,,,,,,,,,,,,,,,,,,,,,,,,,,,,,,,,,,,,,,,,,,,,,,,,,,,,,,,,,,,,,,,,,,,,,,,,,,,,,,,,,,,,,,
cargador-kosmo-3-3a-3-usb-cable-lightning-iphone,Cargador Kosmo 3.3A 3 Puertos USB + Cable Lightning iPhone,"<h2>Cargá hasta 3 dispositivos al mismo tiempo</h2><p>El <strong>Cargador Kosmo 3.3A</strong> es la solución ideal para quienes necesitan cargar múltiples dispositivos desde un solo tomacorriente. Incluye <strong>3 puertos USB</strong> y viene con <strong>cable Lightning compatible con iPhone</strong>, listo para usar desde el primer momento.</p><h3>Beneficios clave</h3><ul>
<li>
<strong>3 puertos USB simultáneos:</strong> cargá celular, tablet y auriculares al mismo tiempo</li>
<li>
<strong>3.3A de potencia total:</strong> carga eficiente para múltiples dispositivos</li>
<li>
<strong>Incluye cable Lightning:</strong> compatible con iPhone y dispositivos Apple con conector Lightning</li>
<li>
<strong>Compacto y liviano:</strong> solo 90g, fácil de llevar de viaje o al trabajo</li>
<li>
<strong>Diseño universal:</strong> compatible con cualquier dispositivo que cargue por USB</li>
</ul><h3>Especificaciones técnicas</h3><ul>
<li>Corriente total de salida: 3.3A</li>
<li>Puertos: 3x USB-A</li>
<li>Cable incluido: Lightning (compatible iPhone)</li>
<li>Peso: 90g</li>
<li>SKU: KOS 3.3A IPH</li>
<li>Código de barras: 714604205913</li>
</ul><p>Perfecto para el hogar, la oficina o como regalo tecnológico práctico.</p>",KOSMO,Uncategorized,Cargadores,"cargador, iphone, kosmo, lightning, mayorista, usb",true,Title,Default Title,,,,,,,,KOS 3.3A IPH,90.0,shopify,20,deny,manual,4500.00,,true,true,,,,,714604205913,https://cdn.shopify.com/s/files/1/0796/0703/8180/files/WhatsAppImage2026-04-28at18.11.40.jpg?v=1777410865,1,"",false,Cargador Kosmo 3.3A 3 USB + Cable Lightning iPhone | Kosmo,Cargador Kosmo 3.3A con 3 puertos USB y cable Lightning para iPhone incluido. Cargá hasta 3 dispositivos a la vez. Compacto y eficiente.,,,,,,,,,,,,,,,,,,,,,,,,,,,,,,,,,,,,,,,,,,,,,,,,,,,,,,,,,,,,,,,,,,,,,,,,,,,,,,,,,,,,,,,,,,,,,,,,,,,,,,,,,,,,,,,,,,,,,,,,,,,,,,,,,,,,,,,,,,,,,,,,,,,,g,,2803.00,active
cargador-kosmo-3-3a-3-usb-cable-lightning-iphone,,,,,,,,,,,,,,,,,,,,,,,,,,,,,,,,https://cdn.shopify.com/s/files/1/0796/0703/8180/files/WhatsAppImage2026-04-28at18.11.39.jpg?v=1777410881,2,"",,,,,,,,,,,,,,,,,,,,,,,,,,,,,,,,,,,,,,,,,,,,,,,,,,,,,,,,,,,,,,,,,,,,,,,,,,,,,,,,,,,,,,,,,,,,,,,,,,,,,,,,,,,,,,,,,,,,,,,,,,,,,,,,,,,,,,,,,,,,,,,,,,,,,,,,,,
cargador-kosmo-3-3a-3-usb-cable-lightning-iphone,,,,,,,,,,,,,,,,,,,,,,,,,,,,,,,,https://cdn.shopify.com/s/files/1/0796/0703/8180/files/WhatsAppImage2026-04-28at18.11.37.jpg?v=1777410866,3,"",,,,,,,,,,,,,,,,,,,,,,,,,,,,,,,,,,,,,,,,,,,,,,,,,,,,,,,,,,,,,,,,,,,,,,,,,,,,,,,,,,,,,,,,,,,,,,,,,,,,,,,,,,,,,,,,,,,,,,,,,,,,,,,,,,,,,,,,,,,,,,,,,,,,,,,,,,
transmisor-receptor-bluetooth-noga-ng-rbt04,Transmisor Receptor Bluetooth Noga NG-RBT04,"<h2>Conectividad inalámbrica para cualquier dispositivo de audio</h2><p>El <strong>Transmisor/Receptor Bluetooth Noga NG-RBT04</strong> te permite convertir cualquier equipo de audio con entrada AUX en un dispositivo inalámbrico. Conectá auriculares, parlantes o sistemas de sonido sin cables, con una calidad de audio clara y estable.</p><h3>Beneficios clave</h3><ul>
<li>
<strong>2 en 1:</strong> funciona como transmisor y como receptor Bluetooth</li>
<li>
<strong>Compatibilidad universal:</strong> se conecta a cualquier dispositivo con entrada de 3.5mm</li>
<li>
<strong>Fácil de usar:</strong> plug &amp; play, sin instalación de drivers</li>
<li>
<strong>Liviano y compacto:</strong> solo 55g, ideal para llevar a cualquier lado</li>
<li>
<strong>Marca Noga:</strong> referente en accesorios tecnológicos accesibles en Argentina</li>
</ul><h3>Casos de uso</h3><ul>
<li>Convertir parlantes con cable en inalámbricos</li>
<li>Usar auriculares Bluetooth en TV, PC o auto sin Bluetooth nativo</li>
<li>Transmitir audio desde celular o tablet a equipos de sonido</li>
</ul><h3>Especificaciones técnicas</h3><ul>
<li>Modelo: NG-RBT04</li>
<li>Conectividad: Bluetooth</li>
<li>Conector: 3.5mm AUX</li>
<li>Peso: 55g</li>
<li>Código de barras: 7798137713674</li>
</ul>",NOGA,Electronics > Video > Video Transmitters > FPV Video Transmitters,Accesorios de Audio,"audio inalambrico, bluetooth, mayorista, noga, receptor, transmisor",true,Title,Default Title,,,,,,,,ng-rbt04,55.0,shopify,9,deny,manual,13500.00,,true,true,,,,,7798137713674,https://cdn.shopify.com/s/files/1/0796/0703/8180/files/ng-rbt04-pack2026-8b747af96fc697884317593283530866-1024-1024.webp?v=1777405304,1,"",false,Transmisor Receptor Bluetooth Noga NG-RBT04 | Audio Inalámbrico,"Transmisor y receptor Bluetooth Noga NG-RBT04. Convertí cualquier parlante o auricular con AUX en inalámbrico. Compacto, plug & play.",,,,,,,,,,,,,,,,,,,,,,,,,,,,,,,,,,,,,,,,,,,negro,,,,,,,,,,,,,,3-5-mm,,,,,,,,,,,,,,,,,,,,,,,,,,,,,,,,,,,,,,,,,,,,,,,,,,,,,,,,,,,,,,,,,,,,,,,,,,,,,,,,,,,,,,,,,,,g,,8792.00,active
transmisor-receptor-bluetooth-noga-ng-rbt04,,,,,,,,,,,,,,,,,,,,,,,,,,,,,,,,https://cdn.shopify.com/s/files/1/0796/0703/8180/files/ng-rbt04-plugs-c6cf57ada88239f55f17592525144111-1024-1024.webp?v=1777405304,2,"",,,,,,,,,,,,,,,,,,,,,,,,,,,,,,,,,,,,,,,,,,,,,,,,,,,,,,,,,,,,,,,,,,,,,,,,,,,,,,,,,,,,,,,,,,,,,,,,,,,,,,,,,,,,,,,,,,,,,,,,,,,,,,,,,,,,,,,,,,,,,,,,,,,,,,,,,,
transmisor-receptor-bluetooth-noga-ng-rbt04,,,,,,,,,,,,,,,,,,,,,,,,,,,,,,,,https://cdn.shopify.com/s/files/1/0796/0703/8180/files/ng-rbt04-usb-39ead1658c2126f05917592525096158-1024-1024.webp?v=1777405303,3,"",,,,,,,,,,,,,,,,,,,,,,,,,,,,,,,,,,,,,,,,,,,,,,,,,,,,,,,,,,,,,,,,,,,,,,,,,,,,,,,,,,,,,,,,,,,,,,,,,,,,,,,,,,,,,,,,,,,,,,,,,,,,,,,,,,,,,,,,,,,,,,,,,,,,,,,,,,
transmisor-receptor-bluetooth-noga-ng-rbt04,,,,,,,,,,,,,,,,,,,,,,,,,,,,,,,,https://cdn.shopify.com/s/files/1/0796/0703/8180/files/ng-rbt04-angulo-f9bac5c494dd2e662a17592524997875-1024-1024.webp?v=1777405304,4,"",,,,,,,,,,,,,,,,,,,,,,,,,,,,,,,,,,,,,,,,,,,,,,,,,,,,,,,,,,,,,,,,,,,,,,,,,,,,,,,,,,,,,,,,,,,,,,,,,,,,,,,,,,,,,,,,,,,,,,,,,,,,,,,,,,,,,,,,,,,,,,,,,,,,,,,,,,
estabilizador-forza-1200va-fvr-1202a,Estabilizador de Tensión Forza 1200VA FVR-1202A,"<h2>Protección confiable para tus equipos electrónicos</h2><p>El <strong>Estabilizador Forza 1200VA FVR-1202A</strong> regula y estabiliza la tensión eléctrica, protegiendo tus dispositivos de fluctuaciones, picos y caídas de voltaje que pueden dañar equipos sensibles como PCs, monitores, consolas y electrodomésticos.</p><h3>Beneficios clave</h3><ul>
<li>
<strong>Protección automática:</strong> detecta y corrige variaciones de voltaje en tiempo real</li>
<li>
<strong>Capacidad 1200VA:</strong> ideal para computadoras de escritorio, monitores y periféricos</li>
<li>
<strong>Regulación de tensión:</strong> mantiene una salida estable incluso ante fluctuaciones de red</li>
<li><strong>Protección contra sobretensión y cortocircuito</strong></li>
<li>
<strong>Indicadores LED</strong> de estado de operación</li>
<li>
<strong>Marca Forza:</strong> reconocida en protección eléctrica para el mercado latinoamericano</li>
</ul><h3>Especificaciones técnicas</h3><ul>
<li>Capacidad: 1200VA</li>
<li>Modelo: FVR-1202A</li>
<li>Peso: 1.615 kg</li>
<li>Código de barras: 798302107908</li>
</ul><p>Ideal para hogares, oficinas y entornos de gaming donde la estabilidad eléctrica es crítica para el rendimiento y la vida útil de los equipos.</p>",FORZA,Electronics > Electronics Accessories > Power > Voltage Regulators & Stabilizers,Estabilizadores de Tensión,"1200va, estabilizador, forza, mayorista, proteccion electrica, regulador de tension",true,Title,Default Title,,,,,,,,FVR-1202A,1615.0,shopify,2,deny,manual,50170.00,,true,true,,,,,798302107908,https://cdn.shopify.com/s/files/1/0796/0703/8180/files/REGULADOR-DE-VOLTAJE-FORZA-FVR-1202A.png?v=1777403743,1,"",false,Estabilizador Forza 1200VA FVR-1202A | Protección de Tensión,"Estabilizador de tensión Forza 1200VA FVR-1202A. Protege PCs, monitores y consolas de fluctuaciones eléctricas. Ideal para gaming y oficina.",,,,,,,,,,,,,,,,,,,,,,,,,,,,,,,,,,,,,,,,,,,negro,,,,,,,,,,,,,,,,,,,,,,,,,,,,,,,,,,,,,,,,,,,,plastico,,,,,,,,,,,,,,,,,,,,,alimentado-por-ca,,,,,,,,,,,,,,,,,,,,,,,,,,,,,,,,,,,,,,,,g,,33447.00,active
estabilizador-forza-1200va-fvr-1202a,,,,,,,,,,,,,,,,,,,,,,,,,,,,,,,,https://cdn.shopify.com/s/files/1/0796/0703/8180/files/estabilizador-forza-fvr-1202a-reg-1200va-600w.jpg?v=1777403772,2,"",,,,,,,,,,,,,,,,,,,,,,,,,,,,,,,,,,,,,,,,,,,,,,,,,,,,,,,,,,,,,,,,,,,,,,,,,,,,,,,,,,,,,,,,,,,,,,,,,,,,,,,,,,,,,,,,,,,,,,,,,,,,,,,,,,,,,,,,,,,,,,,,,,,,,,,,,,
estabilizador-forza-1200va-fvr-1202a,,,,,,,,,,,,,,,,,,,,,,,,,,,,,,,,https://cdn.shopify.com/s/files/1/0796/0703/8180/files/ForzaEstabilizadorFVR-1202A2.jpg?v=1777403743,3,"",,,,,,,,,,,,,,,,,,,,,,,,,,,,,,,,,,,,,,,,,,,,,,,,,,,,,,,,,,,,,,,,,,,,,,,,,,,,,,,,,,,,,,,,,,,,,,,,,,,,,,,,,,,,,,,,,,,,,,,,,,,,,,,,,,,,,,,,,,,,,,,,,,,,,,,,,,
estabilizador-forza-1200va-fvr-1202a,,,,,,,,,,,,,,,,,,,,,,,,,,,,,,,,https://cdn.shopify.com/s/files/1/0796/0703/8180/files/678208-MLA45743826788_042021-F.jpg?v=1777403743,4,"",,,,,,,,,,,,,,,,,,,,,,,,,,,,,,,,,,,,,,,,,,,,,,,,,,,,,,,,,,,,,,,,,,,,,,,,,,,,,,,,,,,,,,,,,,,,,,,,,,,,,,,,,,,,,,,,,,,,,,,,,,,,,,,,,,,,,,,,,,,,,,,,,,,,,,,,,,
lampara-led-giratora-de-colores,Lámpara LED Giratoria Multicolor – Conexión E27 – Giro Automático,"<h2>Iluminá tu ambiente con movimiento y color</h2><p>Esta lámpara LED giratoria transforma cualquier espacio en un ambiente dinámico y colorido. Con conexión estándar <strong>E27</strong>, se instala en segundos en cualquier portalámparas convencional.</p><h3>Características principales</h3><ul>
<li>🌈 <strong>Multicolor</strong> – proyecta múltiples colores en rotación</li>
<li>🔄 <strong>Giro automático</strong> – movimiento continuo sin intervención</li>
<li>🔌 <strong>Conexión E27</strong> – compatible con la mayoría de los portalámparas del hogar</li>
<li>💡 Tecnología LED – bajo consumo y larga vida útil</li>
<li>🎉 Ideal para fiestas, habitaciones, ambientes lounge y decoración</li>
</ul><p>Un accesorio simple que genera un efecto visual impactante al instante.</p>",SIN MARCA,Home & Garden > Lighting > Light Bulbs > LED Light Bulbs,Iluminación LED,"decoracion, e27, giratoria, iluminacion, lampara led, mayorista, multicolor",true,Title,Default Title,,,,,,,,OS-25,100.0,shopify,4,deny,manual,2205.00,,true,true,,,,,"",https://cdn.shopify.com/s/files/1/0796/0703/8180/files/fila44_principal1-69ca0166bfca1dd93a16234098060014-1024-1024.webp?v=1776435866,1,"",false,Lámpara LED Giratoria Multicolor E27 Giro Automático – Parquelectro,Lámpara LED giratoria multicolor con conexión E27 y giro automático. Ideal para fiestas y decoración. Comprá en Parquelectro.,,,,,,,,,,,,,,,,,,,,,,,,,,,,,e27,clara,globo,,,,,,,,,,,,blanco,,,,,,,,,,,,,,,,,,,,,,,,,,,,,,,,,,,,,,,,,,,,,,,,,,,,,,,,,,,,,,,,,,,,,,,,,,,,,,,,,,,,,,,,,,,,,,,,,,,,,,,,,g,,1381.00,active
lampara-led-giratora-de-colores,,,,,,,,,,,,,,,,,,,,,,,,,,,,,,,,https://cdn.shopify.com/s/files/1/0796/0703/8180/files/WhatsApp_Image_2026-04-17_at_11.25.01.jpg?v=1776435938,2,"",,,,,,,,,,,,,,,,,,,,,,,,,,,,,,,,,,,,,,,,,,,,,,,,,,,,,,,,,,,,,,,,,,,,,,,,,,,,,,,,,,,,,,,,,,,,,,,,,,,,,,,,,,,,,,,,,,,,,,,,,,,,,,,,,,,,,,,,,,,,,,,,,,,,,,,,,,
tv-box-time-con-comando-de-voz,TV Box TIME 4K Ultra HD con Control por Voz – 2GB RAM / 16GB / WiFi Dual Band,"<h2>Convertí tu TV en un Smart TV con el TV Box TIME</h2><p>Disfrutá contenido en resolución <strong>4K Ultra HD</strong> con control por voz integrado, conectividad WiFi de doble banda y almacenamiento amplio para tus apps favoritas.</p><h3>Características principales</h3><ul>
<li>🎬 <strong>Resolución Ultra HD 4K</strong> – imagen nítida y detallada</li>
<li>🎙️ <strong>Control por voz integrado</strong> – navegá sin esfuerzo</li>
<li>💾 <strong>2GB RAM DDR3 + 16GB de almacenamiento</strong> – fluidez y espacio para tus apps</li>
<li>📶 <strong>WiFi Dual Band 2.4G / 5G</strong> – conexión estable y rápida</li>
<li>📦 Listo para usar – conectá y disfrutá</li>
</ul><p>Ideal para transformar cualquier televisor en un centro de entretenimiento completo.</p>",TIME,Electronics > Video > Video Players & Recorders > Streaming & Home Media Players,TV Box,"4k, android box, control por voz, mayorista, smart tv, time, tv box",true,Title,Default Title,,,,,,,,TVB-48023,235.0,shopify,0,deny,manual,40200.00,45000.00,true,true,,,,,723540564671,https://cdn.shopify.com/s/files/1/0796/0703/8180/files/WhatsAppImage2026-04-17at10.22.25.jpg?v=1776432270,1,"",false,TV Box TIME 4K Ultra HD Control por Voz 2GB 16GB WiFi Dual – Parquelectro,"TV Box TIME 4K Ultra HD con control por voz, 2GB RAM, 16GB, WiFi Dual Band 2.4G/5G. Convertí tu TV en Smart TV. Comprá en Parquelectro.",,,,,,,,,,,,,,,,,,,,,,,,,,,,,,,,,,,,,,,,,,,negro,,,,,,,,wi-fi; usb,,,,,,,,,,,,,,,,,,,,,,,,,,,,,,,,,,,,,decodificador,,,,,,,,,,,,,,android,,,,,,,,,,,,,,,,,,,,,,,,,,,,,,,,,,,,,,,4k-ultra-hd,,,,,802-11a; 802-11n; 802-11ac,,g,,26769.00,active
tv-box-time-con-comando-de-voz,,,,,,,,,,,,,,,,,,,,,,,,,,,,,,,,https://cdn.shopify.com/s/files/1/0796/0703/8180/files/WhatsAppImage2026-04-17at10.22.25_1.jpg?v=1776432270,2,"",,,,,,,,,,,,,,,,,,,,,,,,,,,,,,,,,,,,,,,,,,,,,,,,,,,,,,,,,,,,,,,,,,,,,,,,,,,,,,,,,,,,,,,,,,,,,,,,,,,,,,,,,,,,,,,,,,,,,,,,,,,,,,,,,,,,,,,,,,,,,,,,,,,,,,,,,,
tira-led-neon-rgb-x5-metros-marca-time,Tira LED Neon RGB 5 Metros – TIME,"<h2>Iluminación neon RGB para transformar cualquier ambiente</h2><p>La tira LED Neon RGB de 5 metros de la marca TIME te permite crear efectos de luz vibrantes y personalizados en tu hogar, oficina, habitación gamer o local comercial. Flexible, fácil de instalar y con colores que impactan.</p><ul>
<li>5 metros de tira LED neon efecto RGB</li>
<li>Múltiples colores y modos de iluminación</li>
<li>Flexible y cortable a medida</li>
<li>Ideal para decoración de ambientes, setups gamers y locales</li>
<li>Fácil instalación con cinta adhesiva incluida</li>
<li>Marca TIME, distribuida en el mercado local</li>
</ul><p>Dale vida a tus espacios con una iluminación llamativa y de bajo consumo.</p>",TIME,Home & Garden > Lighting > Light Ropes & Strings > Rope Lights,Iluminación LED,"decoracion led, iluminacion, led neon, mayorista, rgb, tira led",true,Title,Default Title,,,,,,,,TMFT 3008,480.0,shopify,2,deny,manual,10560.00,12000.00,true,true,,,,,"",https://cdn.shopify.com/s/files/1/0796/0703/8180/files/kit-tira-de-led-neon-rgb-con-controladora-fuente-5mts_adf7e6c5-c24a-49b0-b6b4-68969f9e49e7.jpg?v=1776377991,1,"",false,Tira LED Neon RGB 5 Metros TIME – Decoración y Gaming,"Tira LED Neon RGB de 5 metros marca TIME. Multicolor, flexible y fácil de instalar. Ideal para habitaciones, setups gamers y locales comerciales.",,,,,,,,,,,,,,,,,,,,,,,,,,,,,,,,,,,,,,,,,,,,,,,,,,,,,,,,,,,,,,,,,,,,,,,,,,,,,,,,,,,,,,,,,,,,,,,,,,,,,,,,,,,,,,,,,,,,,,,,,,,,,,,,,,,,,,,,,,,,,,,,,,,,g,,7040.00,active
tira-led-neon-rgb-x5-metros-marca-time,,,,,,,,,,,,,,,,,,,,,,,,,,,,,,,,https://cdn.shopify.com/s/files/1/0796/0703/8180/files/SV-STRIP_823f9b6e-c90e-470c-9af3-070b4ac5d76b.jpg?v=1776377991,2,"",,,,,,,,,,,,,,,,,,,,,,,,,,,,,,,,,,,,,,,,,,,,,,,,,,,,,,,,,,,,,,,,,,,,,,,,,,,,,,,,,,,,,,,,,,,,,,,,,,,,,,,,,,,,,,,,,,,,,,,,,,,,,,,,,,,,,,,,,,,,,,,,,,,,,,,,,,
cargador-de-notebook-universal-marca-time,Cargador de Notebook Universal – TIME,"<h2>Cargá tu notebook sin preocuparte por la marca o el modelo</h2><p>El cargador universal para notebook de la marca TIME es compatible con la gran mayoría de las notebooks del mercado. Con múltiples puntas intercambiables y voltaje automático, es la solución ideal para el hogar, la oficina o como repuesto de emergencia.</p><ul>
<li>Compatible con la mayoría de las marcas: HP, Dell, Lenovo, Asus, Acer y más</li>
<li>Voltaje automático para adaptarse a cada equipo</li>
<li>Incluye múltiples puntas intercambiables</li>
<li>Peso liviano: 280 g, fácil de transportar</li>
<li>Marca TIME, distribuida en el mercado local</li>
</ul><p>Perfecto como cargador de repuesto o para tener uno extra en el trabajo o en casa.</p>",TIME,Electronics > Electronics Accessories > Power > Power Adapters & Chargers > Laptop Chargers,Cargadores,"adaptador cargador, cargador laptop, cargador notebook, mayorista, time, universal",true,Title,Default Title,,,,,,,,TMCN 901,280.0,shopify,4,deny,manual,11500.00,,true,true,,,,,723540566699,https://cdn.shopify.com/s/files/1/0796/0703/8180/files/TMCN901.jpg?v=1776375870,1,"",false,Cargador Universal para Notebook TIME – Multi Marca,"Cargador universal para notebook marca TIME. Compatible con HP, Dell, Lenovo, Asus, Acer y más. Voltaje automático y múltiples puntas incluidas.",,,,,,,,,,,,,,,,,,,,,,,,,,,,,,,,,,,,,,,,,,,negro,,,,,,,,,,,,masculino,,,,,,,,,,,,,,,,,,,,,,,,,,,,,,,,plastico,,,,,,,,,,,,,,,,,,,,,alimentado-por-ca,,,,,,,,,,,,,,,,,,,,,,,,,,,,,,,,,,,,,,,,g,,,active
cable-conversor-vga-a-hdmi-mas-audio-noga,Cable Conversor VGA a HDMI con Audio – NOGA,"<h2>Convertí tu señal VGA a HDMI con audio incluido</h2><p>Conectá tu PC, notebook o monitor con salida VGA a cualquier pantalla o TV con entrada HDMI de forma simple y sin drivers. El cable conversor NOGA transmite video y audio en un solo adaptador compacto.</p><ul>
<li>Convierte señal VGA + audio a HDMI</li>
<li>Compatible con PC, notebooks, proyectores y monitores</li>
<li>No requiere instalación de drivers</li>
<li>Diseño compacto y liviano (55 g)</li>
<li>Marca NOGA, reconocida en el mercado local</li>
</ul><p>Ideal para conectar equipos antiguos con salida VGA a monitores o televisores modernos con HDMI.</p>",NOGA,Electronics > Electronics Accessories > Adapters > Audio & Video Cable Adapters & Couplers,"","adaptador hdmi, cable adaptador, cable vga hdmi, conversor vga, mayorista, noga",true,Title,Default Title,,,,,,,,HDMI-VGA,55.0,shopify,21,deny,manual,3360.00,,true,true,,,,,7798137711953,https://cdn.shopify.com/s/files/1/0796/0703/8180/files/hdmi-vga-cable-ce9aef9c5b33d3231b17473248967116-1024-1024.webp?v=1776375157,1,"",false,Cable Conversor VGA a HDMI con Audio NOGA – Sin Drivers,"Convertí señal VGA a HDMI con audio incluido. Compatible con PC, notebooks y proyectores. Sin instalación de drivers. Marca NOGA.",,,,,,,,,,,,,,unidireccional,,,,,,,,,,,,,,,,,,,,,,,,,,,,,negro,,,,,,,,,vga; hdmi,hdmi,,macho-a-hembra,liso,vga; hdmi; usb; 3-5-mm,,,,,,,,,,,,,,,,,,,,,,,,,,,,,,plastico; metal,,,,,,,,,,,,,,,,,,,,,usb,,,,,,,,,,,,,,,,,,,,,,,,,,,,,,,,,,,,,,,,g,,2240.00,active
cable-conversor-vga-a-hdmi-mas-audio-noga,,,,,,,,,,,,,,,,,,,,,,,,,,,,,,,,https://cdn.shopify.com/s/files/1/0796/0703/8180/files/hdmi-vga-pack-384d3ea45383fad45517473249046145-1024-1024.webp?v=1776375157,2,"",,,,,,,,,,,,,,,,,,,,,,,,,,,,,,,,,,,,,,,,,,,,,,,,,,,,,,,,,,,,,,,,,,,,,,,,,,,,,,,,,,,,,,,,,,,,,,,,,,,,,,,,,,,,,,,,,,,,,,,,,,,,,,,,,,,,,,,,,,,,,,,,,,,,,,,,,,
joystick-para-ps4-inalambrico-replica-ps4,Joystick Inalámbrico para PS4 – Control Compatible Réplica,"<h2>Control inalámbrico compatible con PS4</h2><p>Jugá sin cables y con total libertad de movimiento. Este joystick réplica para PS4 ofrece una experiencia de juego fluida y cómoda, ideal para partidas largas.</p><ul>
<li>Conexión inalámbrica estable</li>
<li>Diseño ergonómico compatible con PS4 y PS4 Pro</li>
<li>Botones de respuesta rápida y gatillos precisos</li>
<li>Vibración dual para mayor inmersión</li>
<li>Batería recargable incluida</li>
</ul><p>Perfecto para quienes buscan un control de repuesto o un segundo mando a un precio accesible.</p>",SIN MARCA,Electronics > Video Game Console Accessories > Home Game Console Accessories > Home Game Console Controllers,"","compatible ps4, control inalámbrico, gamepad, joystick, mayorista, ps4",true,Title,Default Title,,,,,,,,CUH-ZCT2E,300.0,shopify,3,deny,manual,19500.00,,true,true,,,,,711719870258,https://cdn.shopify.com/s/files/1/0796/0703/8180/files/WhatsAppImage2026-04-16at18.21.13.jpg?v=1776374556,1,"",false,Joystick Inalámbrico PS4 Compatible – Control Réplica,"Control inalámbrico compatible con PS4 y PS4 Pro. Diseño ergonómico, vibración dual y batería recargable. Ideal como mando de repuesto o segundo control.",,,,,,,,,,,,,,,,,,,,,,,,,,,,,,,,,,,,,,,,,,,negro,,,,,,,,inalambrico,,,,,,,,,,,,,,,,,,,,,,,,,,,,,,,,,,,,plastico,,,,,,,,,,,,,,,,,,,,,,,,,,,,,,,,,,,,,,,,,,,,,,,,,,,,playstation-4,,,,,,,,,g,,12548.00,active
soporte-pie-original-dell-mfs22-monitor,"Soporte Pie Original Dell MFS22 – Monitores 19"" a 27"" | VESA 100x100","<p>Soporte pie original Dell MFS22, diseñado para ofrecer ergonomía, estabilidad y compatibilidad amplia en tu escritorio.</p><ul>
<li>Admite monitores de <strong>19"" a 27""</strong> con peso entre 2,2 kg y 5,8 kg</li>
<li>Conexión <strong>Dell Quick Release</strong>: montaje directo sin herramientas para modelos Dell compatibles</li>
<li>Incluye adaptador <strong>VESA 100x100 mm</strong> para monitores de otras marcas o modelos sin Quick Release</li>
<li>Permite montar microcomputadoras Dell en la parte posterior (sistema All-in-One)</li>
</ul><p><strong>Series de monitores Dell recomendadas:</strong></p><ul>
<li>Serie UltraSharp (U) – alto rendimiento y precisión de color</li>
<li>Serie P (Professional) – productividad de oficina</li>
<li>Serie E (Essential) – tareas cotidianas</li>
<li>Serie C (Collaboration) – monitores con cámara y altavoces</li>
</ul><p><strong>Microcomputadoras compatibles (montaje posterior):</strong></p><ul>
<li>OptiPlex Micro: Series 3000, 5000, 7000 (incl. 7010 y 7020)</li>
<li>Dell Pro Micro: QCM1250, QCM1255 y Plus QBM1250</li>
<li>OptiPlex Thin Client: Serie 3000</li>
</ul><p>Marca: DELL | SKU: MFS22</p>",DELL,Electronics > Video > Video Accessories > Television Parts & Accessories > TV & Monitor Mounts,Soporte para Monitor,"dell, mayorista, mfs22, soporte monitor, vesa",true,Title,Default Title,,,,,,,,MFS22,4585.0,shopify,4,deny,manual,47000.00,89000.00,true,true,,,,,5397184620892,https://cdn.shopify.com/s/files/1/0796/0703/8180/files/7212687.avif?v=1776179043,1,"",false,"Soporte Pie Original Dell MFS22 Monitores 19 a 27"" VESA 100x100 – Parquelectro","Soporte pie original Dell MFS22 para monitores de 19"" a 27"". Quick Release + adaptador VESA 100x100. Compatible con series U, P, E y C. Comprá en Parquelectro.",,,,,,,,,,,,,,,,,,,,,,,,,,,,,,,,,,,,,,,,,,,negro,,,,,,,,,,,,,,,,,,,,,,,,,,,,,,,,,,,,,,,,,,,,,,,,,,facil-de-instalar; angulo-regulable; dimensiones-regulables,,,,,,,,,,,,,,,,,,,,,,,,,,,,,,,,,,,,,,,,,,,,,,,,,,,,,,,g,,,active
soporte-pie-original-dell-mfs22-monitor,,,,,,,,,,,,,,,,,,,,,,,,,,,,,,,,https://cdn.shopify.com/s/files/1/0796/0703/8180/files/2023-05-2209-54-4098.jpg?v=1776179043,2,"",,,,,,,,,,,,,,,,,,,,,,,,,,,,,,,,,,,,,,,,,,,,,,,,,,,,,,,,,,,,,,,,,,,,,,,,,,,,,,,,,,,,,,,,,,,,,,,,,,,,,,,,,,,,,,,,,,,,,,,,,,,,,,,,,,,,,,,,,,,,,,,,,,,,,,,,,,
soporte-pie-original-dell-mfs22-monitor,,,,,,,,,,,,,,,,,,,,,,,,,,,,,,,,https://cdn.shopify.com/s/files/1/0796/0703/8180/files/1173.avif?v=1776179044,3,"",,,,,,,,,,,,,,,,,,,,,,,,,,,,,,,,,,,,,,,,,,,,,,,,,,,,,,,,,,,,,,,,,,,,,,,,,,,,,,,,,,,,,,,,,,,,,,,,,,,,,,,,,,,,,,,,,,,,,,,,,,,,,,,,,,,,,,,,,,,,,,,,,,,,,,,,,,
soporte-pie-original-dell-mfs22-monitor,,,,,,,,,,,,,,,,,,,,,,,,,,,,,,,,https://cdn.shopify.com/s/files/1/0796/0703/8180/files/51TZ1RgGtoL._AC_UF8941000_QL80.jpg?v=1776179043,4,"",,,,,,,,,,,,,,,,,,,,,,,,,,,,,,,,,,,,,,,,,,,,,,,,,,,,,,,,,,,,,,,,,,,,,,,,,,,,,,,,,,,,,,,,,,,,,,,,,,,,,,,,,,,,,,,,,,,,,,,,,,,,,,,,,,,,,,,,,,,,,,,,,,,,,,,,,,
base-cargadora-joystick-xbox-one-slim-x-mimd-snd-400,Base Cargadora para Joystick Xbox One / Slim / X MIMD SND-400 + 2 Baterías,"<p>Cargá tus controles de Xbox sin cables sueltos ni pilas descartables.</p><ul>
<li>Compatible con joystick Xbox One, Xbox One Slim y Xbox One X</li>
<li>Carga simultánea de 2 controles</li>
<li>Incluye 2 baterías recargables</li>
<li>Indicador LED de estado de carga</li>
<li>Marca: MIMD | SKU: SND-400</li>
</ul><p><strong>⚠️ Producto Outlet:</strong> Una de las 2 baterías incluidas presenta fallas. La base cargadora y el resto de los componentes funcionan correctamente. Precio reducido por esta condición.</p>",MIMD,Electronics > Video Game Console Accessories > Charging Docks,Accesorio Gaming,"cargador, gaming, joystick, mayorista, xbox",true,Title,Default Title,,,,,,,,SND-400,360.0,shopify,1,deny,manual,9000.00,17800.00,true,true,,,,,6220171214110,https://cdn.shopify.com/s/files/1/0796/0703/8180/files/WhatsAppImage2026-04-14at11.50.09_1.jpg?v=1776178773,1,"",false,Base Cargadora Joystick Xbox One Slim X + 2 Baterías MIMD SND-400 – Parquelectro,"Base cargadora MIMD SND-400 para joystick Xbox One, Slim y X. Carga 2 controles simultáneamente + 2 baterías incluidas. Comprá en Parquelectro.",,,,,,,,,,,,,,,,,,,,,,,,,,,,,,,,,,,,,,,,,,,negro,,,,,,,,,,,,,,usb,,,,,,,,,,,,,,,,,,,,,,,,,,,,,,,,,,,,,,,,,,,,,,,,,,,,,,,,,,,,,,,,,,,,,,,,,,,,,,,,,,,,,,,,,,,g,,,active
base-cargadora-joystick-xbox-one-slim-x-mimd-snd-400,,,,,,,,,,,,,,,,,,,,,,,,,,,,,,,,https://cdn.shopify.com/s/files/1/0796/0703/8180/files/WhatsAppImage2026-04-14at11.50.09.jpg?v=1776178773,2,"",,,,,,,,,,,,,,,,,,,,,,,,,,,,,,,,,,,,,,,,,,,,,,,,,,,,,,,,,,,,,,,,,,,,,,,,,,,,,,,,,,,,,,,,,,,,,,,,,,,,,,,,,,,,,,,,,,,,,,,,,,,,,,,,,,,,,,,,,,,,,,,,,,,,,,,,,,
subwoofer-bluetooth-5-seisa-yx-bs518-120w,"Subwoofer Bluetooth 5"" SEISA YX-BS518 – 120W MPO | 220V / 12V / 24V","<p>Graves potentes y conectividad inalámbrica en un subwoofer compacto y versátil.</p><ul>
<li>Woofer de 5 pulgadas con respuesta de graves optimizada</li>
<li>Potencia: 120W MPO</li>
<li>Conectividad Bluetooth inalámbrica</li>
<li>Alimentación triple: 220V (hogar), 12V y 24V (auto / camión)</li>
<li>Ideal para uso doméstico, vehicular y aplicaciones móviles</li>
<li>Marca: SEISA | SKU: YX-BS518</li>
</ul>",SEISA,Electronics > Audio > Audio Components > Speakers,Parlante,"bluetooth, mayorista, parlante, seisa, subwoofer",true,Title,Default Title,,,,,,,,YX-BS518,1400.0,shopify,1,deny,manual,29500.00,,true,true,,,,,6290132592069,https://cdn.shopify.com/s/files/1/0796/0703/8180/files/ca657d0626d6b6ffd5de4a342e1ff5df.webp?v=1776177537,1,"",false,"Subwoofer Bluetooth 5"" 120W SEISA YX-BS518 220V 12V 24V – Parquelectro","Subwoofer Bluetooth SEISA de 5"" y 120W MPO con alimentación 220V, 12V y 24V. Graves potentes para hogar y vehículo. Comprá en Parquelectro.",,,,,,,,,,,,,,,,,,,audio-para-el-hogar; audio-para-automoviles; audio-portatil,,,,,,,,,,,,,,,,,,,,,,,,negro,,,,,,,,bluetooth; inalambrico,,,,,,bluetooth,,,,,,,,,,,,,,,,,,,,,,,,,,,,,,,,,,,,,independiente; portatil,,,,,,,,,,,,,,alimentado-por-ca; alimentado-por-cc,,,,,,,,,,,,,subwoofer,subwoofer; control-del-volumen,dinamico,,,,,,,,,,,,,,,,,,,,,,,,,g,,,active
subwoofer-bluetooth-5-seisa-yx-bs518-120w,,,,,,,,,,,,,,,,,,,,,,,,,,,,,,,,https://cdn.shopify.com/s/files/1/0796/0703/8180/files/f25d043bc00ad9918a04ee66ff089628.webp?v=1776177537,2,"",,,,,,,,,,,,,,,,,,,,,,,,,,,,,,,,,,,,,,,,,,,,,,,,,,,,,,,,,,,,,,,,,,,,,,,,,,,,,,,,,,,,,,,,,,,,,,,,,,,,,,,,,,,,,,,,,,,,,,,,,,,,,,,,,,,,,,,,,,,,,,,,,,,,,,,,,,
cable-de-red-utp-cat-5e-noga-patch-cord-rj45,Cable de Red UTP Cat 5e Noga – Patch Cord RJ45,"<h2>Conectividad estable y confiable para tu red hogareña o de oficina</h2><p>El cable de red Noga Cat 5e es la solución ideal para conectar tu PC, notebook, consola, Smart TV, router o switch con una señal limpia y sin interrupciones. Armado con fichas RJ45 moldeadas de alta durabilidad, está listo para usar desde el primer momento.</p><ul>
<li>
<strong>Categoría:</strong> Cat 5e (hasta 1 Gbps / 100 MHz)</li>
<li>
<strong>Tipo:</strong> UTP – sin blindaje, ideal para uso doméstico y oficina</li>
<li>
<strong>Conectores:</strong> RJ45 moldeados – mayor resistencia y agarre</li>
<li>
<strong>Longitudes disponibles:</strong> 1, 2, 3, 5, 10, 15 y 20 metros</li>
<li>
<strong>Compatible con:</strong> switches, routers, PCs, notebooks, consolas y Smart TVs</li>
<li>
<strong>Marca:</strong> Noga</li>
</ul><p>Elegí la longitud que necesitás y conectá sin complicaciones.</p>",NOGA,Electronics > Electronics Accessories > Cables > Network Cables > Ethernet Cables,Cable de Red,"cable de red, cat 5e, mayorista, patch cord, RJ45, UTP",true,Longitud,10 Mts,,,,,,,,PATCH 10,195.0,shopify,22,deny,manual,4141.00,,true,true,,,,,7798137697943,https://cdn.shopify.com/s/files/1/0796/0703/8180/files/0100209800091.jpg?v=1776087700,1,"",false,Cable de Red UTP Cat 5e Noga Patch Cord RJ45 – Parquelectro,Cable de red UTP Cat 5e Noga con fichas RJ45. Disponible en 1 a 20 metros. Ideal para hogar y oficina. Comprá en Parquelectro.,,,,,,,,,,,,,,,,,,,,,,,,,,,,,,,,,,sin-apantallar-utp,,,,,,,,,gris,,,,,,,,,,,,,,,,,,,,,,,,,,,,,,,,,,,,,,,,,,,,,,,,,,,,,,,,rj-45,,,,,,,,,,,,,,,,,,,,,,,,,,,,,,,,,,,,,,,,,,,,,,,,https://cdn.shopify.com/s/files/1/0796/0703/8180/files/0100209800091.jpg?v=1776087700,g,,,active
cable-de-red-utp-cat-5e-noga-patch-cord-rj45,,,,,,,,,15 Mts,,,,,,,,PATCH 15,295.0,shopify,19,deny,manual,5964.00,,true,true,,,,,7798137713841,,,,,,,,,,,,,,,,,,,,,,,,,,,,,,,,,,,,,,,,,,,,,,,,,,,,,,,,,,,,,,,,,,,,,,,,,,,,,,,,,,,,,,,,,,,,,,,,,,,,,,,,,,,,,,,,,,,,,,,,,,,,,,,,,,,,,,,,,,,,,,,,,,,,,,,,,https://cdn.shopify.com/s/files/1/0796/0703/8180/files/0100209800091.jpg?v=1776087700,g,,,
pilas-recargables-aa-noga-np-aam-2700mah-x2,Pilas Recargables AA Noga NP-AAM 2700mAh x2 – 500 Recargas,"<h2>Pilas Recargables AA Noga NP-AAM 2700mAh – Pack x2</h2><p>Mantené tus dispositivos siempre cargados con las pilas recargables AA de Noga. Con una capacidad de 2700mAh y hasta 500 ciclos de recarga, son la alternativa inteligente y económica a las pilas descartables.</p><ul>
<li>⚡ Capacidad: 2700mAh por unidad</li>
<li>🔄 Hasta 500 recargas</li>
<li>📦 Blister x2 unidades</li>
<li>🔋 Compatibles con cargadores AA estándar</li>
<li>✅ Ideales para controles remotos, juguetes, linternas y más</li>
</ul><p>Invertí una vez y ahorrá en pilas por años. Marca Noga, calidad garantizada.</p>",Noga,Electronics > Electronics Accessories > Power > Batteries > General Purpose Batteries,Pilas y Baterías,"2700mah, baterias recargables, mayorista, noga, pilas aa, pilas recargables",true,Title,Default Title,,,,,,,,NP-AAM 2.7B,40.0,shopify,10,deny,manual,5600.00,5600.00,true,true,,,,,7798137383488,https://cdn.shopify.com/s/files/1/0796/0703/8180/files/np-aam-2700b-5b435e79a65a56d31417567518137558-1024-1024.webp?v=1775746614,1,"",false,Pilas Recargables AA Noga 2700mAh x2 | 500 Recargas – Parquelectro,"Pilas recargables AA Noga NP-AAM 2700mAh, blister x2 unidades, hasta 500 recargas. Ideales para uso doméstico y profesional. Comprá en Parquelectro.",,,,,,,,,,,,,,,,,,,,,,,,vida-util-alta,aa,niquel-hidruro-metalico-nimh,recargable,,,,,,,,,,,,,,,,plateado; negro,,,,,,,,,,,,,,,,,,,,,,,,,,,,,,,,,,,,,,,,,,,,,,,,,,,,,,,,,,,,,,,,,,,,,,,,,,,,,,,,,,,,,,,,,,,,,,,,,,,,,,,,,g,,3476.00,active
pilas-recargables-aa-noga-np-aam-2700mah-x2,,,,,,,,,,,,,,,,,,,,,,,,,,,,,,,,https://cdn.shopify.com/s/files/1/0796/0703/8180/files/np-aam-pilas-4aeb258c89bd2d7b8b17292781004841-1024-1024.webp?v=1775746614,2,"",,,,,,,,,,,,,,,,,,,,,,,,,,,,,,,,,,,,,,,,,,,,,,,,,,,,,,,,,,,,,,,,,,,,,,,,,,,,,,,,,,,,,,,,,,,,,,,,,,,,,,,,,,,,,,,,,,,,,,,,,,,,,,,,,,,,,,,,,,,,,,,,,,,,,,,,,,
rotomartillo-einhell-tc-rh-1600-sds-plus,Rotomartillo Einhell TC-RH 1600 – SDS Plus 4 Funciones 4J,"<h2>Rotomartillo Einhell TC-RH 1600 – Potencia y Versatilidad para Perforación Profesional</h2><p>El rotomartillo Einhell TC-RH 1600 combina potencia real con versatilidad de uso. Con 4 joules de energía de impacto, sistema SDS Plus y 4 modos de funcionamiento, es la herramienta ideal para perforación y demolición en hormigón, mamposteria y materiales duros.</p><ul>
<li>⚡ <strong>Energía de impacto:</strong> 4,0 Joules para perforación eficiente en materiales duros</li>
<li>🔧 <strong>Sistema SDS Plus</strong> para cambio rápido y seguro de brocas</li>
<li>🔄 <strong>4 funciones:</strong> perforación, perforación con impacto, cincelado y cincelado con rotación</li>
<li>📌 <strong>Capacidad de perforación:</strong> hasta 32mm en hormigón</li>
<li>🛡️ <strong>Safety Stop</strong> — freno de seguridad automático ante bloqueo de broca</li>
<li>💪 <strong>Construcción robusta</strong> para uso intensivo en obra y taller</li>
</ul><p>Una herramienta completa y confiable de la marca europea Einhell. Ideal para albañiles, electricistas y profesionales de la construcción.</p>",Einhell,Hardware > Tools > Drills > Handheld Power Drills > Hammer Drills,Rotomartillos,"construccion, einhell, herramienta, mayorista, rotomartillo, sds plus",true,Title,Default Title,,,,,,,,TC-RH 1600,8060.0,shopify,1,deny,manual,270000.00,,true,true,,,,,4006825593280,https://cdn.shopify.com/s/files/1/0796/0703/8180/files/einhell-tc-rh-1600-drill.webp?v=1775598209,1,"",false,Rotomartillo Einhell TC-RH 1600 SDS Plus 4J 4 Funciones | Parquelectro,"Rotomartillo Einhell TC-RH 1600, 4 Joules, SDS Plus, 4 funciones y Safety Stop. Perfora hasta 32mm en hormigón. Ideal para obra y taller.",,,,,,,,,,,,,,,,,,,,,,,,,,,,,,,,,,,,,,,,,,sds-plus,rojo; negro,,,,,,,,,,,,,,,,,,,perforacion-con-percusion; atornillado; velocidad-regulable; par-regulable,,,,,,,,,,,,,,,,,,,,,,,,,,,,,,,,,,,,,,,,,,,,,,alimentado-por-ca,,,,,,,,,,,,,,,,,,,,,,,,,,,,,,,,,,,,,,,,g,,,active
rotomartillo-einhell-tc-rh-1600-sds-plus,,,,,,,,,,,,,,,,,,,,,,,,,,,,,,,,https://cdn.shopify.com/s/files/1/0796/0703/8180/files/WhatsAppImage2026-04-07at18.40.54.jpg?v=1775598209,2,"",,,,,,,,,,,,,,,,,,,,,,,,,,,,,,,,,,,,,,,,,,,,,,,,,,,,,,,,,,,,,,,,,,,,,,,,,,,,,,,,,,,,,,,,,,,,,,,,,,,,,,,,,,,,,,,,,,,,,,,,,,,,,,,,,,,,,,,,,,,,,,,,,,,,,,,,,,
rotomartillo-einhell-tc-rh-1600-sds-plus,,,,,,,,,,,,,,,,,,,,,,,,,,,,,,,,https://cdn.shopify.com/s/files/1/0796/0703/8180/files/WhatsAppImage2026-04-07at18.40.54_1.jpg?v=1775598209,3,"",,,,,,,,,,,,,,,,,,,,,,,,,,,,,,,,,,,,,,,,,,,,,,,,,,,,,,,,,,,,,,,,,,,,,,,,,,,,,,,,,,,,,,,,,,,,,,,,,,,,,,,,,,,,,,,,,,,,,,,,,,,,,,,,,,,,,,,,,,,,,,,,,,,,,,,,,,
amoladora-electrica-einhell-tc-ag-2200,"Amoladora Eléctrica Einhell TC-AG 2200 – Disco 7"" 2200W","<h2>Amoladora Eléctrica Einhell TC-AG 2200 – Potencia y Precisión para Trabajos Exigentes</h2><p>La amoladora Einhell TC-AG 2200 es una herramienta robusta y potente, ideal para corte, desbaste y pulido de metales y materiales duros. Con disco de 7"" y 2200W de potencia, está diseñada para uso profesional y semiprofesional.</p><ul>
<li>⚡ <strong>Potencia:</strong> 2200W para trabajos de alta demanda</li>
<li>🔧 <strong>Disco:</strong> 7"" / 180mm — ideal para corte y desbaste</li>
<li>🔄 <strong>Velocidad:</strong> 8.000 RPM para mayor rendimiento</li>
<li>🛡️ <strong>Protección de seguridad</strong> incluida para uso confiable</li>
<li>💪 <strong>Construcción robusta</strong> para uso intensivo en taller y obra</li>
<li>📦 <strong>Marca:</strong> Einhell — herramientas de calidad europea</li>
</ul><p>Una herramienta confiable para profesionales y aficionados que buscan rendimiento real. Ideal para metalurgia, construcción y trabajos de taller.</p>",Einhell,Hardware > Tools > Grinders > Angle Grinders,Amoladoras,"2200w, amoladora, disco 7, einhell, herramienta, mayorista",true,Title,Default Title,,,,,,,,TC-AG 2200,5950.0,shopify,2,deny,manual,230000.00,,true,true,,,,,4006825629545,https://cdn.shopify.com/s/files/1/0796/0703/8180/files/FJPG-B800.jpg?v=1775597549,1,"",false,"Amoladora Eléctrica Einhell TC-AG 2200 Disco 7"" 2200W | Parquelectro","Amoladora eléctrica Einhell TC-AG 2200, disco 7""/180mm, 2200W y 8000 RPM. Ideal para corte y desbaste en taller y obra.",,,,,,,,,,,,,,,,,,,,,,,,,,,,,,,,,,,,,,,,,,,rojo; negro,,,,,,,,,,,,,,,,,,,,,,,,,,,,,,,,,,,,,,,,,,,,,,,,,,,,,,,,,,,,,,,,,alimentado-por-ca,,,,,,,,,,,,,,,,,,,,,,,,,,,,,,,,,,,,,,,,g,,,active
amoladora-electrica-einhell-tc-ag-2200,,,,,,,,,,,,,,,,,,,,,,,,,,,,,,,,https://cdn.shopify.com/s/files/1/0796/0703/8180/files/WhatsApp_Image_2026-04-07_at_18.34.21.jpg?v=1775597719,2,"",,,,,,,,,,,,,,,,,,,,,,,,,,,,,,,,,,,,,,,,,,,,,,,,,,,,,,,,,,,,,,,,,,,,,,,,,,,,,,,,,,,,,,,,,,,,,,,,,,,,,,,,,,,,,,,,,,,,,,,,,,,,,,,,,,,,,,,,,,,,,,,,,,,,,,,,,,
balanza-digital-portatil-te015,Balanza Digital Portátil TE015,"<h2>Balanza Digital Portátil TE015 – Precisión en la Palma de tu Mano</h2><p>Compact a, liviana y precisa. La balanza digital portátil TE015 es ideal para pesar pequeños objetos en casa, el trabajo o donde la necesités. Diseño práctico con pantalla digital de fácil lectura.</p><ul>
<li>⚖️ <strong>Medición digital precisa</strong> para objetos pequeños</li>
<li>📱 <strong>Diseño portátil y compacto</strong> — fácil de llevar a cualquier lado</li>
<li>🔋 <strong>Pantalla digital</strong> de lectura clara e instantánea</li>
<li>🏠 <strong>Ideal para uso doméstico,</strong> cocina, joyería y más</li>
<li>📦 <strong>SKU:</strong> TE015</li>
</ul><p>Una herramienta práctica y accesible para tener siempre a mano cuando necesitás medir con precisión.</p>",TE,Hardware > Tools > Measuring Tools & Sensors > Measuring Scales > Digital Scales,Balanzas,"balanza, balanza digital, cocina, home office, mayorista, portatil",true,Title,Default Title,,,,,,,,TE015,150.0,shopify,1,deny,manual,4500.00,,true,true,,,,,6920250410043,https://cdn.shopify.com/s/files/1/0796/0703/8180/files/Balanza-de-viaje-para-colgar6.webp?v=1775596902,1,"",false,Balanza Digital Portátil TE015 | Precisión Compacta | Parquelectro,"Balanza digital portátil TE015. Compacta, liviana y precisa. Ideal para uso doméstico, cocina y joyería. Pantalla digital de fácil lectura.",,,,,,,,,,,,,,,,,,,,,,,,,,,,,,,,,,,,,,,,,,,celeste,,,,,,,,,,,,,,,,,,lcd,,,,,,,,,,,,,,,,,,,,,,,,,,,,,,,,,,,,,,,,,,,,,,,,,,,,,,,,,,,,,,,,,,,,,,,,,,,,,,,,,,,,,,,g,,,active
balanza-digital-portatil-te015,,,,,,,,,,,,,,,,,,,,,,,,,,,,,,,,https://cdn.shopify.com/s/files/1/0796/0703/8180/files/kad-1694-2-ae53c4216ea23af99c17380746749588-1024-1024.jpg?v=1775596981,2,"",,,,,,,,,,,,,,,,,,,,,,,,,,,,,,,,,,,,,,,,,,,,,,,,,,,,,,,,,,,,,,,,,,,,,,,,,,,,,,,,,,,,,,,,,,,,,,,,,,,,,,,,,,,,,,,,,,,,,,,,,,,,,,,,,,,,,,,,,,,,,,,,,,,,,,,,,,
balanza-digital-portatil-te015,,,,,,,,,,,,,,,,,,,,,,,,,,,,,,,,https://cdn.shopify.com/s/files/1/0796/0703/8180/files/Balanza_Electronica_Digital_Portatil_Valija__Y_Pesca__D_720769-MLA78889986573_092024-O-1200x1200.jpg?v=1775596902,3,"",,,,,,,,,,,,,,,,,,,,,,,,,,,,,,,,,,,,,,,,,,,,,,,,,,,,,,,,,,,,,,,,,,,,,,,,,,,,,,,,,,,,,,,,,,,,,,,,,,,,,,,,,,,,,,,,,,,,,,,,,,,,,,,,,,,,,,,,,,,,,,,,,,,,,,,,,,
horizon-forbidden-west-ps4,Horizon Forbidden West – Juego PS4,"<h2>Horizon Forbidden West para PS4 – Aloy Regresa en una Aventura Épica</h2><p>Aloy viaja al peligroso Oeste Prohibido para descubrir la fuente de una plaga misteriosa que amenaza con destruir la vida en la Tierra. Horizon Forbidden West es una aventura de mundo abierto visualmente impresionante, llena de combate, exploración y una narrativa profunda.</p><ul>
<li>🌍 <strong>Mundo abierto enorme</strong> con biomas variados: selvas, desiertos, océanos y ruinas</li>
<li>🦖 <strong>Máquinas nuevas</strong> y más desafiantes para cazar y dominar</li>
<li>🏹 <strong>Arsenal ampliado</strong> con nuevas armas, trampas y habilidades</li>
<li>🤿 <strong>Combate subacuático</strong> y nuevas mecánicas de escalada y vuelo</li>
<li>🎭 <strong>Historia profunda</strong> con personajes memorables y giros narrativos</li>
<li>💿 <strong>Formato:</strong> físico en disco para PlayStation 4</li>
<li>✅ <strong>Compatible con PS4 y PS5</strong> (retrocompatibilidad)</li>
</ul><p>Una obra maestra de Guerrilla Games. Imprescindible para fans de los juegos de mundo abierto y la ciencia ficción.</p>",Sony Interactive Entertainment,Software > Video Game Software,Juegos PS4,"accion, horizon, juego ps4, mayorista, mundo abierto, ps4",true,Title,Default Title,,,,,,,,,100.0,shopify,1,deny,manual,64200.00,,true,true,,,,,711719547624,https://cdn.shopify.com/s/files/1/0796/0703/8180/files/c344dc979279a1d6664054ea70b0.jpg?v=1775595878,1,"",false,Horizon Forbidden West PS4 | Juego Físico Mundo Abierto | Parquelectro,"Horizon Forbidden West para PS4 en formato físico. Aventura de mundo abierto con Aloy. Nuevas máquinas, combate y exploración. Compatible con PS5.",,,,,,,,,,,,,,,,,,,,,,,,,,,,,,,,,,,,,,,,,,,,,,,,,,,,,,,,,,,,,,,,t-adolescente,,,,,,,,,,,,,,,,,,,,,,,,,,,,,,,,,,,,,,,,18,,,,,,,,america-latina-al,,,,,,,,,,,,,,,,,,,,,,,,,fisico,accion; aventura,playstation-4,hack-and-slash,,,,,,,,g,,,active
horizon-forbidden-west-ps4,,,,,,,,,,,,,,,,,,,,,,,,,,,,,,,,https://cdn.shopify.com/s/files/1/0796/0703/8180/files/1161-producto-d-nq-np-2x-732931-mlu72276308684-571.jpg?v=1775595878,2,"",,,,,,,,,,,,,,,,,,,,,,,,,,,,,,,,,,,,,,,,,,,,,,,,,,,,,,,,,,,,,,,,,,,,,,,,,,,,,,,,,,,,,,,,,,,,,,,,,,,,,,,,,,,,,,,,,,,,,,,,,,,,,,,,,,,,,,,,,,,,,,,,,,,,,,,,,,
horizon-forbidden-west-ps4,,,,,,,,,,,,,,,,,,,,,,,,,,,,,,,,https://cdn.shopify.com/s/files/1/0796/0703/8180/files/1161-producto-d-nq-np-2x-804805-mlu72276290200-920.jpg?v=1775595878,3,"",,,,,,,,,,,,,,,,,,,,,,,,,,,,,,,,,,,,,,,,,,,,,,,,,,,,,,,,,,,,,,,,,,,,,,,,,,,,,,,,,,,,,,,,,,,,,,,,,,,,,,,,,,,,,,,,,,,,,,,,,,,,,,,,,,,,,,,,,,,,,,,,,,,,,,,,,,
lego-marvel-super-heroes-ps4,LEGO Marvel Super Heroes – Juego PS4,"<h2>LEGO Marvel Super Heroes para PS4 – El Universo Marvel en Clave LEGO</h2>
<p>Iron Man, Spider-Man, Hulk, Thor y más de 100 héroes y villanos del universo Marvel reunidos en una aventura LEGO llena de humor, acción y creatividad. Ideal para fans de Marvel y para jugar en familia.</p>
<ul>
<li>🦸 <strong>Más de 100 personajes</strong> del universo Marvel jugables</li>
<li>🏠 <strong>Nueva York en mundo abierto</strong> para explorar libremente</li>
<li>👥 <strong>Cooperativo local</strong> para dos jugadores en pantalla dividida</li>
<li>🎮 <strong>Género:</strong> Aventura y acción al estilo LEGO</li>
<li>👨👩👧 <strong>Apto para todas las edades</strong> — perfecto para jugar en familia</li>
<li>💿 <strong>Formato:</strong> físico en disco para PlayStation 4</li>
<li>✅ <strong>Compatible con PS4</strong>
</li>
</ul>
<p>Una de las mejores entregas de la saga LEGO Games. Diversión garantizada para chicos y grandes fans del universo Marvel.</p>",Warner Bros. Games,Software > Video Game Software,Juegos PS4,"familiar, juego ps4, lego, marvel, mayorista, ps4",true,Title,Default Title,,,,,,,,,100.0,shopify,1,deny,manual,49500.00,,true,true,,,,,883929648108,https://cdn.shopify.com/s/files/1/0796/0703/8180/files/71FD5FkperL.jpg_BO30_255_255_255_UF750_750_SR1910_1000_0_C_QL100.jpg?v=1775595561,1,"",false,LEGO Marvel Super Heroes PS4 | Juego Físico Familiar | Parquelectro,"LEGO Marvel Super Heroes para PS4 en formato físico. +100 personajes Marvel, mundo abierto y cooperativo local. Compatible con PS5.",,,,,,,,,,,,,,,,,,,,,,,,,,,,,,,,,,,,,,,,,,,,,,,,,,,,,,,,,,,,,,,,e10-todos-10,,,,,,,,,,,,,,,,,,,,,,,,,,,,,,,,,,,,,,,,,,,,,,,,europa-eu,,,,,,,,,,,,,,,,,,,,,,,,,fisico,accion; aventura,playstation-4,plataforma,,,,,,,,g,,,active
lego-marvel-super-heroes-ps4,,,,,,,,,,,,,,,,,,,,,,,,,,,,,,,,https://cdn.shopify.com/s/files/1/0796/0703/8180/files/35089f3126ff6121c7da5877353acacb87aee158079f9d1310723a52d5de0a6c151432.jpg?v=1775595526,2,"",,,,,,,,,,,,,,,,,,,,,,,,,,,,,,,,,,,,,,,,,,,,,,,,,,,,,,,,,,,,,,,,,,,,,,,,,,,,,,,,,,,,,,,,,,,,,,,,,,,,,,,,,,,,,,,,,,,,,,,,,,,,,,,,,,,,,,,,,,,,,,,,,,,,,,,,,,
lego-marvel-super-heroes-ps4,,,,,,,,,,,,,,,,,,,,,,,,,,,,,,,,https://cdn.shopify.com/s/files/1/0796/0703/8180/files/1720749132416-MK8ZKITWGJ-1-3.webp?v=1775595527,3,"",,,,,,,,,,,,,,,,,,,,,,,,,,,,,,,,,,,,,,,,,,,,,,,,,,,,,,,,,,,,,,,,,,,,,,,,,,,,,,,,,,,,,,,,,,,,,,,,,,,,,,,,,,,,,,,,,,,,,,,,,,,,,,,,,,,,,,,,,,,,,,,,,,,,,,,,,,
assassins-creed-syndicate-ps4,Assassin's Creed Syndicate – Juego PS4,"<h2>Assassin's Creed Syndicate para PS4 – Londres Victoriano Bajo tus Garras</h2><p>El Londres de 1868 es tuyo. Assassin's Creed Syndicate te pone en la piel de los gemelos Jacob y Evie Frye en una aventura de sigilo, combate y parkour ambientada en la era industrial británica. Liderá una banda callejera y reconquistá la ciudad de las manos de los Templarios.</p><ul>
<li>👫 <strong>Dos protagonistas jugables:</strong> Jacob y Evie Frye con estilos de juego distintos</li>
<li>🏴‍☠️ <strong>Liderá los Rooks</strong>, tu propia banda callejera para controlar Londres</li>
<li>🏹 <strong>Nuevo arsenal:</strong> garfio de escalar, carruajes y armas de la era victoriana</li>
<li>🏠 <strong>Mundo abierto</strong> con los barrios icónicos del Londres del siglo XIX</li>
<li>💿 <strong>Formato:</strong> físico en disco para PlayStation 4</li>
<li>✅ <strong>Compatible con PS4 y PS5</strong> (retrocompatibilidad)</li>
</ul><p>Una de las entregas más completas y accesibles de la saga. Ideal para fans de Assassin's Creed y amantes de la historia victoriana.</p>",Ubisoft,Software > Video Game Software,Juegos PS4,"assassins creed, juego ps4, mayorista, ps4, sigilo, ubisoft",true,Title,Default Title,,,,,,,,,100.0,shopify,1,deny,manual,41600.00,,true,true,,,,,887256015060,https://cdn.shopify.com/s/files/1/0796/0703/8180/files/Juego-PS4-Assassins-Creed-Syndicate.webp?v=1775595199,1,"",false,Assassin's Creed Syndicate PS4 | Juego Físico | Parquelectro,Assassin's Creed Syndicate para PS4 en formato físico. Acción y sigilo en el Londres victoriano con Jacob y Evie Frye. Compatible con PS5.,,,,,,,,,,,,,,,,,,,,,,,,,,,,,,,,,,,,,,,,,,,,,,,,,,,,,,,,,,,,,,,,m-maduro,,,,,,,,,,,,,,,,,,,,,,,,,,,,,,,,,,18,,,,,,18,,,,,,,,america-del-norte-na,,,,,,,,,,,,,,,,,,,,,,,,,fisico,accion; aventura; rpg,playstation-4,hack-and-slash,,,,,,,,g,,,active
assassins-creed-syndicate-ps4,,,,,,,,,,,,,,,,,,,,,,,,,,,,,,,,https://cdn.shopify.com/s/files/1/0796/0703/8180/files/98.webp?v=1775595199,2,"",,,,,,,,,,,,,,,,,,,,,,,,,,,,,,,,,,,,,,,,,,,,,,,,,,,,,,,,,,,,,,,,,,,,,,,,,,,,,,,,,,,,,,,,,,,,,,,,,,,,,,,,,,,,,,,,,,,,,,,,,,,,,,,,,,,,,,,,,,,,,,,,,,,,,,,,,,
assassins-creed-syndicate-ps4,,,,,,,,,,,,,,,,,,,,,,,,,,,,,,,,https://cdn.shopify.com/s/files/1/0796/0703/8180/files/714uT9OaXVL.jpg?v=1775595199,3,"",,,,,,,,,,,,,,,,,,,,,,,,,,,,,,,,,,,,,,,,,,,,,,,,,,,,,,,,,,,,,,,,,,,,,,,,,,,,,,,,,,,,,,,,,,,,,,,,,,,,,,,,,,,,,,,,,,,,,,,,,,,,,,,,,,,,,,,,,,,,,,,,,,,,,,,,,,
god-of-war-ragnarok-ps4,God of War Ragnarök – Juego PS4,"<h2>God of War Ragnarök para PS4 – El Fin de los Dioses Nórdicos</h2><p>Kratos y Atreus regresan en la conclusión épica de la saga nórdica. God of War Ragnarök es una aventura de acción monumental que combina combate brutal, narrativa cinematográfica y exploración de los nueve reinos de la mitología nórdica.</p><ul>
<li>⚔️ <strong>Combate brutal y fluido</strong> con el hacha Leviatán y las Cuchillas del Caos</li>
<li>🌍 <strong>Exploración de los nueve reinos</strong> de la mitología nórdica</li>
<li>🎭 <strong>Narrativa cinematográfica</strong> con una historia profunda entre padre e hijo</li>
<li>👾 <strong>Jefes épicos</strong> y enemigos inspirados en dioses y criaturas nórdicas</li>
<li>🏆 <strong>Ganador de múltiples premios GOTY</strong> 2022</li>
<li>💿 <strong>Formato:</strong> físico en disco para PlayStation 4</li>
<li>✅ <strong>Compatible con PS4 y PS5</strong> (retrocompatibilidad)</li>
</ul><p>Una de las mejores experiencias de la generación. Imprescindible para cualquier fan de los videojuegos de acción y aventura.</p>",Sony Interactive Entertainment,Software > Video Game Software,Juegos PS4,"accion, god of war, juego ps4, mayorista, ps4, ragnarok",true,Title,Default Title,,,,,,,,,100.0,shopify,2,deny,manual,68900.00,,true,true,,,,,711719547105,https://cdn.shopify.com/s/files/1/0796/0703/8180/files/1019-producto-god-of-war-ragnarok-5986.jpg?v=1775594432,1,"",false,God of War Ragnarök PS4 | Juego Físico GOTY | Parquelectro,God of War Ragnarök para PS4 en formato físico. Acción y aventura épica en los nueve reinos nórdicos. Ganador del GOTY 2022. Compatible con PS5.,,,,,,,,,,,,,,,,,,,,,,,,,,,,,,,,,,,,,,,,,,,,,,,,,,,,,,,,,,,,,,,,m-maduro,,,,,,,,,,,,,,,,,,,,,,,,,,,,,,,,,,18,,,,,,18,,,,,,,,america-del-norte-na,,,,,,,,,,,,,,,,,,,,,,,,,fisico,accion; aventura,playstation-4; playstation-5,hack-and-slash,,,,,,,,g,,,active
god-of-war-ragnarok-ps4,,,,,,,,,,,,,,,,,,,,,,,,,,,,,,,,https://cdn.shopify.com/s/files/1/0796/0703/8180/files/68e697d751726.webp?v=1775594432,2,"",,,,,,,,,,,,,,,,,,,,,,,,,,,,,,,,,,,,,,,,,,,,,,,,,,,,,,,,,,,,,,,,,,,,,,,,,,,,,,,,,,,,,,,,,,,,,,,,,,,,,,,,,,,,,,,,,,,,,,,,,,,,,,,,,,,,,,,,,,,,,,,,,,,,,,,,,,
god-of-war-ragnarok-ps4,,,,,,,,,,,,,,,,,,,,,,,,,,,,,,,,https://cdn.shopify.com/s/files/1/0796/0703/8180/files/ragnarok-a.webp?v=1775594432,3,"",,,,,,,,,,,,,,,,,,,,,,,,,,,,,,,,,,,,,,,,,,,,,,,,,,,,,,,,,,,,,,,,,,,,,,,,,,,,,,,,,,,,,,,,,,,,,,,,,,,,,,,,,,,,,,,,,,,,,,,,,,,,,,,,,,,,,,,,,,,,,,,,,,,,,,,,,,
plants-vs-zombies-battle-for-neighborville-ps4,Plants vs. Zombies: Battle for Neighborville – Juego PS4,"<h2>Plants vs. Zombies: Battle for Neighborville para PS4 – Acción Multijugador para Toda la Familia</h2>
<p>La batalla entre plantas y zombies llega a un nuevo nivel. Battle for Neighborville es un shooter de acción en tercera persona lleno de humor, personajes locos y modos de juego para disfrutar solo o con amigos.</p>
<ul>
<li>🌻 <strong>20 clases de personajes</strong> jugables entre plantas y zombies</li>
<li>👥 <strong>Multijugador online y cooperativo local</strong> para hasta 4 jugadores</li>
<li>🌆 <strong>Mundo abierto</strong> con zonas para explorar y misiones secundarias</li>
<li>🎮 <strong>Género:</strong> Shooter de acción en tercera persona</li>
<li>👨👩👧 <strong>Apto para todas las edades</strong> — ideal para jugar en familia</li>
<li>💿 <strong>Formato:</strong> físico en disco para PlayStation 4</li>
<li>✅ <strong>Compatible con PS4 </strong>
</li>
</ul>
<p>Diversión garantizada para chicos y grandes. Una de las mejores opciones para partidas multijugador en familia.</p>",EA Games,Software > Video Game Software,Juegos PS4,"ea games, familiar, juego ps4, mayorista, plants vs zombies, ps4",true,Title,Default Title,,,,,,,,,100.0,shopify,1,deny,manual,56250.00,,true,true,,,,,014633370768,https://cdn.shopify.com/s/files/1/0796/0703/8180/files/1019-producto-plants-3750.jpg?v=1775594106,1,"",false,Plants vs. Zombies Battle for Neighborville PS4 | Juego Físico | Parquelectro,Plants vs. Zombies: Battle for Neighborville para PS4. Shooter familiar con multijugador online y cooperativo local. Compatible con PS5.,,,,,,,,,,,,,,,,,,,,,,,,,,,,,,,,,,,,,,,,,,,,,,,,,,,,,,,,,,,,,,,,e10-todos-10,,,,,,,,,,,,,,,,,,,,,,,,,,,,,,,,,,,,,,,,,,,,,,,,america-del-norte-na,,,,,,,,,,,,,,,,,,,,,,,,,fisico,accion; tirador; familia,playstation-4,,,,,,,,,g,,,active
plants-vs-zombies-battle-for-neighborville-ps4,,,,,,,,,,,,,,,,,,,,,,,,,,,,,,,,https://cdn.shopify.com/s/files/1/0796/0703/8180/files/x1080.jpg?v=1775594106,2,"",,,,,,,,,,,,,,,,,,,,,,,,,,,,,,,,,,,,,,,,,,,,,,,,,,,,,,,,,,,,,,,,,,,,,,,,,,,,,,,,,,,,,,,,,,,,,,,,,,,,,,,,,,,,,,,,,,,,,,,,,,,,,,,,,,,,,,,,,,,,,,,,,,,,,,,,,,
plants-vs-zombies-battle-for-neighborville-ps4,,,,,,,,,,,,,,,,,,,,,,,,,,,,,,,,https://cdn.shopify.com/s/files/1/0796/0703/8180/files/69030077c1b51.webp?v=1775594106,3,"",,,,,,,,,,,,,,,,,,,,,,,,,,,,,,,,,,,,,,,,,,,,,,,,,,,,,,,,,,,,,,,,,,,,,,,,,,,,,,,,,,,,,,,,,,,,,,,,,,,,,,,,,,,,,,,,,,,,,,,,,,,,,,,,,,,,,,,,,,,,,,,,,,,,,,,,,,
assassins-creed-chronicles-ps4,Assassin's Creed Chronicles – Juego PS4,"<h2>Assassin's Creed Chronicles para PS4 – Tres Eras, Tres Asesinos, Una Saga</h2>
<p>Assassin's Creed Chronicles reúne tres aventuras de sigilo en 2.5D ambientadas en China, India y Rusia. Cada capítulo tiene su propio estilo visual y narrativo, ofreciendo una experiencia única dentro del universo Assassin's Creed.</p>
<ul>
<li>🇨🇳 <strong>Chronicles: China</strong> — Shao Jun en la China de la dinastía Ming</li>
<li>🇮🇳 <strong>Chronicles: India</strong> — Arbaaz Mir en la India del siglo XIX</li>
<li>🇷🇺 <strong>Chronicles: Russia</strong> — Nikolai Orelov en la Rusia revolucionaria</li>
<li>🎮 <strong>Género:</strong> Plataformas y sigilo en 2.5D con estética visual única</li>
<li>💿 <strong>Formato:</strong> físico en disco para PlayStation 4</li>
<li>✅ <strong>Compatible con PS4 </strong>
</li>
</ul>
<p>Una propuesta diferente dentro de la saga, ideal para fans que quieren explorar el universo Assassin's Creed desde una perspectiva nueva y artística.</p>",Ubisoft,Software > Video Game Software,Juegos PS4,"assassins creed, juego ps4, ps4, sigilo, ubisoft",true,Title,Default Title,,,,,,,,,100.0,shopify,1,deny,manual,50650.00,,true,true,,,,,887256019525,https://cdn.shopify.com/s/files/1/0796/0703/8180/files/assassins-creed-chronicles-20151281961_1.jpg?v=1775593706,1,"",false,Assassin's Creed Chronicles PS4 | Trilogía Sigilo 2.5D | Parquelectro,"Assassin's Creed Chronicles para PS4 en formato físico. Trilogía de sigilo en 2.5D: China, India y Rusia. Compatible con PS5.",,,,,,,,,,,,,,,,,,,,,,,,,,,,,,,,,,,,,,,,,,,,,,,,,,,,,,,,,,,,,,,,,,,,,,,,,,,,,,,,,,,,,,,,,,,,,,,,,,16,,,,,,16,,,,,,,,europa-eu,,,,,,,,,,,,,,,,,,,,,,,,,fisico,accion,playstation-4,,,,,,,,,g,,,active
assassins-creed-chronicles-ps4,,,,,,,,,,,,,,,,,,,,,,,,,,,,,,,,https://cdn.shopify.com/s/files/1/0796/0703/8180/files/1366_2000.jpg?v=1775593706,2,"",,,,,,,,,,,,,,,,,,,,,,,,,,,,,,,,,,,,,,,,,,,,,,,,,,,,,,,,,,,,,,,,,,,,,,,,,,,,,,,,,,,,,,,,,,,,,,,,,,,,,,,,,,,,,,,,,,,,,,,,,,,,,,,,,,,,,,,,,,,,,,,,,,,,,,,,,,
assassins-creed-chronicles-ps4,,,,,,,,,,,,,,,,,,,,,,,,,,,,,,,,https://cdn.shopify.com/s/files/1/0796/0703/8180/files/450_1000.webp?v=1775593706,3,"",,,,,,,,,,,,,,,,,,,,,,,,,,,,,,,,,,,,,,,,,,,,,,,,,,,,,,,,,,,,,,,,,,,,,,,,,,,,,,,,,,,,,,,,,,,,,,,,,,,,,,,,,,,,,,,,,,,,,,,,,,,,,,,,,,,,,,,,,,,,,,,,,,,,,,,,,,
detroit-become-human-ps4,Detroit: Become Human – Juego PS4,"<h2>Detroit: Become Human para PS4 – Una Historia que Vos Decidís</h2>
<p>En un futuro cercano donde los androides conviven con los humanos, cada decisión que tomás cambia el destino de tres personajes y de toda una civilización. Detroit: Become Human es una experiencia narrativa única de Quantic Dream que te desafía a pensar, sentir y elegir.</p>
<ul>
<li>🤖 <strong>3 protagonistas androides</strong> con historias entrelazadas y finales múltiples</li>
<li>🎭 <strong>Narrativa cinematográfica</strong> con actuaciones y gráficos de primer nivel</li>
<li>🔀 <strong>Cientos de decisiones</strong> que modifican el rumbo de la historia en tiempo real</li>
<li>🔁 <strong>Alta rejugabilidad</strong> — cada partida puede terminar de forma diferente</li>
<li>💿 <strong>Formato:</strong> físico en disco para PlayStation 4</li>
<li>✅ <strong>Compatible con PS4</strong>
</li>
</ul>
<p>Una obra maestra del género narrativo interactivo. Ideal para quienes buscan una experiencia profunda, emotiva y diferente al videojuego tradicional.</p>",Sony Interactive Entertainment,Software > Video Game Software,Juegos PS4,"aventura narrativa, detroit become human, juego ps4, mayorista, ps4, quantic dream",true,Title,Default Title,,,,,,,,,100.0,shopify,1,deny,manual,45200.00,,true,true,,,,,"",https://cdn.shopify.com/s/files/1/0796/0703/8180/files/s-l1200_1.webp?v=1775593218,1,"",false,Detroit: Become Human PS4 | Juego Físico Narrativo | Parquelectro,"Detroit: Become Human para PS4 en formato físico. Aventura narrativa con decisiones, múltiples finales y gráficos cinematográficos. Compatible con PS5.",,,,,,,,,,,,,,,,,,,,,,,,,,,,,,,,,,,,,,,,,,,,,,,,,,,,,,,,,,,,,,,,m-maduro,,,,,,,,,,,,,,,,,,,,,,,,,,,,,,,,,,18,,,,,,18,,,,,,,,america-del-norte-na,,,,,,,,,,,,,,,,,,,,,,,,,fisico,aventura,playstation-4,,,,,,,,,g,,,active
detroit-become-human-ps4,,,,,,,,,,,,,,,,,,,,,,,,,,,,,,,,https://cdn.shopify.com/s/files/1/0796/0703/8180/files/Detroit-1024x576.jpg?v=1775593153,2,"",,,,,,,,,,,,,,,,,,,,,,,,,,,,,,,,,,,,,,,,,,,,,,,,,,,,,,,,,,,,,,,,,,,,,,,,,,,,,,,,,,,,,,,,,,,,,,,,,,,,,,,,,,,,,,,,,,,,,,,,,,,,,,,,,,,,,,,,,,,,,,,,,,,,,,,,,,
detroit-become-human-ps4,,,,,,,,,,,,,,,,,,,,,,,,,,,,,,,,https://cdn.shopify.com/s/files/1/0796/0703/8180/files/detroit_become_human_screenshot_2__1.webp?v=1775593153,3,"",,,,,,,,,,,,,,,,,,,,,,,,,,,,,,,,,,,,,,,,,,,,,,,,,,,,,,,,,,,,,,,,,,,,,,,,,,,,,,,,,,,,,,,,,,,,,,,,,,,,,,,,,,,,,,,,,,,,,,,,,,,,,,,,,,,,,,,,,,,,,,,,,,,,,,,,,,
assassins-creed-unity-ps4,Assassin's Creed Unity – Juego PS4,"<h2>Assassin's Creed Unity para PS4 – París, Revolución y Sigilo</h2><p>Viví la Revolución Francesa desde las sombras. Assassin's Creed Unity te pone en la piel de Arno Dorian en un París del siglo XVIII recreado con un nivel de detalle increíble. Sigilo, parkour y combate en uno de los escenarios históricos más impresionantes de la saga.</p><ul>
<li>🇫🇷 <strong>Ambientado en París durante la Revolución Francesa</strong> — diseño histórico excepcional</li>
<li>🎯 <strong>Sigilo y parkour</strong> perfeccionados con nuevas mecánicas de movimiento</li>
<li>👥 <strong>Cooperativo online</strong> para hasta 4 jugadores en misiones exclusivas</li>
<li>🗺️ <strong>Mundo abierto</strong> con Notre-Dame, el Louvre y otros monumentos icónicos</li>
<li>💿 <strong>Formato:</strong> físico en disco para PlayStation 4</li>
<li>✅ <strong>Compatible con PS4 y PS5</strong> (retrocompatibilidad)</li>
</ul><p>Una entrega imprescindible para los fans de la saga y los amantes de la historia. Exploración, narrativa y acción en estado puro.</p>",Ubisoft,Uncategorized,Juegos PS4,"accion, assassins creed, juego ps4, mayorista, ps4, ubisoft",true,Title,Default Title,,,,,,,,,100.0,shopify,1,deny,manual,43900.00,,true,true,,,,,887256301347,https://cdn.shopify.com/s/files/1/0796/0703/8180/files/Juego-PS4-Assassins-Creed-Unity.webp?v=1775592613,1,"",false,Assassin's Creed Unity PS4 | Juego Físico | Parquelectro,Assassin's Creed Unity para PS4 en formato físico. Acción y sigilo en la Revolución Francesa. Cooperativo online para 4 jugadores. Compatible con PS5.,,,,,,,,,,,,,,,,,,,,,,,,,,,,,,,,,,,,,,,,,,,,,,,,,,,,,,,,,,,,,,,,,,,,,,,,,,,,,,,,,,,,,,,,,,,,,,,,,,,,,,,,,,,,,,,,,,,,,,,,,,,,,,,,,,,,,,,,,,,,,,,,,,,,g,,,active
assassins-creed-unity-ps4,,,,,,,,,,,,,,,,,,,,,,,,,,,,,,,,https://cdn.shopify.com/s/files/1/0796/0703/8180/files/assassinscreed_1316424b.avif?v=1775592613,2,"",,,,,,,,,,,,,,,,,,,,,,,,,,,,,,,,,,,,,,,,,,,,,,,,,,,,,,,,,,,,,,,,,,,,,,,,,,,,,,,,,,,,,,,,,,,,,,,,,,,,,,,,,,,,,,,,,,,,,,,,,,,,,,,,,,,,,,,,,,,,,,,,,,,,,,,,,,
assassins-creed-unity-ps4,,,,,,,,,,,,,,,,,,,,,,,,,,,,,,,,https://cdn.shopify.com/s/files/1/0796/0703/8180/files/images_45.jpg?v=1775592613,3,"",,,,,,,,,,,,,,,,,,,,,,,,,,,,,,,,,,,,,,,,,,,,,,,,,,,,,,,,,,,,,,,,,,,,,,,,,,,,,,,,,,,,,,,,,,,,,,,,,,,,,,,,,,,,,,,,,,,,,,,,,,,,,,,,,,,,,,,,,,,,,,,,,,,,,,,,,,
lego-the-hobbit-ps4,LEGO The Hobbit – Juego PS4,"<h2>LEGO The Hobbit para PS4 – La Aventura de la Tierra Media en Clave LEGO</h2>
<p>Viví el viaje de Bilbo Bolsón y los enanos de Thorin Escudo de Roble en esta aventura LEGO basada en las dos primeras películas de El Hobbit. Exploración, humor y construcción al estilo LEGO en un mundo enorme lleno de secretos.</p>
<ul>
<li>🧱 <strong>Basado en las películas</strong> Un Viaje Inesperado y La Desolación de Smaug</li>
<li>🌍 <strong>Mundo abierto</strong> con la Tierra Media para explorar libremente</li>
<li>👨👩👧 <strong>Apto para todas las edades</strong> — ideal para jugar en familia</li>
<li>👥 <strong>Cooperativo local</strong> para dos jugadores en pantalla dividida</li>
<li>💿 <strong>Formato:</strong> físico en disco para PlayStation 4</li>
<li>✅ <strong>Compatible con PS4</strong>
</li>
</ul>
<p>Un clásico del catálogo LEGO Games que combina la magia de Tolkien con el humor y la creatividad del universo LEGO. Diversión garantizada para chicos y grandes.</p>",Warner Bros. Games,Software > Video Game Software,Juegos PS4,"familiar, hobbit, juego ps4, lego, mayorista, ps4",true,Title,Default Title,,,,,,,,,100.0,shopify,1,deny,manual,43900.00,,true,true,,,,,5051892166256,https://cdn.shopify.com/s/files/1/0796/0703/8180/files/images_44.jpg?v=1775592330,1,"",false,LEGO The Hobbit PS4 | Juego Físico Aventura Familiar | Parquelectro,"LEGO The Hobbit para PS4 en formato físico. Aventura familiar en la Tierra Media, cooperativo local y mundo abierto. Compatible con PS5.",,,,,,,,,,,,,,,,,,,,,,,,,,,,,,,,,,,,,,,,,,,,,,,,,,,,,,,,,,,,,,,,e10-todos-10,,,,,,,,,,,,,,,,,,,,,,,,,,,,,,,,,,,,,,,,,,,,,,,,europa-eu,,,,,,,,,,,,,,,,,,,,,,,,,fisico,accion; aventura,playstation-4,hack-and-slash,,,,,,,,g,,,active
lego-the-hobbit-ps4,,,,,,,,,,,,,,,,,,,,,,,,,,,,,,,,https://cdn.shopify.com/s/files/1/0796/0703/8180/files/lego-70.jpg?v=1775592330,2,"",,,,,,,,,,,,,,,,,,,,,,,,,,,,,,,,,,,,,,,,,,,,,,,,,,,,,,,,,,,,,,,,,,,,,,,,,,,,,,,,,,,,,,,,,,,,,,,,,,,,,,,,,,,,,,,,,,,,,,,,,,,,,,,,,,,,,,,,,,,,,,,,,,,,,,,,,,
lego-the-hobbit-ps4,,,,,,,,,,,,,,,,,,,,,,,,,,,,,,,,https://cdn.shopify.com/s/files/1/0796/0703/8180/files/LEGO-The-Hobbit---PlayStation-4.avif?v=1775592330,3,"",,,,,,,,,,,,,,,,,,,,,,,,,,,,,,,,,,,,,,,,,,,,,,,,,,,,,,,,,,,,,,,,,,,,,,,,,,,,,,,,,,,,,,,,,,,,,,,,,,,,,,,,,,,,,,,,,,,,,,,,,,,,,,,,,,,,,,,,,,,,,,,,,,,,,,,,,,
gran-turismo-7-ps5,Gran Turismo 7 – Juego PS5,"<h2>Gran Turismo 7 para PS5 – La Experiencia de Carreras Más Auténtica</h2><p>El simulador de conducción definitivo llega a PlayStation 5. Gran Turismo 7 combina una colección masiva de autos reales, circuitos icónicos y gráficos de última generación para ofrecer la experiencia de carreras más inmersiva del mercado.</p><ul>
<li>🏎️ <strong>Más de 400 autos</strong> con modelos reales de las marcas más prestigiosas</li>
<li>🏔️ <strong>Circuitos icónicos</strong> de todo el mundo con diseño fiel al original</li>
<li>🎮 <strong>Modos de juego:</strong> Campaña GT, Sport, Arcade y Multijugador online</li>
<li>📺 <strong>Gráficos 4K y ray tracing</strong> optimizados para PS5</li>
<li>⚡ <strong>Carga ultra rápida</strong> gracias al SSD de PS5</li>
<li>💿 <strong>Formato:</strong> físico en disco para PlayStation 5</li>
</ul><p>Para los apasionados de los autos y las carreras. Una obra maestra de Polyphony Digital que redefine el género en consolas de nueva generación.</p>",Sony Interactive Entertainment,Software > Video Game Software,Juegos PS5,"carreras, gran turismo, juego ps5, mayorista, ps5, simulador",true,Title,Default Title,,,,,,,,,100.0,shopify,1,deny,manual,69000.00,,true,true,,,,,711719541677,https://cdn.shopify.com/s/files/1/0796/0703/8180/files/Gran-Turismo-7-Standard-Edition-Sony-PS5-Fisico-2.png?v=1775591908,1,"",false,Gran Turismo 7 PS5 | Juego Físico de Carreras | Parquelectro,"Gran Turismo 7 para PS5 en formato físico. +400 autos, circuitos reales, gráficos 4K y ray tracing. El simulador de conducción definitivo.",,,,,,,,,,,,,,,,,,,,,,,,,,,,,,,,,,,,,,,,,,,,,,,,,,,,,,,,,,,,,,,,,,,,,,,,,,,,,,,,,,,,,,,,,,,,,,,,,,18,,,,,,18,,,,,,,,america-del-norte-na,,,,,,,,,,,,,,,,,,,,,,,,,fisico,conducir-carreras; simulacion,playstation-5,,,,,,,,,g,,,active
gran-turismo-7-ps5,,,,,,,,,,,,,,,,,,,,,,,,,,,,,,,,https://cdn.shopify.com/s/files/1/0796/0703/8180/files/maxresdefault_1.jpg?v=1775592057,2,"",,,,,,,,,,,,,,,,,,,,,,,,,,,,,,,,,,,,,,,,,,,,,,,,,,,,,,,,,,,,,,,,,,,,,,,,,,,,,,,,,,,,,,,,,,,,,,,,,,,,,,,,,,,,,,,,,,,,,,,,,,,,,,,,,,,,,,,,,,,,,,,,,,,,,,,,,,
ea-sports-fc-26-ps5,EA Sports FC 26 – Juego PS5,"<h2>EA Sports FC 26 para PS5 – El Fútbol Más Real de la Historia</h2><p>La nueva entrega de EA Sports FC llega con gráficos potenciados para PS5, jugabilidad refinada y los mejores modos de juego para vivir el fútbol como nunca antes. Ligas, clubes y jugadores reales en la palma de tu mano.</p><ul>
<li>⚽ <strong>Fútbol con licencias oficiales</strong> — ligas, clubes y jugadores reales</li>
<li>🎮 <strong>Modos de juego:</strong> Ultimate Team, Carrera, Volta Football y más</li>
<li>📺 <strong>Gráficos optimizados para PS5</strong> con mayor fluidez y detalle visual</li>
<li>👥 <strong>Multijugador local y online</strong> para jugar con amigos</li>
<li>💿 <strong>Formato:</strong> físico en disco para PlayStation 5</li>
</ul><p>El juego de fútbol más completo del mercado. Ideal para fans del deporte y gamers competitivos por igual.</p>",EA Sports,Software > Video Game Software,Juegos PS5,"ea sports, fc26, futbol, juego ps5, ps5",true,Title,Default Title,,,,,,,,,100.0,shopify,2,deny,manual,90300.00,,true,true,,,,,014633750492,https://cdn.shopify.com/s/files/1/0796/0703/8180/files/68779-producto-fc-ps5.jpg?v=1775591733,1,"",false,EA Sports FC 26 PS5 | Juego Físico de Fútbol | Parquelectro,"EA Sports FC 26 para PS5 en formato físico. Fútbol con licencias oficiales, Ultimate Team, Carrera y multijugador online.",,,,,,,,,,,,,,,,,,,,,,,,,,,,,,,,,,,,,,,,,,,,,,,,,,,,,,,,,,,,,,,,e10-todos-10,,,,,,,,,,,,,,,,,,,,,,,,,,,,,,,,,,,,,,,,,,,,,,,,america-del-norte-na,,,,,,,,,,,,,,,,,,,,,,,,,fisico,deportes; simulacion,playstation-5,,,,,,,,,g,,,active
the-lego-movie-videogame-ps4,The LEGO Movie Videogame – Juego PS4,"<h2>The LEGO Movie Videogame para PS4 – Aventura y Humor para Toda la Familia</h2><p>Viví la película desde adentro. The LEGO Movie Videogame te pone en la piel de Emmet y sus amigos en una aventura llena de humor, acción y creatividad al estilo LEGO. Ideal para jugar solo o en familia.</p><ul>
<li>🧱 <strong>Basado en la película The LEGO Movie</strong> — historia fiel con humor original</li>
<li>👨‍👩‍👧 <strong>Apto para todas las edades</strong> — perfecto para jugar en familia</li>
<li>🎮 <strong>Género:</strong> Aventura y acción en tercera persona</li>
<li>💿 <strong>Formato:</strong> físico en disco para PlayStation 4</li>
<li>✅ <strong>Compatible con PS4 y PS5</strong> (retrocompatibilidad)</li>
</ul><p>Un clásico de los juegos LEGO que combina exploración, combate y construcción. Diversión garantizada para chicos y grandes.</p>",Warner Bros. Games,Software > Video Game Software,Juegos PS4,"aventura, familiar, juego ps4, lego, mayorista, ps4",true,Title,Default Title,,,,,,,,,85.0,shopify,1,deny,manual,45000.00,,true,true,,,,,883929375301,https://cdn.shopify.com/s/files/1/0796/0703/8180/files/images_43.jpg?v=1775591327,1,"",false,The LEGO Movie Videogame PS4 | Juego Físico | Parquelectro,The LEGO Movie Videogame para PS4 en formato físico. Aventura familiar basada en la película. Compatible con PS4 y PS5.,,,,,,,,,,,,,,,,,,,,,,,,,,,,,,,,,,,,,,,,,,,,,,,,,,,,,,,,,,,,,,,,e10-todos-10,,,,,,,,,,,,,,,,,,,,,,,,,,,,,,,,,,,,,,,,,,,,,,,,europa-eu,,,,,,,,,,,,,,,,,,,,,,,,,fisico,accion; aventura,playstation-4,plataforma,,,,,,,,g,,,active
palo-selfie-tripode-magnetico-magsafe-wep-p15-mini,Palo de Selfie + Trípode Magnético MagSafe WEP P15 Mini,"<h2>Palo de Selfie y Trípode Magnético WEP P15 Mini – Compatible con MagSafe</h2><p>El accesorio 2 en 1 que necesitás para tus fotos y videos. El WEP P15 Mini combina palo de selfie extensible con trípode estable y sujeción magnética compatible con MagSafe, ideal para creadores de contenido y uso cotidiano.</p><ul>
<li>🧲 <strong>Sujeción magnética</strong> compatible con MagSafe y fundas MagSafe</li>
<li>🤳 <strong>2 en 1:</strong> palo de selfie extensible + trípode independiente</li>
<li>📸 <strong>Ideal para fotos, videos y videollamadas</strong> en cualquier superficie</li>
<li>📱 <strong>Compatible con iPhone</strong> con MagSafe y smartphones con funda magnética</li>
<li>⚖️ <strong>Peso:</strong> 295 g — liviano y portátil</li>
<li>📦 <strong>SKU:</strong> WEP-P15MINI</li>
</ul><p>Compacto y versátil, el P15 Mini es el compañero perfecto para capturar cada momento con estabilidad y estilo.</p>",WEP,Electronics > Communications > Telephony > Mobile & Smart Phone Accessories > Mobile Phone Camera Accessories > Selfie Sticks,Palos de Selfie y Trípodes,"iphone, magnetico, magsafe, mayorista, palo selfie, tripode",true,Title,Default Title,,,,,,,,WEP-P15MINI,295.0,shopify,3,deny,manual,26400.00,,true,true,,,,,6290132594629,https://cdn.shopify.com/s/files/1/0796/0703/8180/files/b2825b4a4bd082a27969d3654ed662b0.webp?v=1775590960,1,"",false,Palo de Selfie Trípode Magnético MagSafe WEP P15 Mini | Parquelectro,Palo de selfie y trípode 2 en 1 con imán MagSafe WEP P15 Mini. Compatible con iPhone y fundas magnéticas. Liviano y portátil.,,,,,,,,,,,,,,,,,,,,,,,,,,,,,,,,,,,,,,,,,,,negro,,,,,,,,,,,,,,,,,,,,,,,goma,,,,,,,,,,,,,,cerradura-de-presion-traccion,1,,,,,,metal; plastico,,,,,,angulo-regulable; plegable-1; portatil; facil-de-instalar,,,,,,,,,,,,,,,,,,,,,,,,,,,,,,,,,,,,,,,,,,,,,,,,,,,,,,,g,,,active
palo-selfie-tripode-magnetico-magsafe-wep-p15-mini,,,,,,,,,,,,,,,,,,,,,,,,,,,,,,,,https://cdn.shopify.com/s/files/1/0796/0703/8180/files/WhatsAppImage2026-04-07at16.00.39.jpg?v=1775590646,2,"",,,,,,,,,,,,,,,,,,,,,,,,,,,,,,,,,,,,,,,,,,,,,,,,,,,,,,,,,,,,,,,,,,,,,,,,,,,,,,,,,,,,,,,,,,,,,,,,,,,,,,,,,,,,,,,,,,,,,,,,,,,,,,,,,,,,,,,,,,,,,,,,,,,,,,,,,,
palo-selfie-tripode-magnetico-magsafe-wep-p15-mini,,,,,,,,,,,,,,,,,,,,,,,,,,,,,,,,https://cdn.shopify.com/s/files/1/0796/0703/8180/files/WhatsAppImage2026-04-07at16.00.40.jpg?v=1775590646,3,"",,,,,,,,,,,,,,,,,,,,,,,,,,,,,,,,,,,,,,,,,,,,,,,,,,,,,,,,,,,,,,,,,,,,,,,,,,,,,,,,,,,,,,,,,,,,,,,,,,,,,,,,,,,,,,,,,,,,,,,,,,,,,,,,,,,,,,,,,,,,,,,,,,,,,,,,,,
minecraft-legends-deluxe-edition-ps4,Minecraft Legends Deluxe Edition – Juego PS4,"<h2>Minecraft Legends Deluxe Edition para PS4 – Acción Estratégica en el Universo Minecraft</h2><p>Defendé el Overworld de la invasión Piglin en este juego de acción y estrategia ambientado en el universo Minecraft. La edición Deluxe incluye contenido exclusivo para potenciar tu aventura desde el primer día.</p><ul>
<li>🎮 <strong>Género:</strong> Acción y estrategia en tercera persona</li>
<li>📦 <strong>Edición Deluxe</strong> — incluye contenido adicional exclusivo</li>
<li>👾 <strong>Enemigos:</strong> Hordas de Piglins con distintas habilidades</li>
<li>👥 <strong>Multijugador:</strong> modo cooperativo y PvP online</li>
<li>💿 <strong>Formato:</strong> físico en disco para PlayStation 4</li>
<li>✅ <strong>Compatible con PS4 y PS5</strong> (retrocompatibilidad)</li>
</ul><p>Una experiencia única que combina la creatividad de Minecraft con la intensidad de un juego de estrategia en tiempo real. Ideal para fans de la saga y nuevos jugadores.</p>",Mojang Studios,Software > Video Game Software,Juegos PS4,"accion estrategia, deluxe edition, juego ps4, mayorista, minecraft, ps4",true,Title,Default Title,,,,,,,,,95.0,shopify,1,deny,manual,74250.00,,true,true,,,,,5056635601797,https://cdn.shopify.com/s/files/1/0796/0703/8180/files/WhatsAppImage2026-04-07at16.00.39_2.jpg?v=1775589468,1,"",false,Minecraft Legends Deluxe Edition PS4 | Juego Físico | Parquelectro,Minecraft Legends Deluxe Edition para PS4. Juego físico de acción y estrategia. Compatible con PS4 y PS5. Incluye contenido exclusivo Deluxe.,,,,,,,,,,,,,,,,,,,,,,,,,,,,,,,,,,,,,,,,,,,,,,,,,,,,,,,,,,,,,,,,e10-todos-10,,,,,,,,,,,,,,,,,,,,,,,,,,,,,,,,,,18,,,,,,12,,,,,,,,europa-eu,,,,,,,,,,,,,,,,,,,,,,,,,fisico,accion; estrategia,playstation-4,,,,,,,,,g,,,active
joystick-redragon-saturn-vibracion-pc-ps3,Joystick Redragon Saturn con Vibración para PC y PS3,"<h2>Joystick Redragon Saturn – Control Gamer con Vibración para PC y PS3</h2><p>Llevá tu experiencia de juego al siguiente nivel con el joystick Redragon Saturn. Diseñado para gaming intenso, combina ergonomia, doble vibración y compatibilidad amplia en un control robusto y cómodo.</p><ul>
<li>🎮 <strong>12 botones</strong> + <strong>2 joysticks analógicos</strong> para control total</li>
<li>📳 <strong>Vibración dual</strong> para mayor inmersión en el juego</li>
<li>🔌 <strong>Conexión USB</strong> — plug &amp; play, sin drivers adicionales</li>
<li>📰 <strong>Cable de 1,5 metros</strong> para mayor libertad de movimiento</li>
<li>🖥️ <strong>Compatible con:</strong> Windows XP/Vista/7/8/10 y PlayStation 3</li>
</ul><p>Ideal para juegos de acción, peleas y deportes. Una opción sólida para gamers que buscan rendimiento sin pagar de más.</p>",Redragon,Electronics > Electronics Accessories > Computer Components > Input Devices > Game Controllers > Gaming Pads,Joysticks,"gaming, joystick, mayorista, pc gamer, ps3, redragon",true,Title,Default Title,,,,,,,,,325.0,shopify,1,deny,manual,35060.00,,true,true,,,,,"",https://cdn.shopify.com/s/files/1/0796/0703/8180/files/51106-producto-satturn.jpg?v=1775588743,1,"",false,Joystick Redragon Saturn con Vibración USB para PC y PS3 | Parquelectro,"Joystick Redragon Saturn con vibración dual, 12 botones, 2 analógicos y conexión USB. Compatible con PC Windows y PlayStation 3.",,,,,,,,,,,,,,,,,,,,,,,,,,,,,,,,,,,,,,,,,,,negro,,,,,,,usb-c,usb; cableado,,,,,,,,,,,,,,,,,,,,,,,,,,,,,,,,,,,,,,,,,,,,,,,,,,,,,,,,,usb,,,,,,,,,,,,,,,,,,,,,,,,,,,,,,,,,,,,,,,,g,,,active
joystick-redragon-saturn-vibracion-pc-ps3,,,,,,,,,,,,,,,,,,,,,,,,,,,,,,,,https://cdn.shopify.com/s/files/1/0796/0703/8180/files/1130-producto-7-7351.jpg?v=1775588743,2,"",,,,,,,,,,,,,,,,,,,,,,,,,,,,,,,,,,,,,,,,,,,,,,,,,,,,,,,,,,,,,,,,,,,,,,,,,,,,,,,,,,,,,,,,,,,,,,,,,,,,,,,,,,,,,,,,,,,,,,,,,,,,,,,,,,,,,,,,,,,,,,,,,,,,,,,,,,
joystick-redragon-saturn-vibracion-pc-ps3,,,,,,,,,,,,,,,,,,,,,,,,,,,,,,,,https://cdn.shopify.com/s/files/1/0796/0703/8180/files/joystick-gamepad-redragon-g807-saturn-inalam-pc-ps3.jpg?v=1775588743,3,"",,,,,,,,,,,,,,,,,,,,,,,,,,,,,,,,,,,,,,,,,,,,,,,,,,,,,,,,,,,,,,,,,,,,,,,,,,,,,,,,,,,,,,,,,,,,,,,,,,,,,,,,,,,,,,,,,,,,,,,,,,,,,,,,,,,,,,,,,,,,,,,,,,,,,,,,,,
adaptador-wifi-usb-nano-tp-link-tl-wn725n-150mbps,Adaptador WiFi USB Nano TP-Link TL-WN725N 150 Mbps,"<h2>Adaptador WiFi USB Nano TP-Link TL-WN725N – Compacto y Sin Complicaciones</h2><p>El adaptador nano más discreto del mercado. El TP-Link TL-WN725N se conecta por USB 2.0 y queda casi invisible en tu equipo, brindándote conectividad WiFi de hasta 150 Mbps para navegar, trabajar y hacer videollamadas.</p><ul>
<li>📶 <strong>Velocidad:</strong> hasta 150 Mbps en banda 2.4 GHz</li>
<li>🔌 <strong>Conexión:</strong> USB 2.0, plug &amp; play</li>
<li>📦 <strong>Diseño nano</strong> — ultra compacto, queda casi oculto en el puerto USB</li>
<li>🖥️ <strong>Compatible con:</strong> Windows, Mac y Linux</li>
<li>✅ <strong>Garantía:</strong> 2 años oficial TP-Link</li>
</ul><p>Perfecto para sumar WiFi a una PC de escritorio o reponer un adaptador dañado. Sin instalación compleja, listo para usar en segundos.</p>",TP-Link,Electronics > Networking > Network Cards & Adapters,Adaptadores WiFi,"150mbps, adaptador wifi, mayorista, tp-link, usb wifi, wifi",true,Title,Default Title,,,,,,,,TL-WN725N,55.0,shopify,3,deny,manual,12000.00,,true,true,,,,,6935364050719,https://cdn.shopify.com/s/files/1/0796/0703/8180/files/placa-de-rede-wifi-tp-link-tl-wn725n-n150-nano-usb.jpg?v=1775586845,1,"",false,Adaptador WiFi USB Nano TP-Link TL-WN725N 150 Mbps | Parquelectro,"Adaptador WiFi USB nano TP-Link TL-WN725N, 150 Mbps, USB 2.0, diseño ultra compacto. Compatible con Windows, Mac y Linux. Garantía 2 años.",,,,,,,,,,,,,,,,,,,,,,,,,,,,,,,,,,,,,,,,,,,negro,,,,,,,usb,,,,,,,,,,,,,,,,,,,,,,,,,,,,,,,,,,,,,,,,,,,,,,,,,,tcp-ip; wi-fi-ieee-802-11,,,,,,,,usb,,,,,,,,,,,,,,,,,,,,,,,,,,,,,,,,,,,,,2-4-ghz,802-11n,,g,,,active
adaptador-wifi-usb-nano-tp-link-tl-wn725n-150mbps,,,,,,,,,,,,,,,,,,,,,,,,,,,,,,,,https://cdn.shopify.com/s/files/1/0796/0703/8180/files/WhatsApp_Image_2026-04-07_at_15.43.58.jpg?v=1775587562,2,"",,,,,,,,,,,,,,,,,,,,,,,,,,,,,,,,,,,,,,,,,,,,,,,,,,,,,,,,,,,,,,,,,,,,,,,,,,,,,,,,,,,,,,,,,,,,,,,,,,,,,,,,,,,,,,,,,,,,,,,,,,,,,,,,,,,,,,,,,,,,,,,,,,,,,,,,,,
adaptador-wifi-usb-tp-link-tl-wn823n-mini-300mbps,Adaptador WiFi USB TP-Link TL-WN823N Mini 300 Mbps,"<h2>Adaptador WiFi USB TP-Link TL-WN823N – Conectividad Inalámbrica Simple y Rápida</h2><p>Sumá conectividad WiFi a cualquier PC o notebook en segundos. El adaptador mini TP-Link TL-WN823N se conecta por USB 2.0 y ofrece hasta 300 Mbps para navegar, trabajar y hacer videollamadas sin cables.</p><ul>
<li>📶 <strong>Velocidad:</strong> hasta 300 Mbps en banda 2.4 GHz</li>
<li>🔌 <strong>Conexión:</strong> USB 2.0, plug &amp; play</li>
<li>🔘 <strong>Botón WPS</strong> para conexión rápida y segura</li>
<li>🖥️ <strong>Compatible con:</strong> Windows, Mac y Linux</li>
<li>📦 <strong>Diseño mini</strong> — compacto, ideal para viajes y home office</li>
<li>✅ <strong>Garantía:</strong> 2 años oficial TP-Link</li>
</ul><p>Ideal para equipos de escritorio sin WiFi integrado o notebooks con adaptador dañado. Instalación sin drivers en la mayoría de los sistemas.</p>",TP-Link,Electronics > Networking > Network Cards & Adapters,Adaptadores WiFi,"300mbps, adaptador wifi, mayorista, tp-link, usb wifi, wifi",true,Title,Default Title,,,,,,,,TL-WN823N,70.0,shopify,3,deny,manual,15655.00,,true,true,,,,,6935364050696,https://cdn.shopify.com/s/files/1/0796/0703/8180/files/6935364050696-v-637666594250130000-category-product-version-image.webp?v=1775585878,1,"",false,Adaptador WiFi USB TP-Link TL-WN823N Mini 300 Mbps | Parquelectro,"Adaptador WiFi USB mini TP-Link TL-WN823N, 300 Mbps, USB 2.0, botón WPS. Compatible con Windows, Mac y Linux. Garantía 2 años.",,,,,,,,,,,,,,,,,,,,,,,,,,,,,,,,,,,,,,,,,,,negro,,,,,,,usb-c; wi-fi,,,,,,,,,,,,,,,,,,,,,,,,,,,,,,,,,,,,,,,,,,,,,,,,,,tcp-ip; wi-fi-ieee-802-11,,,,,,,,usb,,,,,,,,,,,,,,,,,,,,,,,,,,,,,,,,,,,,,banda-unica-2-4-ghz; 2-4-ghz,802-11n,,g,,,active
adaptador-wifi-usb-tp-link-tl-wn823n-mini-300mbps,,,,,,,,,,,,,,,,,,,,,,,,,,,,,,,,https://cdn.shopify.com/s/files/1/0796/0703/8180/files/950e200d-fbce-4092-a7a7-ec77bc0907da.webp?v=1775585878,2,"",,,,,,,,,,,,,,,,,,,,,,,,,,,,,,,,,,,,,,,,,,,,,,,,,,,,,,,,,,,,,,,,,,,,,,,,,,,,,,,,,,,,,,,,,,,,,,,,,,,,,,,,,,,,,,,,,,,,,,,,,,,,,,,,,,,,,,,,,,,,,,,,,,,,,,,,,,
adaptador-wifi-usb-tp-link-tl-wn823n-mini-300mbps,,,,,,,,,,,,,,,,,,,,,,,,,,,,,,,,https://cdn.shopify.com/s/files/1/0796/0703/8180/files/6935364050696.webp?v=1775585878,3,"",,,,,,,,,,,,,,,,,,,,,,,,,,,,,,,,,,,,,,,,,,,,,,,,,,,,,,,,,,,,,,,,,,,,,,,,,,,,,,,,,,,,,,,,,,,,,,,,,,,,,,,,,,,,,,,,,,,,,,,,,,,,,,,,,,,,,,,,,,,,,,,,,,,,,,,,,,
auriculares-manos-libres-noga-ng-1800c-usb-c,Auriculares Manos Libres Noga NG-1800C con Conexión USB-C,"<h2>Auriculares Manos Libres Noga NG-1800C – Conexión USB-C</h2><p>Diseñados para quienes buscan comodidad y calidad de audio en llamadas y música, los auriculares Noga NG-1800C se conectan vía USB-C y ofrecen una experiencia de sonido clara y equilibrada.</p><ul>
<li>🎧 <strong>Conexión USB-C</strong> — compatible con smartphones, tablets y notebooks modernos</li>
<li>🔊 <strong>Frecuencia de respuesta:</strong> 20 Hz – 20 kHz</li>
<li>⚡ <strong>Impedancia:</strong> 32 Ω</li>
<li>📏 <strong>Cable:</strong> 110 cm</li>
<li>🏗️ <strong>Material:</strong> ABS resistente</li>
<li>🎙️ <strong>Micrófono integrado</strong> para llamadas manos libres</li>
</ul><p>Ideal para home office, estudio y uso diario. Livianos y prácticos para llevar a cualquier lado.</p>",Noga,Electronics > Audio > Audio Components > Headphones & Headsets > Headphones > In-Ear Headphones,Auriculares,"auriculares, home office, manos libres, mayorista, noga, usb-c",true,Title,Default Title,,,,,,,,NG-1800C,35.0,shopify,6,deny,manual,4391.00,,true,true,,,,,7798137724724,https://cdn.shopify.com/s/files/1/0796/0703/8180/files/ng-1800c-bl-pack-d32a569c36884500d617466330559742-1024-1024.webp?v=1775585548,1,"",false,Auriculares Manos Libres USB-C Noga NG-1800C | Parquelectro,"Auriculares manos libres Noga NG-1800C con conexión USB-C, micrófono integrado y cable de 110 cm. Ideal para home office y uso diario.",,,,,,,,,,,,,,,,,usb-c,,,,,,,,,,,,,,,,,,,,,,,,,,blanco,,,,,,,,cableado,,,,,,,,,,,,microfono-incorporado; control-del-volumen,,,,,,,,,,auriculares,,,,,,,,,,,,,,,,,,incorporado,,,,,,,,,,,,,,,,,,,,,,,,,,,,,,,,,,,,,,,,,,,,,,,,,,,,,,,,,g,,,active
auriculares-manos-libres-noga-ng-1800c-usb-c,,,,,,,,,,,,,,,,,,,,,,,,,,,,,,,,https://cdn.shopify.com/s/files/1/0796/0703/8180/files/ng-1800c-ng-auris-07139ce5725153aae417466290662600-1024-1024.webp?v=1775585548,2,"",,,,,,,,,,,,,,,,,,,,,,,,,,,,,,,,,,,,,,,,,,,,,,,,,,,,,,,,,,,,,,,,,,,,,,,,,,,,,,,,,,,,,,,,,,,,,,,,,,,,,,,,,,,,,,,,,,,,,,,,,,,,,,,,,,,,,,,,,,,,,,,,,,,,,,,,,,
auriculares-intrauditivos-time-manos-libres-en-caja,Auriculares Intrauditivos Time con Manos Libres — En Caja,"<h2>Auriculares Intrauditivos Time con Manos Libres — Presentación en Caja</h2><p>La versión en caja de los clásicos auriculares intrauditivos Time. Ideales para regalo o reventa, con micrófono integrado para manos libres y disponibles en cuatro colores. Ultralivianos y cómodos para el uso diario.</p><ul>
<li>
<strong>Tipo:</strong> Intrauditivo (in-ear)</li>
<li>
<strong>Función:</strong> Manos libres con micrófono integrado</li>
<li>
<strong>Presentación:</strong> En caja — ideal para regalo o reventa mayorista</li>
<li>
<strong>Marca:</strong> Time</li>
<li>
<strong>Colores disponibles:</strong> Azul marino, Negro, Blanco y Rojo</li>
<li>
<strong>Peso:</strong> 25 g — ultraliviano</li>
</ul><p>Simple, confiable y con buena presentación — el auricular de entrada que siempre rota.</p>",Time,Electronics > Audio > Audio Components > Headphones & Headsets > Headphones > In-Ear Headphones,Auriculares,"auriculares, en caja, intrauditivo, manos libres, mayorista, time",true,Color,azul-marino,product.metafields.shopify.color-pattern,,,,,,,,25.0,shopify,10,deny,manual,1348.00,,true,true,,,,,"",https://cdn.shopify.com/s/files/1/0796/0703/8180/files/WhatsAppImage2026-04-01at11.22.23_1.jpg?v=1775054122,1,"",false,Auriculares Intrauditivos Time Manos Libres En Caja | Parquelectro,"Auriculares intrauditivos Time con manos libres en caja. 4 colores: azul, negro, blanco y rojo. Ideal para regalo y reventa. Envío a todo el país.",,,,,,,,,,,,,,,,,3-5-mm,,,,,,,,,,,,,,,,,,,,,,,,,,azul-marino; negro; blanco; rojo,,,,,,,,cableado,,,,,,,,,,,,microfono-incorporado; control-del-volumen,,,,,,,,,,canal; auriculares,,,,,,,,,,,,,,,,,,incorporado,,,,,,,,,,,,,,,,,,,,,,,,,,,,,,,,,,,,,,,,,,,,,,,,,,,,,,,,https://cdn.shopify.com/s/files/1/0796/0703/8180/files/WhatsAppImage2026-04-01at11.22.23_1.jpg?v=1775054122,g,,,active
auriculares-intrauditivos-time-manos-libres-en-caja,,,,,,,,,negro,,,,,,,,,25.0,shopify,10,deny,manual,1348.00,,true,true,,,,,"",https://cdn.shopify.com/s/files/1/0796/0703/8180/files/WhatsAppImage2026-04-01at11.22.23.jpg?v=1775054121,2,"",,,,,,,,,,,,,,,,,,,,,,,,,,,,,,,,,,,,,,,,,,,,,,,,,,,,,,,,,,,,,,,,,,,,,,,,,,,,,,,,,,,,,,,,,,,,,,,,,,,,,,,,,,,,,,,,,,,,,,,,,,,,,,,,,,,,,,,,,,,,,,,,,,,,,,https://cdn.shopify.com/s/files/1/0796/0703/8180/files/WhatsAppImage2026-04-01at11.22.23.jpg?v=1775054121,g,,,
auriculares-intrauditivos-time-manos-libres-en-caja,,,,,,,,,blanco,,,,,,,,,25.0,shopify,10,deny,manual,1348.00,,true,true,,,,,"",https://cdn.shopify.com/s/files/1/0796/0703/8180/files/WhatsAppImage2026-04-01at11.22.23_3.jpg?v=1775054121,3,"",,,,,,,,,,,,,,,,,,,,,,,,,,,,,,,,,,,,,,,,,,,,,,,,,,,,,,,,,,,,,,,,,,,,,,,,,,,,,,,,,,,,,,,,,,,,,,,,,,,,,,,,,,,,,,,,,,,,,,,,,,,,,,,,,,,,,,,,,,,,,,,,,,,,,,https://cdn.shopify.com/s/files/1/0796/0703/8180/files/WhatsAppImage2026-04-01at11.22.23_3.jpg?v=1775054121,g,,,
auriculares-intrauditivos-time-manos-libres-en-caja,,,,,,,,,rojo,,,,,,,,,25.0,shopify,10,deny,manual,1348.00,,true,true,,,,,"",https://cdn.shopify.com/s/files/1/0796/0703/8180/files/WhatsAppImage2026-04-01at11.22.23_2.jpg?v=1775054122,4,"",,,,,,,,,,,,,,,,,,,,,,,,,,,,,,,,,,,,,,,,,,,,,,,,,,,,,,,,,,,,,,,,,,,,,,,,,,,,,,,,,,,,,,,,,,,,,,,,,,,,,,,,,,,,,,,,,,,,,,,,,,,,,,,,,,,,,,,,,,,,,,,,,,,,,,https://cdn.shopify.com/s/files/1/0796/0703/8180/files/WhatsAppImage2026-04-01at11.22.23_2.jpg?v=1775054122,g,,,
joystick-xbox360-inalambrico,Joystick Inalámbrico SEISA Xbox 360 – PC / PS3 / Android,"<h2>Joystick Inalámbrico SEISA Xbox 360</h2>
<p>Control inalámbrico compatible con PC, PS3 y Android. Diseño ergonómico inspirado en el mando Xbox 360, con receptor USB incluido para conexión inmediata. Ideal para gaming en escritorio, notebook o smart TV con Android.</p>
<h3>Características principales</h3>
<ul>
<li>Conexión inalámbrica con receptor USB incluido</li>
<li>Compatible con PC (Windows), PS3 y Android</li>
<li>Diseño ergónomico estilo Xbox 360</li>
<li>Vibración dual (rumble)</li>
<li>Joysticks analógicos, gatillos y D-pad completo</li>
<li>Plug &amp; Play – sin drivers en la mayoría de sistemas</li>
<li>Marca SEISA</li>
</ul>
<h3>Especificaciones técnicas</h3>
<ul>
<li>
<strong>Marca:</strong> SEISA</li>
<li>
<strong>Modelo:</strong> NJX312</li>
<li>
<strong>Conexión:</strong> Inalámbrica + receptor USB</li>
<li>
<strong>Compatibilidad:</strong> PC / PS3 / Android</li>
<li>
<strong>Peso:</strong> 280g</li>
<li>
<strong>SKU:</strong> NJX312</li>
<li>
<strong>Código de barras:</strong> 6290132580134</li>
</ul>",SEISA,Electronics > Video Game Console Accessories > Home Game Console Accessories,Joysticks y Gamepads,"inalambrico, joystick, pc ps3 android, seisa, xbox 360",true,Title,Default Title,,,,,,,,NJX312,280.0,shopify,3,deny,manual,26400.00,,true,true,,,,,6290132580134,https://cdn.shopify.com/s/files/1/0796/0703/8180/files/51AvWjcgN6L._AC_UF1000_1000_QL80.jpg?v=1774742663,1,"",false,Joystick Inalámbrico SEISA Estilo Xbox 360 PC PS3 Android | Parquelectro,"Joystick inalámbrico SEISA estilo Xbox 360 con receptor USB. Compatible con PC, PS3 y Android. Vibración dual, Plug & Play. SKU NJX312.",,,,,,,,,,,,,,,,,,,,,,,,,,,,,,,,,,,,,,,,,,,negro,,,,,,,,,,,,,,,,,,,,,,,,,,,,,,,,,,,,,,,,,,,,,,,,,,,,,,,,,,,,,,,,,,,,,,,,,,,,,,,,,,,,,,,,,,,,,,,,,,,,,,,,,g,,,active
joystick-xbox360-inalambrico,,,,,,,,,,,,,,,,,,,,,,,,,,,,,,,,https://cdn.shopify.com/s/files/1/0796/0703/8180/files/PhotoRoom-20230614_091241.png?v=1774742663,2,"",,,,,,,,,,,,,,,,,,,,,,,,,,,,,,,,,,,,,,,,,,,,,,,,,,,,,,,,,,,,,,,,,,,,,,,,,,,,,,,,,,,,,,,,,,,,,,,,,,,,,,,,,,,,,,,,,,,,,,,,,,,,,,,,,,,,,,,,,,,,,,,,,,,,,,,,,,
joystick-xbox360-inalambrico,,,,,,,,,,,,,,,,,,,,,,,,,,,,,,,,https://cdn.shopify.com/s/files/1/0796/0703/8180/files/3xg.jpg?v=1774742642,3,"",,,,,,,,,,,,,,,,,,,,,,,,,,,,,,,,,,,,,,,,,,,,,,,,,,,,,,,,,,,,,,,,,,,,,,,,,,,,,,,,,,,,,,,,,,,,,,,,,,,,,,,,,,,,,,,,,,,,,,,,,,,,,,,,,,,,,,,,,,,,,,,,,,,,,,,,,,
conversor-hdmi-a-vga,Conversor HDMI a VGA Full HD 1080p,"<h2>Conversor HDMI a VGA Full HD 1080p</h2><p>Connectá tu PC, notebook, consola o decodificador con salida HDMI a un monitor o proyector con entrada VGA. Solución simple y directa para usar pantallas VGA con dispositivos modernos. Plug &amp; Play, sin drivers.</p><h3>Características principales</h3><ul>
<li>Convierte señal HDMI a VGA</li>
<li>Resolución máxima: Full HD 1080p</li>
<li>Compatible con PC, notebook, consolas, decodificadores y más</li>
<li>Ideal para monitores y proyectores con entrada VGA</li>
<li>Alimentación por USB (sin fuente externa)</li>
<li>Plug &amp; Play – sin drivers ni instalación</li>
</ul><h3>Especificaciones técnicas</h3><ul>
<li>
<strong>Entrada:</strong> HDMI (macho)</li>
<li>
<strong>Salida:</strong> VGA (hembra)</li>
<li>
<strong>Resolución:</strong> hasta 1080p Full HD</li>
<li>
<strong>Alimentación:</strong> USB</li>
<li>
<strong>Peso:</strong> 70g</li>
<li>
<strong>SKU:</strong> HDMI2VGA</li>
<li>
<strong>Código de barras:</strong> 6290132555637</li>
</ul>",SIN MARCA,Electronics > Electronics Accessories > Adapters > Audio & Video Cable Adapters & Couplers,Cables y Adaptadores,"adaptador, conversor hdmi, full hd, hdmi a vga, vga",true,Title,Default Title,,,,,,,,HDMI2VGA,70.0,shopify,2,deny,manual,5100.00,,true,true,,,,,6290132555637,https://cdn.shopify.com/s/files/1/0796/0703/8180/files/6290132555637.jpg?v=1774742042,1,"",false,Conversor HDMI a VGA Full HD 1080p Plug & Play | Parquelectro,"Conversor HDMI a VGA Full HD 1080p. Compatible con PC, notebook y consolas. Alimentación USB, sin drivers. SKU HDMI2VGA.",,,,,,,,,,,,,,,,,,,,,,,,,,,,,,,,,,,,,,,,,,,blanco,,,,,,,,,,,,macho-a-hembra,,hdmi; vga; usb,,,,,,,,,,,,,,,,,,,,,,,,,,,,,,,,,,,,,,,,,,,,,,,,,,,,,,,,,,,,,,,,,,,,,,,,,,,,,,,,,,,,,,,,,,,g,,,active
conversor-hdmi-a-vga,,,,,,,,,,,,,,,,,,,,,,,,,,,,,,,,https://cdn.shopify.com/s/files/1/0796/0703/8180/files/dd86baa33d1a2a9a27efa01f1289aba1.jpg?v=1774742042,2,"",,,,,,,,,,,,,,,,,,,,,,,,,,,,,,,,,,,,,,,,,,,,,,,,,,,,,,,,,,,,,,,,,,,,,,,,,,,,,,,,,,,,,,,,,,,,,,,,,,,,,,,,,,,,,,,,,,,,,,,,,,,,,,,,,,,,,,,,,,,,,,,,,,,,,,,,,,
conversor-hdmi-a-audio-y-video-av,Conversor HDMI a RCA Audio y Video (AV),"<h2>Conversor HDMI a RCA Audio y Video (AV)</h2><p>Convertí la señal HDMI de tu decodificador, consola o reproductor a la entrada RCA (AV) de tu TV o monitor antiguo. Solución ideal para conectar dispositivos modernos a pantallas sin entrada HDMI.</p><h3>Características principales</h3><ul>
<li>Convierte señal HDMI a RCA compuesto (audio + video)</li>
<li>Compatible con TV, monitores y equipos con entrada AV (RCA)</li>
<li>Ideal para decodificadores, consolas, reproductores y PC</li>
<li>Salida de video compuesto + audio estéreo L/R</li>
<li>Alimentación por USB (cable incluido)</li>
<li>Plug &amp; Play – sin drivers ni configuración</li>
</ul><h3>Especificaciones técnicas</h3><ul>
<li>
<strong>Entrada:</strong> HDMI</li>
<li>
<strong>Salida:</strong> RCA compuesto (video amarillo + audio rojo/blanco)</li>
<li>
<strong>Alimentación:</strong> USB</li>
<li>
<strong>Peso:</strong> 70g</li>
<li>
<strong>SKU:</strong> HDMI2AV</li>
<li>
<strong>Código de barras:</strong> 6290132555613</li>
</ul>",SIN MARCA,Electronics > Electronics Accessories > Adapters > Audio & Video Cable Adapters & Couplers,Cables y Adaptadores,"adaptador, av, conversor hdmi, hdmi a av, rca",true,Title,Default Title,,,,,,,,HDMI2AV,70.0,shopify,0,deny,manual,7798.00,,true,true,,,,,6290132555613,https://cdn.shopify.com/s/files/1/0796/0703/8180/files/Photoroom_20250130_095512.webp?v=1774741278,1,"",false,Conversor HDMI a RCA Audio y Video AV Plug & Play | Parquelectro,Conversor HDMI a RCA AV. Conecta dispositivos HDMI a TV con entrada RCA. Audio estéreo + video compuesto. Alimentación USB. SKU HDMI2AV.,,,,,,,,,,,,,,,,,,,,,,,,,,,,,,,,,,,,,,,,,,,blanco,,,,,,,,,,,,macho-a-hembra,,hdmi; rca,,,,,,,,,,,,,,,,,,,,,,,,,,,,,,,,,,,,,,,,,,,,,,,,,,,,,,,,,,,,,,,,,,,,,,,,,,,,,,,,,,,,,,,,,,,g,,,active
conversor-hdmi-a-audio-y-video-av,,,,,,,,,,,,,,,,,,,,,,,,,,,,,,,,https://cdn.shopify.com/s/files/1/0796/0703/8180/files/000000000000165246143IntCo-Conversor-HDMI-a-RCA-09-31C-3.jpg?v=1774741278,2,"",,,,,,,,,,,,,,,,,,,,,,,,,,,,,,,,,,,,,,,,,,,,,,,,,,,,,,,,,,,,,,,,,,,,,,,,,,,,,,,,,,,,,,,,,,,,,,,,,,,,,,,,,,,,,,,,,,,,,,,,,,,,,,,,,,,,,,,,,,,,,,,,,,,,,,,,,,
carry-disk-seisa-2-5mm-3-1,"Carry Disk SEISA 2.5"" USB 3.1 y USB-C – Case para Disco Externo","<h2>Carry Disk SEISA 2.5"" USB 3.1 y USB-C</h2><p>Case externo para disco rígido o SSD de 2.5"" con doble conexión: USB 3.1 y USB-C. Convertí tu disco interno en almacenamiento portátil de alta velocidad, compatible con PC, notebook y dispositivos modernos con puerto USB-C. Sin fuente de alimentación externa.</p><h3>Características principales</h3><ul>
<li>Compatible con discos HDD y SSD de 2.5"" (SATA)</li>
<li>Doble conexión: USB 3.1 y USB-C</li>
<li>Hasta 10Gbps de velocidad de transferencia</li>
<li>Retrocompatible con USB 3.0 y 2.0</li>
<li>Alimentación directa por USB – sin fuente externa</li>
<li>Diseño compacto y portátil</li>
<li>Compatible con Windows, Mac y Linux</li>
<li>Plug &amp; Play – sin drivers adicionales</li>
</ul><h3>Especificaciones técnicas</h3><ul>
<li>
<strong>Marca:</strong> SEISA</li>
<li>
<strong>Tamaño de disco:</strong> 2.5"" (SATA)</li>
<li>
<strong>Conexiones:</strong> USB 3.1 + USB-C</li>
<li>
<strong>Velocidad:</strong> hasta 10Gbps</li>
<li>
<strong>Peso:</strong> 115g</li>
<li>
<strong>SKU:</strong> HD2503T</li>
<li>
<strong>Código de barras:</strong> 6290132591444</li>
</ul>",SEISA,Electronics > Electronics Accessories > Computer Components > Storage Devices > Hard Drive Accessories > Hard Drive Enclosures & Mounts,Pendrives y Almacenamiento,"2.5, carry disk, disco externo, seisa, usb 3.1, usb-c",true,Title,Default Title,,,,,,,,HD2503T,115.0,shopify,2,deny,manual,9380.00,,true,true,,,,,6290132591444,https://cdn.shopify.com/s/files/1/0796/0703/8180/files/hd2503t2-1ec6dcac754b97196117676471961578-640-0.webp?v=1774740771,1,"",false,"Carry Disk SEISA 2.5"" USB 3.1 y USB-C Case Disco Externo | Parquelectro","Carry disk SEISA 2.5"" con USB 3.1 y USB-C. Para HDD y SSD SATA, hasta 10Gbps, Plug & Play. Compatible con PC y dispositivos USB-C. SKU HD2503T.",,,,,,,,,,,,,,,,,,,,,,,,,,,,,,,,,,,,,,,,,compacto,,negro,,,,,,,,,,,,,,usb,,,,,,,,,,,,,,,,,,,,,,,,,,,,sin-cerradura,,,,,,,,,,,,,,,,,,,,,,,usb,,,,,,,,,,,,,,,,,sata,unidad-de-disco-duro-hdd; unidad-de-estado-solido-ssd,,,,,,,,,,,,,,,,,,,,,,g,,,active
carry-disk-seisa-2-5mm-3-1,,,,,,,,,,,,,,,,,,,,,,,,,,,,,,,,https://cdn.shopify.com/s/files/1/0796/0703/8180/files/hd2503t1-988b1cc29196a1297517676471971402-1024-1024.webp?v=1774740771,2,"",,,,,,,,,,,,,,,,,,,,,,,,,,,,,,,,,,,,,,,,,,,,,,,,,,,,,,,,,,,,,,,,,,,,,,,,,,,,,,,,,,,,,,,,,,,,,,,,,,,,,,,,,,,,,,,,,,,,,,,,,,,,,,,,,,,,,,,,,,,,,,,,,,,,,,,,,,
carry-disk-noga-2-5mm-3-0,"Carry Disk NOGA 2.5"" USB 3.0 – Case para Disco Externo","<h2>Carry Disk NOGA 2.5"" USB 3.0</h2><p>Case externo para disco rígido o SSD de 2.5"" con interfaz USB 3.0. Convertí tu disco interno en un dispositivo de almacenamiento portátil de alta velocidad. Diseño compacto, liviano y sin necesidad de fuente de alimentación externa.</p><h3>Características principales</h3><ul>
<li>Compatible con discos HDD y SSD de 2.5"" (SATA)</li>
<li>Interfaz: USB 3.0 – hasta 5Gbps de velocidad de transferencia</li>
<li>Retrocompatible con USB 2.0</li>
<li>Alimentación directa por USB – sin fuente externa</li>
<li>Diseño compacto y portátil</li>
<li>Compatible con Windows, Mac y Linux</li>
<li>Plug &amp; Play – sin drivers adicionales</li>
</ul><h3>Especificaciones técnicas</h3><ul>
<li>
<strong>Marca:</strong> NOGA</li>
<li>
<strong>Tamaño de disco:</strong> 2.5"" (SATA)</li>
<li>
<strong>Interfaz:</strong> USB 3.0</li>
<li>
<strong>Velocidad:</strong> hasta 5Gbps</li>
<li>
<strong>Peso:</strong> 105g</li>
<li>
<strong>SKU:</strong> CD2 3.0</li>
<li>
<strong>Código de barras:</strong> 7798137713735</li>
</ul>",NOGA,Hardware > Hardware Accessories > Casters,Pendrives y Almacenamiento,"2.5, carry disk, disco externo, noga, usb 3.0",true,Title,Default Title,,,,,,,,CD2 3.0,105.0,shopify,6,deny,manual,8340.00,,true,true,,,,,7798137713735,https://cdn.shopify.com/s/files/1/0796/0703/8180/files/cd2-30-angulo-dcac2071b18e5ed38517297019084573-1024-1024.webp?v=1774740339,1,"",false,"Carry Disk NOGA 2.5"" USB 3.0 Case Disco Externo HDD SSD | Parquelectro","Carry disk NOGA 2.5"" USB 3.0 para HDD y SSD SATA. Hasta 5Gbps, Plug & Play, sin fuente externa. Compatible con Windows y Mac. SKU CD2 3.0.",,,,,,,,,,,,,,,,,,,,,,,,,,,,,,,,,,,,,,,,,,,negro,,,,,,,,,,,,,,,,,,,,,,,,,,,,,,,,,,,,,,,,,,,,aluminio,,,,,,,,,,,,,,,,,,,,,,,,,,,,,,,,,,,,,,,,,,,,,,,,,,,,,,,,,,,,,g,,,active
carry-disk-noga-2-5mm-3-0,,,,,,,,,,,,,,,,,,,,,,,,,,,,,,,,https://cdn.shopify.com/s/files/1/0796/0703/8180/files/cd2-30-pack-41b8742c1e68c9396717297019137027-1024-1024.webp?v=1774740339,2,"",,,,,,,,,,,,,,,,,,,,,,,,,,,,,,,,,,,,,,,,,,,,,,,,,,,,,,,,,,,,,,,,,,,,,,,,,,,,,,,,,,,,,,,,,,,,,,,,,,,,,,,,,,,,,,,,,,,,,,,,,,,,,,,,,,,,,,,,,,,,,,,,,,,,,,,,,,
parlantes-para-pc-noga,Parlantes PC NOGA USB 2.0 con Conexión 3.5mm,"<h2>Parlantes PC NOGA – Alimentación USB y Conexión 3.5mm</h2><p>Parlantes compactos para PC ideales para escritorio, home office y gaming casual. Se alimentan directamente por USB y se conectan al audio mediante jack 3.5mm, sin necesidad de fuente externa. Marca NOGA.</p><h3>Características principales</h3><ul>
<li>Alimentación: USB (sin fuente externa)</li>
<li>Conexión de audio: jack 3.5mm</li>
<li>Diseño compacto para escritorio</li>
<li>Compatible con PC, notebook y cualquier dispositivo con salida 3.5mm</li>
<li>Ideal para home office, estudio y gaming casual</li>
<li>Marca NOGA</li>
</ul><h3>Especificaciones técnicas</h3><ul>
<li>
<strong>Marca:</strong> NOGA</li>
<li>
<strong>Alimentación:</strong> USB</li>
<li>
<strong>Entrada de audio:</strong> Jack 3.5mm</li>
<li>
<strong>Peso:</strong> 170g</li>
</ul>",NOGA,Electronics > Audio > Audio Components > Speakers,Parlantes y Audio,"3.5mm, noga, parlantes, parlantes pc, usb",true,Title,Default Title,,,,,,,,NG-106,170.0,shopify,7,deny,manual,4340.00,,true,true,,,,,7798137697134,https://cdn.shopify.com/s/files/1/0796/0703/8180/files/ng-1061-28d95014b1b4e51b5d16541939669281-1024-1024.webp?v=1774740052,1,"",false,Parlantes PC NOGA USB 3.5mm Compactos para Escritorio | Parquelectro,"Parlantes NOGA para PC con alimentación USB y conexión 3.5mm. Compactos, ideales para home office y gaming. Sin fuente externa.",,,,,,,,,,,,,,,,,,2,audio-para-el-hogar; audio-profesional,,,,,,,,,,,,,,,,,,,,,,,,negro,,,,,,,,usb; cableado,,,,,,usb; 3-5-mm,,,,,,,,,,,,,,,,,,,,,,,,,,,,,,,,,,,,,sobremesa,,,,,,,,,,,,,,usb,,,,,,,,,,,,,estante-para-libros,control-del-volumen,dinamico,,,,,,,,,,,,,,,,,,,,,,,,,g,,,active
auriculares-samsung-con-cable-tipo-c,Auriculares Samsung Originales USB-C con Cable,"<h2>Auriculares Samsung Originales USB-C con Cable</h2><p>Auriculares originales Samsung con conexión USB-C y cable. Diseño in-ear cómodo para uso diario, compatibles con smartphones Samsung y cualquier dispositivo con puerto USB-C. Disponibles en color Negro y Blanco.</p><h3>Características principales</h3><ul>
<li>Conexión: USB-C</li>
<li>Tipo: in-ear con cable</li>
<li>Originales Samsung – máxima compatibilidad y calidad de audio</li>
<li>Disponibles en Negro y Blanco</li>
<li>Compatibles con Samsung Galaxy y dispositivos USB-C</li>
<li>Micrófono integrado para llamadas</li>
</ul><h3>Especificaciones técnicas</h3><ul>
<li>
<strong>Marca:</strong> Samsung</li>
<li>
<strong>Conexión:</strong> USB-C</li>
<li>
<strong>Tipo:</strong> In-ear con cable</li>
<li>
<strong>Colores:</strong> Negro / Blanco</li>
</ul>",Samsung,Electronics > Audio > Audio Components > Headphones & Headsets > Headphones > In-Ear Headphones,Auriculares,"auriculares, in-ear, originales, samsung, usb-c",true,Color,negro,product.metafields.shopify.color-pattern,,,,,,,,0.0,shopify,3,deny,manual,16500.00,,true,true,,,,,"",https://cdn.shopify.com/s/files/1/0796/0703/8180/files/258665_0_qdrzae.webp?v=1774739140,1,"",false,Auriculares Samsung Originales USB-C con Cable Negro y Blanco | Parquelectro,"Auriculares originales Samsung USB-C con cable. In-ear, con micrófono, compatibles con Galaxy y dispositivos USB-C. Negro y Blanco.",,,,,,,,,,,,,,,,,usb-c,,,,,,,,,,,,,,,,,,,,,,,,,,negro; blanco,,,,,,,,usb; cableado,,,,,,,,,,,,microfono-incorporado; control-del-volumen,,,,,,,,,,canal; auriculares,,,,,,,,,,,,,,,,,,incorporado,,,,,,,,,,,,,,,,,,,,,,,,,,,,,,,,,,,,,,,,,,,,,,,,,,,,,,,,https://cdn.shopify.com/s/files/1/0796/0703/8180/files/258665_0_qdrzae.webp?v=1774739140,kg,,,active
auriculares-samsung-con-cable-tipo-c,,,,,,,,,blanco,,,,,,,,,0.0,shopify,3,deny,manual,16500.00,,true,true,,,,,"",https://cdn.shopify.com/s/files/1/0796/0703/8180/files/258666_b2nfg5.webp?v=1774739140,2,"",,,,,,,,,,,,,,,,,,,,,,,,,,,,,,,,,,,,,,,,,,,,,,,,,,,,,,,,,,,,,,,,,,,,,,,,,,,,,,,,,,,,,,,,,,,,,,,,,,,,,,,,,,,,,,,,,,,,,,,,,,,,,,,,,,,,,,,,,,,,,,,,,,,,,,https://cdn.shopify.com/s/files/1/0796/0703/8180/files/258666_b2nfg5.webp?v=1774739140,kg,,,
auriculares-samsung-con-cable-tipo-c,,,,,,,,,,,,,,,,,,,,,,,,,,,,,,,,https://cdn.shopify.com/s/files/1/0796/0703/8180/files/258666_8_pi3bzl.webp?v=1774739058,3,"",,,,,,,,,,,,,,,,,,,,,,,,,,,,,,,,,,,,,,,,,,,,,,,,,,,,,,,,,,,,,,,,,,,,,,,,,,,,,,,,,,,,,,,,,,,,,,,,,,,,,,,,,,,,,,,,,,,,,,,,,,,,,,,,,,,,,,,,,,,,,,,,,,,,,,,,,,
auriculares-samsung-con-cable-tipo-c,,,,,,,,,,,,,,,,,,,,,,,,,,,,,,,,https://cdn.shopify.com/s/files/1/0796/0703/8180/files/258665_8_jkmt0o.webp?v=1774739058,4,"",,,,,,,,,,,,,,,,,,,,,,,,,,,,,,,,,,,,,,,,,,,,,,,,,,,,,,,,,,,,,,,,,,,,,,,,,,,,,,,,,,,,,,,,,,,,,,,,,,,,,,,,,,,,,,,,,,,,,,,,,,,,,,,,,,,,,,,,,,,,,,,,,,,,,,,,,,
cable-usb-a-usb-tipo-c-marca-noga,Cable USB-A a USB-C NOGA 1.8m – Datos y Carga,"<h2>Cable USB-A a USB-C NOGA 1.8m</h2><p>Cable de datos y carga NOGA con conector USB-A en un extremo y USB-C en el otro. Compatible con todos los dispositivos USB-C: smartphones, tablets, auriculares, notebooks y más. Longitud de 1.8m para mayor comodidad de uso.</p><h3>Características principales</h3><ul>
<li>Conectores: USB-A (macho) a USB-C (macho)</li>
<li>Longitud: 1.8 metros</li>
<li>Función: transferencia de datos y carga</li>
<li>Compatible con todos los dispositivos USB-C</li>
<li>Diseño flexible y resistente</li>
<li>Marca NOGA – garantía de calidad</li>
</ul><h3>Especificaciones técnicas</h3><ul>
<li>
<strong>Entrada:</strong> USB-A (macho)</li>
<li>
<strong>Salida:</strong> USB-C (macho)</li>
<li>
<strong>Longitud:</strong> 1.8m</li>
<li>
<strong>Peso:</strong> 40g</li>
<li>
<strong>Marca:</strong> NOGA</li>
<li>
<strong>SKU:</strong> USB C1A</li>
<li>
<strong>Código de barras:</strong> 7798137712851</li>
</ul>",NOGA,Electronics > Electronics Accessories > Cables > Storage & Data Transfer Cables > USB Cables,Cables y Adaptadores,"1.8m, cable usb-c, carga y datos, noga, usb tipo c",true,Title,Default Title,,,,,,,,USB C1A,40.0,shopify,20,deny,manual,1680.00,,true,true,,,,,7798137712851,https://cdn.shopify.com/s/files/1/0796/0703/8180/files/WhatsAppImage2026-03-28at18.55.53.jpg?v=1774735036,1,"",false,Cable USB-A a USB-C NOGA 1.8m Datos y Carga | Parquelectro,"Cable USB-A a USB-C NOGA de 1.8m para datos y carga. Compatible con smartphones, tablets y notebooks USB-C. SKU USB C1A.",,,,,,,,,,,,,,,,,,,,,,,,,,,,,,,,,,sin-apantallar-utp,,,,,,,,,negro,,,,,,,usb,,,,,,,,,,,,,,,,,,,,,,,,,,,,,,,,,,,,,,,,,,,,,,,,,,,,,,,,,,,,,,,,,,,,,,,,,,,,,,,,,,,,,,,,,,,,,,,,,,g,,,active
cable-usb-a-usb-tipo-c-marca-noga,,,,,,,,,,,,,,,,,,,,,,,,,,,,,,,,https://cdn.shopify.com/s/files/1/0796/0703/8180/files/WhatsAppImage2026-03-28at18.55.53_1.jpg?v=1774735036,2,"",,,,,,,,,,,,,,,,,,,,,,,,,,,,,,,,,,,,,,,,,,,,,,,,,,,,,,,,,,,,,,,,,,,,,,,,,,,,,,,,,,,,,,,,,,,,,,,,,,,,,,,,,,,,,,,,,,,,,,,,,,,,,,,,,,,,,,,,,,,,,,,,,,,,,,,,,,
web-cam-noga-720p,Webcam NOGA NGW-110 720p HD con Micrófono,"<h2>Webcam NOGA NGW-110 720p HD con Micrófono</h2><p>Cámara web NOGA ideal para videollamadas, clases online, streaming y trabajo remoto. Resolución HD 720p con micrófono integrado, conexión USB Plug &amp; Play y clip universal para monitor o notebook.</p><h3>Características principales</h3><ul>
<li>Resolución: 720p HD (1280x720)</li>
<li>Micrófono integrado</li>
<li>Conexión USB – Plug &amp; Play sin drivers</li>
<li>Clip ajustable para monitor, notebook o TV</li>
<li>Compatible con Zoom, Meet, Teams, Skype y más</li>
<li>Compatible con Windows, Mac y Linux</li>
<li>Ideal para home office, clases y streaming</li>
</ul><h3>Especificaciones técnicas</h3><ul>
<li>
<strong>Marca:</strong> NOGA</li>
<li>
<strong>Modelo:</strong> NGW-110</li>
<li>
<strong>Resolución:</strong> 720p HD (1280x720)</li>
<li>
<strong>Interfaz:</strong> USB 2.0</li>
<li>
<strong>Peso:</strong> 120g</li>
<li>
<strong>SKU:</strong> NGW-110</li>
<li>
<strong>Código de barras:</strong> 7798137717993</li>
</ul>",NOGA,Cameras & Optics > Cameras > Webcams,Webcams y Cámaras,"720p, home office, ngw-110, noga, webcam",true,Title,Default Title,,,,,,,,NGW-110,120.0,shopify,0,deny,manual,6734.00,,true,true,,,,,7798137717993,https://cdn.shopify.com/s/files/1/0796/0703/8180/files/1003_574041858.webp?v=1774734072,1,"",false,Webcam NOGA NGW-110 720p HD con Micrófono | Parquelectro,"Webcam NOGA NGW-110 720p HD con micrófono integrado y USB Plug & Play. Ideal para home office, clases y streaming. SKU NGW-110.",,,,,,,,,,,,,,,,,,,,,,,,,,,,,,,,,,,,,,hd,con-clip,,,,negro,,,,,,,,usb,,,,,,,,,,,,,,,,,,,,,,,,,,,,,,,,,,,,plastico,,,,,,,,,,,,,,,,,,,,,,,,,,,,,,,,,,,,,,,,,,,,,,,,,,,,,,,,,plug-and-play; escritorio,,,,g,,,active
web-cam-noga-720p,,,,,,,,,,,,,,,,,,,,,,,,,,,,,,,,https://cdn.shopify.com/s/files/1/0796/0703/8180/files/descarga_2.png?v=1774734072,2,"",,,,,,,,,,,,,,,,,,,,,,,,,,,,,,,,,,,,,,,,,,,,,,,,,,,,,,,,,,,,,,,,,,,,,,,,,,,,,,,,,,,,,,,,,,,,,,,,,,,,,,,,,,,,,,,,,,,,,,,,,,,,,,,,,,,,,,,,,,,,,,,,,,,,,,,,,,
web-cam-noga-720p,,,,,,,,,,,,,,,,,,,,,,,,,,,,,,,,https://cdn.shopify.com/s/files/1/0796/0703/8180/files/1004_1970579320.webp?v=1774734056,3,"",,,,,,,,,,,,,,,,,,,,,,,,,,,,,,,,,,,,,,,,,,,,,,,,,,,,,,,,,,,,,,,,,,,,,,,,,,,,,,,,,,,,,,,,,,,,,,,,,,,,,,,,,,,,,,,,,,,,,,,,,,,,,,,,,,,,,,,,,,,,,,,,,,,,,,,,,,
adptador-wifi-noga-600mbps,Adaptador WiFi NOGA NG-UW04 600Mbps Nano Dual Band,"<h2>Adaptador WiFi NOGA NG-UW04 600Mbps Nano Dual Band</h2><p>Conectá tu PC o notebook al WiFi de forma instantánea. El adaptador nano NOGA NG-UW04 ofrece conectividad Dual Band (2.4GHz y 5GHz) con hasta 600Mbps, en un formato ultra compacto que apenas sobresale del puerto USB.</p><h3>Características principales</h3><ul>
<li>Velocidad: hasta 600Mbps (Dual Band)</li>
<li>Frecuencias: 2.4GHz (150Mbps) + 5GHz (433Mbps)</li>
<li>Formato nano – ultra compacto</li>
<li>Interfaz: USB 2.0</li>
<li>Compatible con Windows, Mac y Linux</li>
<li>Plug &amp; Play – sin drivers adicionales en la mayoría de sistemas</li>
<li>Ideal para PC de escritorio y notebooks sin WiFi integrado</li>
</ul><h3>Especificaciones técnicas</h3><ul>
<li>
<strong>Marca:</strong> NOGA</li>
<li>
<strong>Modelo:</strong> NG-UW04</li>
<li>
<strong>Velocidad:</strong> 600Mbps Dual Band</li>
<li>
<strong>Frecuencias:</strong> 2.4GHz + 5GHz</li>
<li>
<strong>Interfaz:</strong> USB 2.0</li>
<li>
<strong>Peso:</strong> 20g</li>
<li>
<strong>SKU:</strong> NG-UW04</li>
<li>
<strong>Código de barras:</strong> 7798137720405</li>
</ul>",NOGA,Electronics > Networking > Network Cards & Adapters,Redes y Conectividad,"600mbps, adaptador wifi, dual band, ng-uw04, noga",true,Title,Default Title,,,,,,,,NG-UW04,20.0,shopify,9,deny,manual,9400.00,,true,true,,,,,7798137720405,https://cdn.shopify.com/s/files/1/0796/0703/8180/files/WhatsAppImage2026-03-28at18.27.11.jpg?v=1774733311,1,"",false,Adaptador WiFi NOGA NG-UW04 600Mbps Nano Dual Band | Parquelectro,"Adaptador WiFi nano NOGA NG-UW04 600Mbps Dual Band 2.4GHz y 5GHz. USB 2.0, Plug & Play. Compatible con PC y notebook. SKU NG-UW04.",,,,,,,,,,,,,,,,,,,,,,,,,,,,,,,,,,,,,,,,,,,negro,,,,,,,usb; wi-fi,,,,,,,,,,,,,,,,,,,,,,,,,,,,,,,,,,,,,,,,,,,,,,,,,,tcp-ip,,,,,,,,usb,,,,,,,,,,,,,,,,,,,,,,,,,,,,,,,,,,,,,banda-dual-2-4-ghz-5-ghz,802-11ac,,g,,,active
adptador-wifi-noga-600mbps,,,,,,,,,,,,,,,,,,,,,,,,,,,,,,,,https://cdn.shopify.com/s/files/1/0796/0703/8180/files/ng-uw04-pack2024-ae9a8641e48f84dfdd17301401105592-1024-1024.webp?v=1774733296,2,"",,,,,,,,,,,,,,,,,,,,,,,,,,,,,,,,,,,,,,,,,,,,,,,,,,,,,,,,,,,,,,,,,,,,,,,,,,,,,,,,,,,,,,,,,,,,,,,,,,,,,,,,,,,,,,,,,,,,,,,,,,,,,,,,,,,,,,,,,,,,,,,,,,,,,,,,,,
repetidor-wifi-noga,Repetidor WiFi NOGA NGA-REP4 300Mbps,"<h2>Repetidor WiFi NOGA NGA-REP4 300Mbps</h2><p>Ampliá la cobertura de tu red WiFi en segundos. El repetidor NOGA NGA-REP4 se conecta a tu router existente y extiende la señal hasta los rincones más alejados de tu hogar u oficina. Fácil configuración, sin cables adicionales.</p><h3>Características principales</h3><ul>
<li>Velocidad: 300Mbps (WiFi N)</li>
<li>Frecuencia: 2.4GHz</li>
<li>Modo repetidor / access point / router</li>
<li>Configuración vía WPS o panel web</li>
<li>Puerto LAN RJ45 incluido</li>
<li>Diseño compacto con enchufe directo a la pared</li>
<li>Compatible con cualquier router WiFi</li>
</ul><h3>Especificaciones técnicas</h3><ul>
<li>
<strong>Marca:</strong> NOGA</li>
<li>
<strong>Modelo:</strong> NGA-REP4</li>
<li>
<strong>Velocidad:</strong> 300Mbps</li>
<li>
<strong>Frecuencia:</strong> 2.4GHz</li>
<li>
<strong>Peso:</strong> 145g</li>
<li>
<strong>SKU:</strong> NGA-REP4</li>
<li>
<strong>Código de barras:</strong> 7798137724601</li>
</ul>",NOGA,Electronics > Networking > Repeaters & Transceivers,Redes y Conectividad,"2.4ghz, 300mbps, nga-rep4, noga, repetidor wifi",true,Title,Default Title,,,,,,,,NGA-REP4,145.0,shopify,1,deny,manual,12600.00,,true,true,,,,,7798137724601,https://cdn.shopify.com/s/files/1/0796/0703/8180/files/ng-rep4-angulo-81088ccb8fe04670db17464762305522-1024-1024.webp?v=1774729835,1,"",false,Repetidor WiFi NOGA NGA-REP4 300Mbps | Parquelectro,"Repetidor WiFi NOGA NGA-REP4 300Mbps 2.4GHz. Modo repetidor, AP y router. Fácil configuración WPS. Ideal para hogar y oficina. SKU NGA-REP4.",,,,,,,,,,,,,,,,,,,,,,,,,,,,,,,,,,,,,,,,,,,blanco,,,,,,,ethernet; wi-fi,,,,,,,,,,,,,,,,,,,,,,,,,,,,,,,,,,,,,,,,,,,,,,,,,,,,,,,,,,alimentado-por-ca,,,,,,,,,,,,,,,,,,,,,,,,,,,,,,,,,,,,,,802-11n,,g,,,active
repetidor-wifi-noga,,,,,,,,,,,,,,,,,,,,,,,,,,,,,,,,https://cdn.shopify.com/s/files/1/0796/0703/8180/files/ng-rep4-pack-97fd49eaf12a09ed4617464762347847-1024-1024.webp?v=1774729835,2,"",,,,,,,,,,,,,,,,,,,,,,,,,,,,,,,,,,,,,,,,,,,,,,,,,,,,,,,,,,,,,,,,,,,,,,,,,,,,,,,,,,,,,,,,,,,,,,,,,,,,,,,,,,,,,,,,,,,,,,,,,,,,,,,,,,,,,,,,,,,,,,,,,,,,,,,,,,
pen-drive-sandisk-16gb-2-0-original,Pendrive SanDisk Cruzer Blade 16GB USB 2.0,"<h2>Pendrive SanDisk Cruzer Blade 16GB USB 2.0</h2><p>Almacenamiento portátil confiable de la marca SanDisk. El Cruzer Blade es ideal para guardar, transferir y llevar tus archivos a cualquier lado. Diseño compacto y liviano, compatible con PC, notebook y cualquier dispositivo con puerto USB.</p><h3>Características principales</h3><ul>
<li>Capacidad: 16GB</li>
<li>Interfaz: USB 2.0</li>
<li>Diseño compacto y liviano</li>
<li>Compatible con Windows, Mac y Linux</li>
<li>Incluye software SanDisk SecureAccess para protección de archivos</li>
<li>Original SanDisk – garantía de marca</li>
</ul><h3>Especificaciones técnicas</h3><ul>
<li>
<strong>Marca:</strong> SanDisk</li>
<li>
<strong>Modelo:</strong> Cruzer Blade</li>
<li>
<strong>Capacidad:</strong> 16GB</li>
<li>
<strong>Interfaz:</strong> USB 2.0</li>
<li>
<strong>Peso:</strong> 20g</li>
<li>
<strong>SKU:</strong> SDCZ50-016G-B35</li>
<li>
<strong>Código de barras:</strong> 619659000431</li>
</ul>",SanDisk,Electronics > Electronics Accessories > Computer Components > Storage Devices > USB Flash Drives,Pendrives y Almacenamiento,"16gb, cruzer blade, pendrive, sandisk, usb 2.0",true,Title,Default Title,,,,,,,,SDCZ50-016G-B35,20.0,shopify,5,deny,manual,13900.00,,true,true,,,,,619659000431,https://cdn.shopify.com/s/files/1/0796/0703/8180/files/SanDisk-USB-Flash.png?v=1774729258,1,"",false,Pendrive SanDisk Cruzer Blade 16GB USB 2.0 Original | Parquelectro,"Pendrive SanDisk Cruzer Blade 16GB USB 2.0 original. Compacto, liviano y compatible con PC, Mac y Linux. SKU SDCZ50-016G-B35.",,,,,,,,,,,,,,,,,,,,,,,,,,,,,,,,,,,,,,,,,,,negro,,,,,,,usb,,,,,,,,,,,,,,,,,,,,,,,,,,,,,,,,,,,,,,,,,,,,,,,,,,,,,,,,,,usb,,,,,,,,,,,,,,,,,,,,,,,,,,,usb-2-0,,,,,,,,,,,,,g,,,active
pen-drive-sandisk-16gb-2-0-original,,,,,,,,,,,,,,,,,,,,,,,,,,,,,,,,https://cdn.shopify.com/s/files/1/0796/0703/8180/files/61x1JIF9MwS._AC_UF894_1000_QL80.jpg?v=1774729258,2,"",,,,,,,,,,,,,,,,,,,,,,,,,,,,,,,,,,,,,,,,,,,,,,,,,,,,,,,,,,,,,,,,,,,,,,,,,,,,,,,,,,,,,,,,,,,,,,,,,,,,,,,,,,,,,,,,,,,,,,,,,,,,,,,,,,,,,,,,,,,,,,,,,,,,,,,,,,
cable-de-alimentacion-tipo-8,Cable de Alimentación Tipo 8 Interlock 1.5m 10A 250V Homologado,"<h2>Cable de Alimentación Tipo 8 Interlock 1.5m – MICROTEC</h2><p>Cable de alimentación tipo ""8"" (interlock) homologado, de industria nacional. Fabricado por MICROTEC bajo normas eléctricas argentinas. Ideal para radios, fuentes de alimentación, electrodomésticos e industria en general.</p><h3>Características principales</h3><ul>
<li>Tipo de conector: Interlock (tipo 8)</li>
<li>Longitud: 1.5 metros</li>
<li>Sección: 2x0.5mm</li>
<li>Corriente máxima: 10A – Tensión: 250V</li>
<li>Homologado – cumple normas eléctricas argentinas</li>
<li>Industria nacional – fabricado en Argentina</li>
<li>Compatible con radios, fuentes, electrodomésticos e industria</li>
</ul><h3>Especificaciones técnicas</h3><ul>
<li>
<strong>Tipo:</strong> Interlock / Tipo 8</li>
<li>
<strong>Longitud:</strong> 1.5m</li>
<li>
<strong>Sección:</strong> 2x0.5mm</li>
<li>
<strong>Corriente:</strong> 10A</li>
<li>
<strong>Tensión:</strong> 250V</li>
<li>
<strong>Peso:</strong> 70g</li>
<li>
<strong>Marca:</strong> MICROTEC</li>
<li>
<strong>Homologado:</strong> Sí</li>
<li>
<strong>SKU:</strong> interlock</li>
</ul>",MICROTEC,Electronics > Electronics Accessories > Cables > System & Power Cables,Cables y Adaptadores,"10a 250v, cable alimentacion, electrodomesticos, homologado, industria nacional, interlock, microtec, tipo 8",true,Title,Default Title,,,,,,,,interlock,70.0,shopify,26,deny,manual,1946.00,,true,true,,,,,"",https://cdn.shopify.com/s/files/1/0796/0703/8180/files/WhatsAppImage2026-03-28at16.53.04.jpg?v=1774727607,1,"",false,Cable Tipo 8 Interlock 1.5m 10A 250V Homologado MICROTEC | Parquelectro,"Cable tipo 8 interlock MICROTEC, 1.5m, 10A 250V, 2x0.5mm, homologado. Industria nacional. Para radios, fuentes y electrodomésticos. SKU interlock.",,,,,,,,,,,,,,,,,,,,,,,,,,,,,,,,,,sin-apantallar-utp,,,,,,,,,negro,,,,,,,cable-de-alimentacion,,,,,,,,,,,,,,,,,,,,,,,,,,,,,,,,,,,,,,,,,,,,,,,,,,,,,,,,,,,,,,,,,,,,,,,,,,,,,,,,,,,,,,,,,,,,,,,,,,g,,,active
cable-de-alimentacion-tipo-8,,,,,,,,,,,,,,,,,,,,,,,,,,,,,,,,https://cdn.shopify.com/s/files/1/0796/0703/8180/files/WhatsAppImage2026-03-28at16.52.59.jpg?v=1774727607,2,"",,,,,,,,,,,,,,,,,,,,,,,,,,,,,,,,,,,,,,,,,,,,,,,,,,,,,,,,,,,,,,,,,,,,,,,,,,,,,,,,,,,,,,,,,,,,,,,,,,,,,,,,,,,,,,,,,,,,,,,,,,,,,,,,,,,,,,,,,,,,,,,,,,,,,,,,,,
camara-mini-espia-inalambrica-noga-720p-hd-con-vision-nocturna-y-deteccion-de-movimiento,Cámara Mini Espía Inalámbrica NOGA 720p HD con Visión Nocturna y Detección de Movimiento,"<h2>Vigilancia discreta y potente en un formato ultra compacto</h2><p>La <strong>Cámara Mini Espía NOGA NGW-10</strong> es la solución perfecta para quienes necesitan monitorear un espacio de forma discreta y efectiva. Con base magnética, conexión inalámbrica y visión nocturna, se adapta a cualquier superficie y funciona las 24 horas.</p><h3>Características principales</h3><ul>
<li>📷 Resolución <strong>720p HD</strong> para imagen clara y detallada</li>
<li>📡 <strong>Inalámbrica</strong> con control remoto desde tu celular</li>
<li>🌙 <strong>Visión nocturna</strong> para vigilancia en todo momento</li>
<li>🚨 <strong>Detector de movimiento</strong> con alertas en tiempo real</li>
<li>🧲 <strong>Base magnética</strong> para fijarla en cualquier superficie metálica</li>
<li>🔍 <strong>Ángulo de visión de 150°</strong> para mayor cobertura</li>
<li>🎙️ <strong>Micrófono integrado</strong> para captura de audio</li>
<li>📱 Acceso remoto desde cualquier dispositivo</li>
</ul><p>Ideal para vigilar oficinas, locales, vehículos o cualquier espacio donde necesités seguridad sin llamar la atención.</p>",NOGA,Cameras & Optics > Cameras > Surveillance Cameras,Cámaras de Seguridad,"720p, cámara espía, noga, seguridad, wifi",true,Title,Default Title,,,,,,,,NGW-10,60.0,shopify,1,deny,manual,12300.00,,true,true,,,,,7798137724762,https://cdn.shopify.com/s/files/1/0796/0703/8180/files/ngw-10_01-42226779e6c8a9083117441347208895-1024-1024.webp?v=1774447463,1,"",false,Cámara Mini Espía Inalámbrica NOGA 720p con Visión Nocturna | Parquelectro,"Cámara mini espía NOGA 720p HD, inalámbrica, con visión nocturna, detección de movimiento, base magnética y micrófono. SKU NGW-10.",,,,,,,,,,,,,,,,,,,,,,,,,,,,,,,,,,,,,control-remoto; visor,,,,,,negro,,,,,,inalambrico,,wi-fi,,,,,,,,,,,,,,,,,,,,,,,,,,,,,,,,,,,,plastico,,,,,,,,,,,,,,,,,,,,,funciona-con-baterias,,,,,,,,,,,,,,,,,,,,vineta,pared,,,,,,,,,,,,,,,,,,,g,,,active
camara-mini-espia-inalambrica-noga-720p-hd-con-vision-nocturna-y-deteccion-de-movimiento,,,,,,,,,,,,,,,,,,,,,,,,,,,,,,,,https://cdn.shopify.com/s/files/1/0796/0703/8180/files/ngw-10_pack-34f06e32e042f570d617442286357605-1024-1024.webp?v=1774447463,2,"",,,,,,,,,,,,,,,,,,,,,,,,,,,,,,,,,,,,,,,,,,,,,,,,,,,,,,,,,,,,,,,,,,,,,,,,,,,,,,,,,,,,,,,,,,,,,,,,,,,,,,,,,,,,,,,,,,,,,,,,,,,,,,,,,,,,,,,,,,,,,,,,,,,,,,,,,,
camara-mini-espia-inalambrica-noga-720p-hd-con-vision-nocturna-y-deteccion-de-movimiento,,,,,,,,,,,,,,,,,,,,,,,,,,,,,,,,https://cdn.shopify.com/s/files/1/0796/0703/8180/files/whatsapp-image-2025-03-31-at-12-29-38-pm-2-88fa84c3c93cf3ab6a17434353935903-1024-1024.webp?v=1774447463,3,"",,,,,,,,,,,,,,,,,,,,,,,,,,,,,,,,,,,,,,,,,,,,,,,,,,,,,,,,,,,,,,,,,,,,,,,,,,,,,,,,,,,,,,,,,,,,,,,,,,,,,,,,,,,,,,,,,,,,,,,,,,,,,,,,,,,,,,,,,,,,,,,,,,,,,,,,,,
cooler-seisa-120mm-rgb-luz-multicolor,Cooler 120mm RGB SEISA – Ventilador PC con Luz Multicolor,"<h2>Refrigeración eficiente con iluminación RGB</h2><p>El <strong>Cooler SEISA 12x12 RGB</strong> es un ventilador de 120mm que mantiene tu PC a temperatura óptima mientras suma estilo con su iluminación multicolor.</p><ul>
<li>Tamaño estándar 120mm (12x12 cm) – compatible con la mayoría de gabinetes ATX</li>
<li>Iluminación RGB multicolor con efecto visual llamativo</li>
<li>Bajo nivel de ruido para uso continuo</li>
<li>Fácil instalación con tornillos incluidos</li>
<li>Ideal para gabinetes con ventana lateral o builds con estética gaming</li>
</ul><p>Mejorá el flujo de aire de tu equipo sin sacrificar el diseño. Perfecto para armados gaming, workstations y upgrades de refrigeración.</p>",SEISA,Electronics > Electronics Accessories > Computer Components > Computer System Cooling Parts,Cooler / Ventilador,"120mm, cooler, gaming, rgb, ventilador",true,Color,rainbow,product.metafields.shopify.color-pattern,,,,,,,HW12J02,130.0,shopify,13,deny,manual,7000.00,,true,true,,,,,6290132574980,https://cdn.shopify.com/s/files/1/0796/0703/8180/files/WhatsAppImage2026-03-23at14.50.07_3.jpg?v=1774288464,1,"",false,Cooler 120mm RGB SEISA | Ventilador PC con Luz Multicolor,Cooler SEISA 12x12 RGB de 120mm con iluminación multicolor. Compatible con gabinetes ATX. Ideal para builds gaming y upgrades de refrigeración.,,,,,,,,,,,,,,,,,,,,,,,,,,,,,,,,,,,,,,,,,,,rainbow; colour; multicolor,,,,analogico,,,,,,,,,,,,,,,,,,,,,,,,,,,,,,,,,,,,,,,,plastico; metal,,,,,,,,,,,,,,,,,,,,,,,,,,,,,,,,,,,,,,,,,,,,,,,,,,,,,,,,,,,,https://cdn.shopify.com/s/files/1/0796/0703/8180/files/WhatsAppImage2026-03-23at14.50.07_3.jpg?v=1774288464,g,,,active
cooler-seisa-120mm-rgb-luz-multicolor,,,,,,,,,colour,,,,,,,,HW12J02,130.0,shopify,3,deny,manual,7000.00,,true,true,,,,,6290132574980,https://cdn.shopify.com/s/files/1/0796/0703/8180/files/WhatsAppImage2026-03-23at14.50.07_2.jpg?v=1774288465,2,"",,,,,,,,,,,,,,,,,,,,,,,,,,,,,,,,,,,,,,,,,,,,,,,,,,,,,,,,,,,,,,,,,,,,,,,,,,,,,,,,,,,,,,,,,,,,,,,,,,,,,,,,,,,,,,,,,,,,,,,,,,,,,,,,,,,,,,,,,,,,,,,,,,,,,,https://cdn.shopify.com/s/files/1/0796/0703/8180/files/WhatsAppImage2026-03-23at14.50.07.jpg?v=1774288464,g,,,
cooler-seisa-120mm-rgb-luz-multicolor,,,,,,,,,multicolor,,,,,,,,HW12J02,130.0,shopify,18,deny,manual,7000.00,,true,true,,,,,6290132574980,https://cdn.shopify.com/s/files/1/0796/0703/8180/files/WhatsAppImage2026-03-23at14.50.07_1.jpg?v=1774288464,3,"",,,,,,,,,,,,,,,,,,,,,,,,,,,,,,,,,,,,,,,,,,,,,,,,,,,,,,,,,,,,,,,,,,,,,,,,,,,,,,,,,,,,,,,,,,,,,,,,,,,,,,,,,,,,,,,,,,,,,,,,,,,,,,,,,,,,,,,,,,,,,,,,,,,,,,https://cdn.shopify.com/s/files/1/0796/0703/8180/files/WhatsAppImage2026-03-23at14.50.07_2.jpg?v=1774288465,g,,,
cooler-seisa-120mm-rgb-luz-multicolor,,,,,,,,,,,,,,,,,,,,,,,,,,,,,,,,https://cdn.shopify.com/s/files/1/0796/0703/8180/files/WhatsAppImage2026-03-23at14.50.07.jpg?v=1774288464,4,"",,,,,,,,,,,,,,,,,,,,,,,,,,,,,,,,,,,,,,,,,,,,,,,,,,,,,,,,,,,,,,,,,,,,,,,,,,,,,,,,,,,,,,,,,,,,,,,,,,,,,,,,,,,,,,,,,,,,,,,,,,,,,,,,,,,,,,,,,,,,,,,,,,,,,,,,,,
cooler-120mm-rgb-seisa-ventilador-pc-iluminacion-multicolor-copia,Cooler 120mm RGB SEISA – Ventilador PC Iluminación Multicolor (Copia),"<h2>Refrigeración eficiente con iluminación RGB</h2><p>El <strong>Cooler SEISA 12x12 RGB</strong> es un ventilador de 120mm diseñado para mantener tu PC a temperatura óptima mientras suma estilo con su iluminación multicolor sincronizable.</p><ul>
<li>Tamaño estándar 120mm (12x12 cm) – compatible con la mayoría de gabinetes ATX</li>
<li>Iluminación RGB multicolor con efecto visual llamativo</li>
<li>Bajo nivel de ruido para uso continuo</li>
<li>Fácil instalación con tornillos incluidos</li>
<li>Ideal para gabinetes con ventana lateral o builds con estética gaming</li>
</ul><p>Mejorá el flujo de aire de tu equipo sin sacrificar el diseño. Perfecto para armados gaming, workstations y upgrades de refrigeración.</p>",SEISA,Electronics > Electronics Accessories > Computer Components > Computer System Cooling Parts,Cooler / Ventilador,"120mm, cooler, gaming, mayorista, rgb, ventilador",true,Color,rainbow,product.metafields.shopify.color-pattern,,,,,,,HW-12J03,130.0,shopify,1,deny,manual,7250.00,,true,true,,,,,6290132574997,https://cdn.shopify.com/s/files/1/0796/0703/8180/files/WhatsAppImage2026-03-23at14.44.05_1.jpg?v=1774287973,1,"",false,Cooler 120mm RGB SEISA | Ventilador PC Multicolor,Cooler SEISA 12x12 RGB de 120mm con iluminación multicolor. Compatible con gabinetes ATX. Ideal para builds gaming y upgrades de refrigeración.,,,,,,,,,,,,,,,,,,,,,,,,,,,,,,,,,,,,,,,,,,,rainbow; colour; blanco; multicolor,,,,analogico,,,,,,,,,,,,,,,,,,,,,,,,,,,,,,,,,,,,,,,,plastico; metal,,,,,,,,,,,,,,,,,,,,,,,,,,,,,,,,,,,,,,,,,,,,,,,,,,,,,,,,,,,,https://cdn.shopify.com/s/files/1/0796/0703/8180/files/WhatsAppImage2026-03-23at14.44.05_1.jpg?v=1774287973,g,,,active
cooler-120mm-rgb-seisa-ventilador-pc-iluminacion-multicolor-copia,,,,,,,,,colour,,,,,,,,HW-12J03,130.0,shopify,4,deny,manual,7250.00,,true,true,,,,,6290132574997,https://cdn.shopify.com/s/files/1/0796/0703/8180/files/WhatsAppImage2026-03-23at14.44.05.jpg?v=1774287973,2,"",,,,,,,,,,,,,,,,,,,,,,,,,,,,,,,,,,,,,,,,,,,,,,,,,,,,,,,,,,,,,,,,,,,,,,,,,,,,,,,,,,,,,,,,,,,,,,,,,,,,,,,,,,,,,,,,,,,,,,,,,,,,,,,,,,,,,,,,,,,,,,,,,,,,,,https://cdn.shopify.com/s/files/1/0796/0703/8180/files/WhatsAppImage2026-03-23at14.44.05.jpg?v=1774287973,g,,,
cooler-120mm-rgb-seisa-ventilador-pc-iluminacion-multicolor-copia,,,,,,,,,,,,,,,,,,,,,,,,,,,,,,,,https://cdn.shopify.com/s/files/1/0796/0703/8180/files/WhatsAppImage2026-03-23at14.44.05_2.jpg?v=1774287973,3,"",,,,,,,,,,,,,,,,,,,,,,,,,,,,,,,,,,,,,,,,,,,,,,,,,,,,,,,,,,,,,,,,,,,,,,,,,,,,,,,,,,,,,,,,,,,,,,,,,,,,,,,,,,,,,,,,,,,,,,,,,,,,,,,,,,,,,,,,,,,,,,,,,,,,,,,,,,
teclado-inalambrico-noga-dual,Teclado Inalámbrico Noga Dual,"<p>Teclado inalámbrico Noga Dual que soporta multitarea. Disponible en diferentes modelos y colores para adaptarse a tus necesidades.</p><ul>
<li>Conexión inalámbrica dual</li>
<li>Soporta multitarea</li>
<li>Disponible en versión estándar con teclas redondas y versión ergonómica con apoya muñecas</li>
</ul>",NOGA,Electronics > Electronics Accessories > Computer Components > Input Devices > Keyboards,"",mayorista,true,Color,rosa,product.metafields.shopify.color-pattern,,,,,,,,0.0,shopify,0,deny,manual,22120.00,,true,true,,,,,"",https://cdn.shopify.com/s/files/1/0796/0703/8180/files/nkb-q30.webp?v=1772886412,1,"",false,Teclado Inalámbrico Noga Dual - Multitarea,Teclado inalámbrico Noga Dual con soporte multitarea. Disponible en varios colores y modelo ergonómico con apoya muñecas.,,,,,,,,,,,,,,,,,,,,,,,,,,,,,,,,,,,,,,,,,,,rosa; blanco; marron; negro,,,,,,,bluetooth; inalambrico,,,,,,,,,,,,,,,,,,,,,,,,,,compacto,qwerty,,,,,,,,,,,,,,,,,,,,,,,,,,,,,,,recargable; funciona-con-baterias,,,,,,,,,,,,,,,,,,,,,,,,,,,,,,,,,,,,,,,https://cdn.shopify.com/s/files/1/0796/0703/8180/files/nkb-q30-angulo-02.webp?v=1772886412,kg,,,active
teclado-inalambrico-noga-dual,,,,,,,,,blanco,,,,,,,,,0.0,shopify,5,deny,manual,22120.00,,true,true,,,,,"",https://cdn.shopify.com/s/files/1/0796/0703/8180/files/nkb-q30-angulo-02.webp?v=1772886412,2,"",,,,,,,,,,,,,,,,,,,,,,,,,,,,,,,,,,,,,,,,,,,,,,,,,,,,,,,,,,,,,,,,,,,,,,,,,,,,,,,,,,,,,,,,,,,,,,,,,,,,,,,,,,,,,,,,,,,,,,,,,,,,,,,,,,,,,,,,,,,,,,,,,,,,,,https://cdn.shopify.com/s/files/1/0796/0703/8180/files/nkb-q30-angulo-03.webp?v=1772886412,kg,,,
teclado-inalambrico-noga-dual,,,,,,,,,marron,,,,,,,,,0.0,shopify,4,deny,manual,22120.00,,true,true,,,,,"",https://cdn.shopify.com/s/files/1/0796/0703/8180/files/nkb-q30-angulo-05.jog.webp?v=1772886412,3,"",,,,,,,,,,,,,,,,,,,,,,,,,,,,,,,,,,,,,,,,,,,,,,,,,,,,,,,,,,,,,,,,,,,,,,,,,,,,,,,,,,,,,,,,,,,,,,,,,,,,,,,,,,,,,,,,,,,,,,,,,,,,,,,,,,,,,,,,,,,,,,,,,,,,,,https://cdn.shopify.com/s/files/1/0796/0703/8180/files/nkb-q30-angulo-05.jog.webp?v=1772886412,kg,,,
teclado-inalambrico-noga-dual,,,,,,,,,negro,,,,,,,,,0.0,shopify,4,deny,manual,22120.00,,true,true,,,,,"",https://cdn.shopify.com/s/files/1/0796/0703/8180/files/nkb-q30-angulo-04.webp?v=1772886412,4,"",,,,,,,,,,,,,,,,,,,,,,,,,,,,,,,,,,,,,,,,,,,,,,,,,,,,,,,,,,,,,,,,,,,,,,,,,,,,,,,,,,,,,,,,,,,,,,,,,,,,,,,,,,,,,,,,,,,,,,,,,,,,,,,,,,,,,,,,,,,,,,,,,,,,,,https://cdn.shopify.com/s/files/1/0796/0703/8180/files/nkb-q30-angulo-04.webp?v=1772886412,kg,,,
teclado-inalambrico-noga-dual,,,,,,,,,,,,,,,,,,,,,,,,,,,,,,,,https://cdn.shopify.com/s/files/1/0796/0703/8180/files/nkb-q30-angulo-03.webp?v=1772886412,5,"",,,,,,,,,,,,,,,,,,,,,,,,,,,,,,,,,,,,,,,,,,,,,,,,,,,,,,,,,,,,,,,,,,,,,,,,,,,,,,,,,,,,,,,,,,,,,,,,,,,,,,,,,,,,,,,,,,,,,,,,,,,,,,,,,,,,,,,,,,,,,,,,,,,,,,,,,,
teclado-inalambrico-noga-dual,,,,,,,,,,,,,,,,,,,,,,,,,,,,,,,,https://cdn.shopify.com/s/files/1/0796/0703/8180/files/ejemplo-750-x-750.webp?v=1772886412,6,"",,,,,,,,,,,,,,,,,,,,,,,,,,,,,,,,,,,,,,,,,,,,,,,,,,,,,,,,,,,,,,,,,,,,,,,,,,,,,,,,,,,,,,,,,,,,,,,,,,,,,,,,,,,,,,,,,,,,,,,,,,,,,,,,,,,,,,,,,,,,,,,,,,,,,,,,,,
memoria-micro-sd-sandisk-ultra-100mb-s-con-adaptador-sd,Memoria Micro SD SanDisk Ultra 100MB/s con Adaptador SD,"<p><strong>Memoria Micro SD SanDisk Ultra - Almacenamiento Confiable</strong></p><p>Expandí la capacidad de tu smartphone, tablet, cámara o consola con las memorias micro SD SanDisk Ultra. Velocidad de hasta 100MB/s e incluye adaptador SD.</p><ul>
<li>
<strong>Velocidad de hasta 100MB/s:</strong> Transferencias rápidas de fotos y videos</li>
<li>Incluye adaptador SD para mayor compatibilidad</li>
<li>Ideal para smartphones, tablets, cámaras y consolas</li>
<li>Clase 10 para grabación de video Full HD</li>
<li>Resistente al agua, temperatura, rayos X y golpes</li>
<li>Garantía SanDisk</li>
<li>Disponible en 2 capacidades: 32GB y 64GB</li>
<li>Marca: SanDisk</li>
</ul>",SANDISK,Electronics > Electronics Accessories > Memory > Flash Memory > Flash Memory Cards,Memoria Micro SD,"adaptador, almacenamiento, mayorista, memoria, microsd, sandisk",true,Capacidad,32gb,,,,,,,,SDSQUNR-032G-GN3MA,10.0,shopify,1,deny,manual,19140.00,,true,true,,,,,619659184377,https://cdn.shopify.com/s/files/1/0796/0703/8180/files/sandisk.webp?v=1772658595,1,"",false,Memoria Micro SD SanDisk Ultra 100MB/s 32GB 64GB | Parquelectro,"Memoria Micro SD SanDisk Ultra 100MB/s con adaptador SD. Disponible en 32GB y 64GB. Ideal para smartphones, cámaras y tablets.",,,,,,,,,,,,,,,,,,,,,,,,,,,,,,,,,,,,,,,,,,,gris; negro,,,,,,,,,,,,,,tarjeta-micro-sd; tarjeta-sd,,,,,,,,,,,,,,,,,,,,,,,,,,,,,,,,flash-nand,,,,,,,,,,,,,,,,,,,,,,,,,,,,,,,,,,,,,,,,,,,,,,,,,,,,,,,,,,https://cdn.shopify.com/s/files/1/0796/0703/8180/files/sandisk.webp?v=1772658595,g,,,active
memoria-micro-sd-sandisk-ultra-100mb-s-con-adaptador-sd,,,,,,,,,64gb,,,,,,,,SDSQUNR-064G-GN3MA,10.0,shopify,2,deny,manual,30580.00,,true,true,,,,,619659185060,https://cdn.shopify.com/s/files/1/0796/0703/8180/files/155777-800-450.webp?v=1772658596,2,"",,,,,,,,,,,,,,,,,,,,,,,,,,,,,,,,,,,,,,,,,,,,,,,,,,,,,,,,,,,,,,,,,,,,,,,,,,,,,,,,,,,,,,,,,,,,,,,,,,,,,,,,,,,,,,,,,,,,,,,,,,,,,,,,,,,,,,,,,,,,,,,,,,,,,,https://cdn.shopify.com/s/files/1/0796/0703/8180/files/155777-800-450.webp?v=1772658596,g,,,
memoria-micro-sd-sandisk-ultra-100mb-s-con-adaptador-sd,,,,,,,,,,,,,,,,,,,,,,,,,,,,,,,,https://cdn.shopify.com/s/files/1/0796/0703/8180/files/51Keukd-THL._AC_SL1080.jpg?v=1772658595,3,"",,,,,,,,,,,,,,,,,,,,,,,,,,,,,,,,,,,,,,,,,,,,,,,,,,,,,,,,,,,,,,,,,,,,,,,,,,,,,,,,,,,,,,,,,,,,,,,,,,,,,,,,,,,,,,,,,,,,,,,,,,,,,,,,,,,,,,,,,,,,,,,,,,,,,,,,,,
mouse-usb-noga-ng-611-optico-basico,Mouse USB Noga NG-611 - Óptico Básico,"<p><strong>Mouse USB Noga NG-611 - Solución Económica y Confiable</strong></p><p>Mouse USB óptico Noga modelo NG-611, la opción perfecta para uso diario con el mejor precio. Ideal para oficinas, escuelas y uso doméstico.</p><ul>
<li>Sensor óptico preciso</li>
<li>Conexión USB plug and play</li>
<li>Diseño ergonómico básico</li>
<li>Compatible con Windows, Mac y Linux</li>
<li>Ideal para uso diario en oficina, escuela y hogar</li>
<li>Excelente precio accesible</li>
<li>Disponible en 4 colores: Rosa, Negro, Gris y Azul</li>
<li>Marca: Noga</li>
</ul>",NOGA,Electronics > Electronics Accessories > Computer Components > Input Devices > Mice & Trackballs,Mouse USB,"economico, mayorista, mouse, noga, oficina, optico, usb",true,Color,negro,product.metafields.shopify.color-pattern,,,,,,,NG-611,0.0,shopify,27,deny,manual,1932.00,,true,true,,,,,7798137385406,https://cdn.shopify.com/s/files/1/0796/0703/8180/files/ng-611u.webp?v=1772642165,1,"",false,Mouse USB Noga NG-611 Óptico Económico | Parquelectro,"Mouse USB Noga NG-611 óptico. Económico y confiable. Disponible en Rosa, Negro, Gris y Azul. Ideal para oficina y hogar.",,,,,,,,,,,,,,,,,,,,,,,,,,,,,,,,,,,,,,,,,,,negro; rosa; gris; azul,,,,,,,usb,,,,,,,,,,,,,,,,,,,,,,,,,,,,,,,,,,,,,,,,,,,,,,optico,rueda-de-desplazamiento,,,,,,,,,,,usb,,,,,,,,,,,,,,,,,,,,,,,,,,,,,,,,,,,,,,,https://cdn.shopify.com/s/files/1/0796/0703/8180/files/ng-611u.webp?v=1772642165,kg,,1288.00,active
mouse-usb-noga-ng-611-optico-basico,,,,,,,,,rosa,,,,,,,,NG-611,0.0,shopify,12,deny,manual,1932.00,,true,true,,,,,7798137704436,https://cdn.shopify.com/s/files/1/0796/0703/8180/files/ng-611u-rs-full.webp?v=1772642165,2,"",,,,,,,,,,,,,,,,,,,,,,,,,,,,,,,,,,,,,,,,,,,,,,,,,,,,,,,,,,,,,,,,,,,,,,,,,,,,,,,,,,,,,,,,,,,,,,,,,,,,,,,,,,,,,,,,,,,,,,,,,,,,,,,,,,,,,,,,,,,,,,,,,,,,,,https://cdn.shopify.com/s/files/1/0796/0703/8180/files/ng-611u-rs-full.webp?v=1772642165,kg,,1288.00,
mouse-usb-noga-ng-611-optico-basico,,,,,,,,,gris,,,,,,,,NG-611,0.0,shopify,10,deny,manual,1932.00,,true,true,,,,,7798137700339,https://cdn.shopify.com/s/files/1/0796/0703/8180/files/ng-611u1.webp?v=1772642165,3,"",,,,,,,,,,,,,,,,,,,,,,,,,,,,,,,,,,,,,,,,,,,,,,,,,,,,,,,,,,,,,,,,,,,,,,,,,,,,,,,,,,,,,,,,,,,,,,,,,,,,,,,,,,,,,,,,,,,,,,,,,,,,,,,,,,,,,,,,,,,,,,,,,,,,,,https://cdn.shopify.com/s/files/1/0796/0703/8180/files/ng-611u1.webp?v=1772642165,kg,,1288.00,
mouse-usb-noga-ng-611-optico-basico,,,,,,,,,azul,,,,,,,,NG-611,0.0,shopify,11,deny,manual,1932.00,,true,true,,,,,7798137697615,https://cdn.shopify.com/s/files/1/0796/0703/8180/files/mouse-optico-noga-ng-611u-azul.jpg?v=1772642165,4,"",,,,,,,,,,,,,,,,,,,,,,,,,,,,,,,,,,,,,,,,,,,,,,,,,,,,,,,,,,,,,,,,,,,,,,,,,,,,,,,,,,,,,,,,,,,,,,,,,,,,,,,,,,,,,,,,,,,,,,,,,,,,,,,,,,,,,,,,,,,,,,,,,,,,,,https://cdn.shopify.com/s/files/1/0796/0703/8180/files/mouse-optico-noga-ng-611u-azul.jpg?v=1772642165,kg,,1288.00,
cable-de-red-seisa-categoria-6-ethernet-gigabit,Cable de Red Seisa Categoría 6 - Ethernet Gigabit,"<p><strong>Cable de Red Seisa Categoría 6 - Velocidad Gigabit Ethernet</strong></p>
<p>Conectá tus dispositivos con la velocidad y confiabilidad de Categoría 6. Los cables Seisa Cat6 ofrecen rendimiento superior para redes de alta velocidad.</p>
<ul>
<li>
<strong>Categoría 6 certificada:</strong> Soporta velocidades de hasta 1 Gbps</li>
<li>Mayor ancho de banda que Cat5E</li>
<li>Ideal para redes Gigabit Ethernet</li>
<li>Conectores RJ45 de calidad premium</li>
<li>Blindaje mejorado para reducir interferencias</li>
<li>Perfecto para gaming, streaming 4K y transferencias rápidas</li>
<li>Compatible con Cat5, Cat5E y Cat6</li>
<li>Disponible en 3 longitudes: 3m, 5m y 15m</li>
<li>Marca: Seisa</li>
</ul>",SEISA,Electronics > Electronics Accessories > Cables > Network Cables > Ethernet Cables,Cable de Red,"cable, cat6, ethernet, mayorista, seisa",true,Longitud,2 mts,,,,,,,,XJL-2M,80.0,shopify,0,deny,manual,1958.00,,true,true,,,,,6290132560327,https://cdn.shopify.com/s/files/1/0796/0703/8180/files/redseisacat6.webp?v=1772641246,1,"",false,Cable de Red Seisa Cat6 Gigabit Ethernet 3m 5m 15m | Parquelectro,"Cable de red Seisa Categoría 6 Gigabit Ethernet. Velocidad 1 Gbps. Disponible en 3m, 5m y 15m. Calidad premium para redes rápidas.",,,,,,,,,,,,,,,,,,,,,,,,,,,,,,,,,,lamina-ftp,,,,,,,,,amarillo,,,,,,,,,,,,,,,,,,,,,,,,,,,,,,,,,,,,,,,,,,,,,,,,,,,,,,,,rj-45,,,,,,,,,,,,,,,,,,,,,,,,,,,,,,,,,,,,,,,,,,,,,,,,https://cdn.shopify.com/s/files/1/0796/0703/8180/files/redseisacat6.webp?v=1772641246,g,,,active
cable-de-red-seisa-categoria-6-ethernet-gigabit,,,,,,,,,3 mts,,,,,,,,XJL-3M,90.0,shopify,4,deny,manual,2828.00,,true,true,,,,,6290132560334,,,,,,,,,,,,,,,,,,,,,,,,,,,,,,,,,,,,,,,,,,,,,,,,,,,,,,,,,,,,,,,,,,,,,,,,,,,,,,,,,,,,,,,,,,,,,,,,,,,,,,,,,,,,,,,,,,,,,,,,,,,,,,,,,,,,,,,,,,,,,,,,,,,,,,,,,https://cdn.shopify.com/s/files/1/0796/0703/8180/files/redseisacat6.webp?v=1772641246,g,,,
cable-de-red-seisa-categoria-6-ethernet-gigabit,,,,,,,,,5 mts,,,,,,,,XJL-5M,0.0,shopify,0,deny,manual,2934.00,,true,true,,,,,"",,,,,,,,,,,,,,,,,,,,,,,,,,,,,,,,,,,,,,,,,,,,,,,,,,,,,,,,,,,,,,,,,,,,,,,,,,,,,,,,,,,,,,,,,,,,,,,,,,,,,,,,,,,,,,,,,,,,,,,,,,,,,,,,,,,,,,,,,,,,,,,,,,,,,,,,,https://cdn.shopify.com/s/files/1/0796/0703/8180/files/redseisacat6.webp?v=1772641246,kg,,,
cable-de-red-seisa-categoria-6-ethernet-gigabit,,,,,,,,,10 mts,,,,,,,,XJL-10M,0.0,shopify,0,deny,manual,5145.00,,true,true,,,,,"",,,,,,,,,,,,,,,,,,,,,,,,,,,,,,,,,,,,,,,,,,,,,,,,,,,,,,,,,,,,,,,,,,,,,,,,,,,,,,,,,,,,,,,,,,,,,,,,,,,,,,,,,,,,,,,,,,,,,,,,,,,,,,,,,,,,,,,,,,,,,,,,,,,,,,,,,https://cdn.shopify.com/s/files/1/0796/0703/8180/files/redseisacat6.webp?v=1772641246,kg,,,
cable-de-red-seisa-categoria-6-ethernet-gigabit,,,,,,,,,15 mts,,,,,,,,XJL-15M,0.0,shopify,4,deny,manual,6235.00,,true,true,,,,,6290132560365,,,,,,,,,,,,,,,,,,,,,,,,,,,,,,,,,,,,,,,,,,,,,,,,,,,,,,,,,,,,,,,,,,,,,,,,,,,,,,,,,,,,,,,,,,,,,,,,,,,,,,,,,,,,,,,,,,,,,,,,,,,,,,,,,,,,,,,,,,,,,,,,,,,,,,,,,https://cdn.shopify.com/s/files/1/0796/0703/8180/files/redseisacat6.webp?v=1772641246,kg,,,
cable-de-red-seisa-categoria-6-ethernet-gigabit,,,,,,,,,20 mts,,,,,,,,XJL-20M,0.0,shopify,0,deny,manual,7439.00,,true,true,,,,,7798137723765,,,,,,,,,,,,,,,,,,,,,,,,,,,,,,,,,,,,,,,,,,,,,,,,,,,,,,,,,,,,,,,,,,,,,,,,,,,,,,,,,,,,,,,,,,,,,,,,,,,,,,,,,,,,,,,,,,,,,,,,,,,,,,,,,,,,,,,,,,,,,,,,,,,,,,,,,https://cdn.shopify.com/s/files/1/0796/0703/8180/files/redseisacat6.webp?v=1772641246,kg,,,
cable-de-red-seisa-categoria-6-ethernet-gigabit,,,,,,,,,30 mts,,,,,,,,XJL-30M,0.0,shopify,0,deny,manual,9715.00,,true,true,,,,,6290132560389,,,,,,,,,,,,,,,,,,,,,,,,,,,,,,,,,,,,,,,,,,,,,,,,,,,,,,,,,,,,,,,,,,,,,,,,,,,,,,,,,,,,,,,,,,,,,,,,,,,,,,,,,,,,,,,,,,,,,,,,,,,,,,,,,,,,,,,,,,,,,,,,,,,,,,,,,https://cdn.shopify.com/s/files/1/0796/0703/8180/files/redseisacat6.webp?v=1772641246,kg,,,
mouse-inalambrico-noga-ngm-680-libertad-sin-cables,Mouse Inalámbrico Noga NGM-680 - Libertad sin Cables,"<p><strong>Mouse Inalámbrico Noga NGM-680 - Comodidad y Movilidad</strong></p><p>Liberáte de los cables con el mouse inalámbrico Noga NGM-680. Diseño ergonómico y conexión estable para trabajar con total libertad de movimiento.</p><ul>
<li>Conexión inalámbrica 2.4GHz estable y confiable</li>
<li>Receptor USB nano compacto</li>
<li>Sensor óptico preciso</li>
<li>Diseño ergonómico para uso prolongado</li>
<li>Ahorro de energía con modo sleep automático</li>
<li>Alcance de hasta 10 metros</li>
<li>Compatible con Windows, Mac y Linux</li>
<li>Disponible en 2 colores: Rosa y Negro</li>
<li>Marca: Noga</li>
</ul>",NOGA,Electronics > Electronics Accessories > Computer Components > Input Devices > Mice & Trackballs,Mouse Inalámbrico,"inalambrico, mayorista, mouse, noga, wireless",true,Color,negro,product.metafields.shopify.color-pattern,,,,,,,NGM-680,0.0,shopify,0,deny,manual,5068.00,,true,true,,,,,"",https://cdn.shopify.com/s/files/1/0796/0703/8180/files/ngm-680.webp?v=1772640965,1,"",false,Mouse Inalámbrico Noga NGM-680 Wireless | Parquelectro,Mouse inalámbrico Noga NGM-680. Conexión 2.4GHz estable. Disponible en Rosa y Negro. Ergonómico y cómodo. Libertad sin cables.,,,,,,,,,,,,,,,,,,,,,,,,,,,,,,,,,,,,,,,,,,,negro; rosa; rojo; celeste,,,,,,,inalambrico,,,,,,,,,,,,,,,,,,,,,,,,,,,,,,,,,,,,,,,,,,,,,,optico,diseno-ergonomico,,,,,,,,,,,funciona-con-baterias,,,,,,,,,,,,,,,,,,,,,,,,,,,,,,,,,,,,,,,https://cdn.shopify.com/s/files/1/0796/0703/8180/files/ngm-680.webp?v=1772640965,kg,,,active
mouse-inalambrico-noga-ngm-680-libertad-sin-cables,,,,,,,,,rosa,,,,,,,,NGM-680,0.0,shopify,16,deny,manual,5068.00,,true,true,,,,,7798137723529,https://cdn.shopify.com/s/files/1/0796/0703/8180/files/ngm-680-rs.webp?v=1772640964,2,"",,,,,,,,,,,,,,,,,,,,,,,,,,,,,,,,,,,,,,,,,,,,,,,,,,,,,,,,,,,,,,,,,,,,,,,,,,,,,,,,,,,,,,,,,,,,,,,,,,,,,,,,,,,,,,,,,,,,,,,,,,,,,,,,,,,,,,,,,,,,,,,,,,,,,,https://cdn.shopify.com/s/files/1/0796/0703/8180/files/ngm-680-rs.webp?v=1772640964,kg,,,
mouse-inalambrico-noga-ngm-680-libertad-sin-cables,,,,,,,,,rojo,,,,,,,,NGM-680,0.0,shopify,0,deny,manual,5068.00,,true,true,,,,,"",https://cdn.shopify.com/s/files/1/0796/0703/8180/files/ngm-680-r.webp?v=1772640965,3,"",,,,,,,,,,,,,,,,,,,,,,,,,,,,,,,,,,,,,,,,,,,,,,,,,,,,,,,,,,,,,,,,,,,,,,,,,,,,,,,,,,,,,,,,,,,,,,,,,,,,,,,,,,,,,,,,,,,,,,,,,,,,,,,,,,,,,,,,,,,,,,,,,,,,,,https://cdn.shopify.com/s/files/1/0796/0703/8180/files/ngm-680-r.webp?v=1772640965,kg,,,
mouse-inalambrico-noga-ngm-680-libertad-sin-cables,,,,,,,,,celeste,,,,,,,,NGM-680,0.0,shopify,0,deny,manual,5068.00,,true,true,,,,,"",https://cdn.shopify.com/s/files/1/0796/0703/8180/files/ngm-680-az.webp?v=1772640965,4,"",,,,,,,,,,,,,,,,,,,,,,,,,,,,,,,,,,,,,,,,,,,,,,,,,,,,,,,,,,,,,,,,,,,,,,,,,,,,,,,,,,,,,,,,,,,,,,,,,,,,,,,,,,,,,,,,,,,,,,,,,,,,,,,,,,,,,,,,,,,,,,,,,,,,,,https://cdn.shopify.com/s/files/1/0796/0703/8180/files/ngm-680-az.webp?v=1772640965,kg,,,
mouse-inalambrico-noga-ngm-680-libertad-sin-cables,,,,,,,,,,,,,,,,,,,,,,,,,,,,,,,,https://cdn.shopify.com/s/files/1/0796/0703/8180/files/ngm-680-box.webp?v=1772640964,5,"",,,,,,,,,,,,,,,,,,,,,,,,,,,,,,,,,,,,,,,,,,,,,,,,,,,,,,,,,,,,,,,,,,,,,,,,,,,,,,,,,,,,,,,,,,,,,,,,,,,,,,,,,,,,,,,,,,,,,,,,,,,,,,,,,,,,,,,,,,,,,,,,,,,,,,,,,,
mouse-usb-noga-ngm-621-optico-economico,Mouse USB Noga NGM-621 - Óptico Económico,"<p><strong>Mouse USB Noga NGM-621 - Calidad y Precio Accesible</strong></p><p>Mouse USB óptico Noga modelo 621, la solución perfecta para uso diario con excelente relación precio-calidad. Ideal para oficinas, hogares y estudiantes.</p><ul>
<li>Sensor óptico preciso y confiable</li>
<li>Conexión USB plug and play</li>
<li>Diseño ergonómico y cómodo</li>
<li>Compatible con Windows, Mac y Linux</li>
<li>Ideal para uso diario en oficina y hogar</li>
<li>Excelente relación precio-calidad</li>
<li>Disponible en 2 colores: Negro y Rojo</li>
<li>Marca: Noga</li>
</ul>",NOGA,Electronics > Electronics Accessories > Computer Components > Input Devices > Mice & Trackballs,Mouse USB,"economico, mayorista, mouse, noga, usb",true,Color,negro,product.metafields.shopify.color-pattern,,,,,,,NGM-621,0.0,shopify,0,deny,manual,2240.00,,true,true,,,,,"",https://cdn.shopify.com/s/files/1/0796/0703/8180/files/621_rojo.webp?v=1772640488,1,"",false,Mouse USB Noga NGM-621 Óptico Económico | Parquelectro,Mouse USB Noga NGM-621 óptico. Económico y confiable. Disponible en Negro y Rojo. Ideal para oficina y hogar. Precio accesible.,,,,,,,,,,,,,,,,,,,,,,,,,,,,,,,,,,,,,,,,,,,negro; celeste; rosa; rojo; blanco,,,,,,,usb,,,,,,,,,,,,,,,,,,,,,,,,,,,,,,,,,,,,,,,,,,,,,,optico,rueda-de-desplazamiento,,,,,,,,,,,usb,,,,,,,,,,,,,,,,,,,,,,,,,,,,,,,,,,,,,,,https://cdn.shopify.com/s/files/1/0796/0703/8180/files/621_rojo.webp?v=1772640488,kg,,1400.00,active
mouse-usb-noga-ngm-621-optico-economico,,,,,,,,,celeste,,,,,,,,NGM-621,0.0,shopify,0,deny,manual,2240.00,,true,true,,,,,"",https://cdn.shopify.com/s/files/1/0796/0703/8180/files/621celes.webp?v=1772640488,2,"",,,,,,,,,,,,,,,,,,,,,,,,,,,,,,,,,,,,,,,,,,,,,,,,,,,,,,,,,,,,,,,,,,,,,,,,,,,,,,,,,,,,,,,,,,,,,,,,,,,,,,,,,,,,,,,,,,,,,,,,,,,,,,,,,,,,,,,,,,,,,,,,,,,,,,https://cdn.shopify.com/s/files/1/0796/0703/8180/files/621celes.webp?v=1772640488,kg,,1400.00,
mouse-usb-noga-ngm-621-optico-economico,,,,,,,,,rosa,,,,,,,,NGM-621,0.0,shopify,8,deny,manual,2240.00,,true,true,,,,,"",https://cdn.shopify.com/s/files/1/0796/0703/8180/files/621rosa.webp?v=1772640488,3,"",,,,,,,,,,,,,,,,,,,,,,,,,,,,,,,,,,,,,,,,,,,,,,,,,,,,,,,,,,,,,,,,,,,,,,,,,,,,,,,,,,,,,,,,,,,,,,,,,,,,,,,,,,,,,,,,,,,,,,,,,,,,,,,,,,,,,,,,,,,,,,,,,,,,,,https://cdn.shopify.com/s/files/1/0796/0703/8180/files/621rosa.webp?v=1772640488,kg,,1400.00,
mouse-usb-noga-ngm-621-optico-economico,,,,,,,,,rojo,,,,,,,,NGM-621,0.0,shopify,1,deny,manual,2240.00,,true,true,,,,,7798137722553,https://cdn.shopify.com/s/files/1/0796/0703/8180/files/621negro.webp?v=1772640488,4,"",,,,,,,,,,,,,,,,,,,,,,,,,,,,,,,,,,,,,,,,,,,,,,,,,,,,,,,,,,,,,,,,,,,,,,,,,,,,,,,,,,,,,,,,,,,,,,,,,,,,,,,,,,,,,,,,,,,,,,,,,,,,,,,,,,,,,,,,,,,,,,,,,,,,,,https://cdn.shopify.com/s/files/1/0796/0703/8180/files/621negro.webp?v=1772640488,kg,,1400.00,
mouse-usb-noga-ngm-621-optico-economico,,,,,,,,,blanco,,,,,,,,NGM-621,0.0,shopify,8,deny,manual,2240.00,,true,true,,,,,"",https://cdn.shopify.com/s/files/1/0796/0703/8180/files/621blanco.webp?v=1772640488,5,"",,,,,,,,,,,,,,,,,,,,,,,,,,,,,,,,,,,,,,,,,,,,,,,,,,,,,,,,,,,,,,,,,,,,,,,,,,,,,,,,,,,,,,,,,,,,,,,,,,,,,,,,,,,,,,,,,,,,,,,,,,,,,,,,,,,,,,,,,,,,,,,,,,,,,,https://cdn.shopify.com/s/files/1/0796/0703/8180/files/621blanco.webp?v=1772640488,kg,,1400.00,
mouse-usb-noga-ngm-621-optico-economico,,,,,,,,,,,,,,,,,,,,,,,,,,,,,,,,https://cdn.shopify.com/s/files/1/0796/0703/8180/files/621caja.webp?v=1772640488,6,"",,,,,,,,,,,,,,,,,,,,,,,,,,,,,,,,,,,,,,,,,,,,,,,,,,,,,,,,,,,,,,,,,,,,,,,,,,,,,,,,,,,,,,,,,,,,,,,,,,,,,,,,,,,,,,,,,,,,,,,,,,,,,,,,,,,,,,,,,,,,,,,,,,,,,,,,,,
mouse-mini-usb-noga-engomado-ngm-418-compacto-y-colorido,Mouse Mini USB Noga Engomado NGM-418 - Compacto y Colorido,"<p><strong>Mouse Mini USB Noga Engomado NGM-418 - Tamaño Compacto, Máxima Comodidad</strong></p><p>Llevá tu mouse a todos lados con el diseño mini de Noga. Acabado engomado suave al tacto y colores vibrantes para personalizar tu espacio de trabajo.</p><ul>
<li>
<strong>Diseño mini compacto:</strong> Perfecto para notebooks y espacios reducidos</li>
<li>Acabado engomado antideslizante</li>
<li>Conexión USB plug and play</li>
<li>Sensor óptico preciso</li>
<li>Ligero y portátil</li>
<li>Ideal para viajes, trabajo y estudio</li>
<li>Compatible con Windows, Mac y Linux</li>
<li>Disponible en 5 colores vibrantes: Violeta, Verde, Rosa, Naranja y Amarillo</li>
<li>Marca: Noga</li>
</ul>",NOGA,Electronics > Electronics Accessories > Computer Components > Input Devices > Mice & Trackballs,Mouse USB,"mayorista, mini, mouse, noga, usb",true,Color,negro,product.metafields.shopify.color-pattern,,,,,,,NGM-418,0.0,shopify,0,deny,manual,5460.00,,true,true,,,,,"",https://cdn.shopify.com/s/files/1/0796/0703/8180/files/4189.webp?v=1772639985,1,"",false,Mouse Mini USB Noga Engomado NGM-418 Compacto | Parquelectro,"Mouse mini USB Noga engomado NGM-418. Compacto y portátil. Disponible en Violeta, Verde, Rosa, Naranja y Amarillo. Ideal para notebooks.",,,,,,,,,,,,,,,,,,,,,,,,,,,,,,,,,,,,,,,,,,,negro; lila; rojo; amarillo; naranja; verde; celeste; rosa,,,,,,,usb,,,,,,,,,,,,,,,,,,,,,,,,,,,,,,,,,,,,,,,,,,,,,,optico,rueda-de-desplazamiento,,,,,,,,,,,usb,,,,,,,,,,,,,,,,,,,,,,,,,,,,,,,,,,,,,,,https://cdn.shopify.com/s/files/1/0796/0703/8180/files/4189.webp?v=1772639985,kg,,,active
mouse-mini-usb-noga-engomado-ngm-418-compacto-y-colorido,,,,,,,,,lila,,,,,,,,NGM-418,0.0,shopify,0,deny,manual,5460.00,,true,true,,,,,"",https://cdn.shopify.com/s/files/1/0796/0703/8180/files/4188.webp?v=1772639985,2,"",,,,,,,,,,,,,,,,,,,,,,,,,,,,,,,,,,,,,,,,,,,,,,,,,,,,,,,,,,,,,,,,,,,,,,,,,,,,,,,,,,,,,,,,,,,,,,,,,,,,,,,,,,,,,,,,,,,,,,,,,,,,,,,,,,,,,,,,,,,,,,,,,,,,,,https://cdn.shopify.com/s/files/1/0796/0703/8180/files/4188.webp?v=1772639985,kg,,,
mouse-mini-usb-noga-engomado-ngm-418-compacto-y-colorido,,,,,,,,,rojo,,,,,,,,NGM-418,0.0,shopify,0,deny,manual,5460.00,,true,true,,,,,"",https://cdn.shopify.com/s/files/1/0796/0703/8180/files/4187.webp?v=1772639985,3,"",,,,,,,,,,,,,,,,,,,,,,,,,,,,,,,,,,,,,,,,,,,,,,,,,,,,,,,,,,,,,,,,,,,,,,,,,,,,,,,,,,,,,,,,,,,,,,,,,,,,,,,,,,,,,,,,,,,,,,,,,,,,,,,,,,,,,,,,,,,,,,,,,,,,,,https://cdn.shopify.com/s/files/1/0796/0703/8180/files/4187.webp?v=1772639985,kg,,,
mouse-mini-usb-noga-engomado-ngm-418-compacto-y-colorido,,,,,,,,,amarillo,,,,,,,,NGM-418,0.0,shopify,5,deny,manual,5460.00,,true,true,,,,,7798137718303,https://cdn.shopify.com/s/files/1/0796/0703/8180/files/4186.webp?v=1772639985,4,"",,,,,,,,,,,,,,,,,,,,,,,,,,,,,,,,,,,,,,,,,,,,,,,,,,,,,,,,,,,,,,,,,,,,,,,,,,,,,,,,,,,,,,,,,,,,,,,,,,,,,,,,,,,,,,,,,,,,,,,,,,,,,,,,,,,,,,,,,,,,,,,,,,,,,,https://cdn.shopify.com/s/files/1/0796/0703/8180/files/4186.webp?v=1772639985,kg,,,
mouse-mini-usb-noga-engomado-ngm-418-compacto-y-colorido,,,,,,,,,naranja,,,,,,,,NGM-418,0.0,shopify,5,deny,manual,5460.00,,true,true,,,,,7798137703033,https://cdn.shopify.com/s/files/1/0796/0703/8180/files/4185.webp?v=1772639985,5,"",,,,,,,,,,,,,,,,,,,,,,,,,,,,,,,,,,,,,,,,,,,,,,,,,,,,,,,,,,,,,,,,,,,,,,,,,,,,,,,,,,,,,,,,,,,,,,,,,,,,,,,,,,,,,,,,,,,,,,,,,,,,,,,,,,,,,,,,,,,,,,,,,,,,,,https://cdn.shopify.com/s/files/1/0796/0703/8180/files/4185.webp?v=1772639985,kg,,,
mouse-mini-usb-noga-engomado-ngm-418-compacto-y-colorido,,,,,,,,,verde,,,,,,,,NGM-418,0.0,shopify,1,deny,manual,5460.00,,true,true,,,,,7798137703026,https://cdn.shopify.com/s/files/1/0796/0703/8180/files/4184.webp?v=1772639985,6,"",,,,,,,,,,,,,,,,,,,,,,,,,,,,,,,,,,,,,,,,,,,,,,,,,,,,,,,,,,,,,,,,,,,,,,,,,,,,,,,,,,,,,,,,,,,,,,,,,,,,,,,,,,,,,,,,,,,,,,,,,,,,,,,,,,,,,,,,,,,,,,,,,,,,,,https://cdn.shopify.com/s/files/1/0796/0703/8180/files/4184.webp?v=1772639985,kg,,,
mouse-mini-usb-noga-engomado-ngm-418-compacto-y-colorido,,,,,,,,,celeste,,,,,,,,NGM-418,0.0,shopify,0,deny,manual,5460.00,,true,true,,,,,"",https://cdn.shopify.com/s/files/1/0796/0703/8180/files/4183.webp?v=1772639985,7,"",,,,,,,,,,,,,,,,,,,,,,,,,,,,,,,,,,,,,,,,,,,,,,,,,,,,,,,,,,,,,,,,,,,,,,,,,,,,,,,,,,,,,,,,,,,,,,,,,,,,,,,,,,,,,,,,,,,,,,,,,,,,,,,,,,,,,,,,,,,,,,,,,,,,,,https://cdn.shopify.com/s/files/1/0796/0703/8180/files/4183.webp?v=1772639985,kg,,,
mouse-mini-usb-noga-engomado-ngm-418-compacto-y-colorido,,,,,,,,,rosa,,,,,,,,NGM-418,0.0,shopify,3,deny,manual,5460.00,,true,true,,,,,7798137703040,https://cdn.shopify.com/s/files/1/0796/0703/8180/files/418.webp?v=1772639985,8,"",,,,,,,,,,,,,,,,,,,,,,,,,,,,,,,,,,,,,,,,,,,,,,,,,,,,,,,,,,,,,,,,,,,,,,,,,,,,,,,,,,,,,,,,,,,,,,,,,,,,,,,,,,,,,,,,,,,,,,,,,,,,,,,,,,,,,,,,,,,,,,,,,,,,,,https://cdn.shopify.com/s/files/1/0796/0703/8180/files/418.webp?v=1772639985,kg,,,
mouse-mini-usb-noga-engomado-ngm-418-compacto-y-colorido,,,,,,,,,,,,,,,,,,,,,,,,,,,,,,,,https://cdn.shopify.com/s/files/1/0796/0703/8180/files/4182.webp?v=1772639985,9,"",,,,,,,,,,,,,,,,,,,,,,,,,,,,,,,,,,,,,,,,,,,,,,,,,,,,,,,,,,,,,,,,,,,,,,,,,,,,,,,,,,,,,,,,,,,,,,,,,,,,,,,,,,,,,,,,,,,,,,,,,,,,,,,,,,,,,,,,,,,,,,,,,,,,,,,,,,
mouse-mini-usb-noga-engomado-ngm-418-compacto-y-colorido,,,,,,,,,,,,,,,,,,,,,,,,,,,,,,,,https://cdn.shopify.com/s/files/1/0796/0703/8180/files/4181.webp?v=1772639985,10,"",,,,,,,,,,,,,,,,,,,,,,,,,,,,,,,,,,,,,,,,,,,,,,,,,,,,,,,,,,,,,,,,,,,,,,,,,,,,,,,,,,,,,,,,,,,,,,,,,,,,,,,,,,,,,,,,,,,,,,,,,,,,,,,,,,,,,,,,,,,,,,,,,,,,,,,,,,
pen-drive-kingston-exodia-s-usb-3-2-almacenamiento-portatil,Pen Drive Kingston Exodia S USB 3.2 - Almacenamiento Portátil,"<p><strong>Pen Drive Kingston Exodia S USB 3.2 - Velocidad y Confiabilidad</strong></p><p>Guardá y transportá tus archivos con la calidad y garantía de Kingston. Los pen drives Exodia S ofrecen tecnología USB 3.2 para transferencias rápidas y diseño compacto.</p><ul>
<li>
<strong>USB 3.2 Gen 1:</strong> Velocidades de transferencia rápidas</li>
<li>Retrocompatible con USB 2.0</li>
<li>Diseño compacto y portátil</li>
<li>Tapa protectora incluida</li>
<li>Ideal para documentos, fotos, videos y música</li>
<li>Calidad y garantía Kingston</li>
<li>Disponible en 3 capacidades: 64GB, 128GB y 256GB</li>
<li>Marca: Kingston</li>
</ul><p><strong>Elegí la capacidad que necesitás:</strong></p><ul>
<li>
<strong>64GB:</strong> Ideal para documentos y archivos básicos</li>
<li>
<strong>128GB:</strong> Perfecto para fotos, música y videos</li>
<li>
<strong>256GB:</strong> Máxima capacidad para grandes bibliotecas multimedia</li>
</ul>",KINGSTON,Electronics > Electronics Accessories > Computer Components > Storage Devices > USB Flash Drives,Pen Drive,"almacenamiento, kingston, mayorista, pendrive, usb",true,Capacidad,64gb,,,,,,,,DTXS/64GB,15.0,shopify,2,deny,manual,15763.00,,true,true,,,,,740617348651,https://cdn.shopify.com/s/files/1/0796/0703/8180/files/000000000001746178983Pendrive-64Gb-Kingston-Dtxs-3.2-Exodia-S-Negro.jpg?v=1772638568,1,"",false,Pen Drive Kingston Exodia S USB 3.2 64GB 128GB 256GB,"Pen Drive Kingston Exodia S USB 3.2. Velocidad y confiabilidad. Disponible en 64GB, 128GB y 256GB. Calidad Kingston garantizada.",,,,,,,,,,,,,,,,,,,,,,,,,,,,,,,,,,,,,,,,,,,negro; a-rayas,,,,,,,usb,,,,,,,,,,,,,,,,,,,,,,,,,,,,,,,,,,,,,,,,,,,,,,,,,,,,,,,,,,usb,,,,,,,,,,,,,,,,,,,,,,,,,,,usb-3-1-gen-1; usb-2-0,,,,,,,,,,,,https://cdn.shopify.com/s/files/1/0796/0703/8180/files/000000000001746178983Pendrive-64Gb-Kingston-Dtxs-3.2-Exodia-S-Negro.jpg?v=1772638568,g,,,active
pen-drive-kingston-exodia-s-usb-3-2-almacenamiento-portatil,,,,,,,,,128gb,,,,,,,,DTXS/128GB,20.0,shopify,4,deny,manual,26052.00,,true,true,,,,,740617348699,https://cdn.shopify.com/s/files/1/0796/0703/8180/files/pen128gb.webp?v=1772638568,2,"",,,,,,,,,,,,,,,,,,,,,,,,,,,,,,,,,,,,,,,,,,,,,,,,,,,,,,,,,,,,,,,,,,,,,,,,,,,,,,,,,,,,,,,,,,,,,,,,,,,,,,,,,,,,,,,,,,,,,,,,,,,,,,,,,,,,,,,,,,,,,,,,,,,,,,https://cdn.shopify.com/s/files/1/0796/0703/8180/files/pen128gb.webp?v=1772638568,g,,,
pen-drive-kingston-exodia-s-usb-3-2-almacenamiento-portatil,,,,,,,,,256gb,,,,,,,,DTXS/256GB,20.0,shopify,3,deny,manual,59068.00,,true,true,,,,,740617348736,https://cdn.shopify.com/s/files/1/0796/0703/8180/files/000000000001716211530Pendrive-Kingston-Exodia-S-256GB-packaging-original.jpg?v=1772638568,3,"",,,,,,,,,,,,,,,,,,,,,,,,,,,,,,,,,,,,,,,,,,,,,,,,,,,,,,,,,,,,,,,,,,,,,,,,,,,,,,,,,,,,,,,,,,,,,,,,,,,,,,,,,,,,,,,,,,,,,,,,,,,,,,,,,,,,,,,,,,,,,,,,,,,,,,https://cdn.shopify.com/s/files/1/0796/0703/8180/files/000000000001716211530Pendrive-Kingston-Exodia-S-256GB-packaging-original.jpg?v=1772638568,g,,,
pen-drive-kingston-exodia-s-usb-3-2-almacenamiento-portatil,,,,,,,,,,,,,,,,,,,,,,,,,,,,,,,,https://cdn.shopify.com/s/files/1/0796/0703/8180/files/DTXS_64GB-zm-lg.jpg?v=1772638569,4,"",,,,,,,,,,,,,,,,,,,,,,,,,,,,,,,,,,,,,,,,,,,,,,,,,,,,,,,,,,,,,,,,,,,,,,,,,,,,,,,,,,,,,,,,,,,,,,,,,,,,,,,,,,,,,,,,,,,,,,,,,,,,,,,,,,,,,,,,,,,,,,,,,,,,,,,,,,
pen-drive-kingston-exodia-s-usb-3-2-almacenamiento-portatil,,,,,,,,,,,,,,,,,,,,,,,,,,,,,,,,https://cdn.shopify.com/s/files/1/0796/0703/8180/files/pen.webp?v=1772638568,5,"",,,,,,,,,,,,,,,,,,,,,,,,,,,,,,,,,,,,,,,,,,,,,,,,,,,,,,,,,,,,,,,,,,,,,,,,,,,,,,,,,,,,,,,,,,,,,,,,,,,,,,,,,,,,,,,,,,,,,,,,,,,,,,,,,,,,,,,,,,,,,,,,,,,,,,,,,,
cable-de-red-seisa-categoria-5e-ethernet-patch-cord,Cable de Red Seisa Categoría 5E - Ethernet Patch Cord,"<p><strong>Cable de Red Seisa Categoría 5E - Conexión Ethernet Confiable</strong></p><p>Conectá tus dispositivos con cables de red Seisa Categoría 5E. Ideales para redes domésticas y comerciales con excelente relación precio-calidad.</p><ul>
<li>
<strong>Categoría 5E certificada:</strong> Soporta velocidades de hasta 1 Gbps</li>
<li>Compatible con redes Fast Ethernet y Gigabit Ethernet</li>
<li>Ideal para conexiones de internet, routers, switches, modems</li>
<li>Conectores RJ45 de calidad</li>
<li>Cable flexible y resistente</li>
<li>Perfecto para hogares, oficinas y pequeños negocios</li>
<li>Disponible en múltiples longitudes: 2m, 3m, 5m, 15m, 20m y 30m</li>
<li>Marca: Seisa</li>
</ul><p><strong>Elegí la longitud que necesitás:</strong></p><ul>
<li>
<strong>2 metros:</strong> Conexiones cortas en escritorios</li>
<li>
<strong>3 metros:</strong> Configuraciones estándar</li>
<li>
<strong>5 metros:</strong> Mayor alcance para oficinas</li>
<li>
<strong>15 metros:</strong> Conexiones entre habitaciones</li>
<li>
<strong>20 metros:</strong> Instalaciones de mediana distancia</li>
<li>
<strong>30 metros:</strong> Máxima extensión para grandes espacios</li>
</ul>",SEISA,Electronics > Electronics Accessories > Cables > Network Cables > Ethernet Cables,Cable de Red,"cable, ethernet, mayorista, red, seisa",true,Longitud,2 mts,,,,,,,,CK-2M,70.0,shopify,15,deny,manual,1500.00,,true,true,,,,,6290132547960,https://cdn.shopify.com/s/files/1/0796/0703/8180/files/CAT5SEISA.webp?v=1772637058,1,"",false,Cable de Red Seisa Cat5E Ethernet 2m a 30m | Parquelectro,"Cable de red Seisa Categoría 5E Ethernet. Velocidad 1 Gbps. Disponible en 2m, 3m, 5m, 15m, 20m y 30m. Calidad garantizada.",,,,,,,,,,,,,,,,,,,,,,,,,,,,,,,,,,sin-apantallar-utp,,,,,,,,,celeste,,,,,,,,,,,,,,,,,,,,,,,,,,,,,,,,,,,,,,,,,,,,,,,,,,,,,,,,rj-45,,,,,,,,,,,,,,,,,,,,,,,,,,,,,,,,,,,,,,,,,,,,,,,,https://cdn.shopify.com/s/files/1/0796/0703/8180/files/CAT5SEISA.webp?v=1772637058,g,,812.72,active
cable-de-red-seisa-categoria-5e-ethernet-patch-cord,,,,,,,,,3 mts,,,,,,,,CK-3M,80.0,shopify,1,deny,manual,1958.00,,true,true,,,,,6290132547977,,,,,,,,,,,,,,,,,,,,,,,,,,,,,,,,,,,,,,,,,,,,,,,,,,,,,,,,,,,,,,,,,,,,,,,,,,,,,,,,,,,,,,,,,,,,,,,,,,,,,,,,,,,,,,,,,,,,,,,,,,,,,,,,,,,,,,,,,,,,,,,,,,,,,,,,,https://cdn.shopify.com/s/files/1/0796/0703/8180/files/CAT5SEISA.webp?v=1772637058,g,,1047.00,
cable-de-red-seisa-categoria-5e-ethernet-patch-cord,,,,,,,,,5 mts,,,,,,,,CK-5M,100.0,shopify,2,deny,manual,2610.00,,true,true,,,,,6290132547984,,,,,,,,,,,,,,,,,,,,,,,,,,,,,,,,,,,,,,,,,,,,,,,,,,,,,,,,,,,,,,,,,,,,,,,,,,,,,,,,,,,,,,,,,,,,,,,,,,,,,,,,,,,,,,,,,,,,,,,,,,,,,,,,,,,,,,,,,,,,,,,,,,,,,,,,,https://cdn.shopify.com/s/files/1/0796/0703/8180/files/CAT5SEISA.webp?v=1772637058,g,,1515.25,
cable-de-red-seisa-categoria-5e-ethernet-patch-cord,,,,,,,,,10 mts,,,,,,,,CK-10M,140.0,shopify,0,deny,manual,3263.00,,true,true,,,,,6290132547991,,,,,,,,,,,,,,,,,,,,,,,,,,,,,,,,,,,,,,,,,,,,,,,,,,,,,,,,,,,,,,,,,,,,,,,,,,,,,,,,,,,,,,,,,,,,,,,,,,,,,,,,,,,,,,,,,,,,,,,,,,,,,,,,,,,,,,,,,,,,,,,,,,,,,,,,,https://cdn.shopify.com/s/files/1/0796/0703/8180/files/CAT5SEISA.webp?v=1772637058,g,,2066.25,
cable-de-red-seisa-categoria-5e-ethernet-patch-cord,,,,,,,,,15 mts,,,,,,,,CK-15M,180.0,shopify,5,deny,manual,4133.00,,true,true,,,,,6290132548004,,,,,,,,,,,,,,,,,,,,,,,,,,,,,,,,,,,,,,,,,,,,,,,,,,,,,,,,,,,,,,,,,,,,,,,,,,,,,,,,,,,,,,,,,,,,,,,,,,,,,,,,,,,,,,,,,,,,,,,,,,,,,,,,,,,,,,,,,,,,,,,,,,,,,,,,,https://cdn.shopify.com/s/files/1/0796/0703/8180/files/CAT5SEISA.webp?v=1772637058,g,,2410.62,
cable-de-red-seisa-categoria-5e-ethernet-patch-cord,,,,,,,,,20 mts,,,,,,,,CK-20M,280.0,shopify,5,deny,manual,4350.00,,true,true,,,,,6290132548011,,,,,,,,,,,,,,,,,,,,,,,,,,,,,,,,,,,,,,,,,,,,,,,,,,,,,,,,,,,,,,,,,,,,,,,,,,,,,,,,,,,,,,,,,,,,,,,,,,,,,,,,,,,,,,,,,,,,,,,,,,,,,,,,,,,,,,,,,,,,,,,,,,,,,,,,,https://cdn.shopify.com/s/files/1/0796/0703/8180/files/CAT5SEISA.webp?v=1772637058,g,,2617.25,
cable-de-red-seisa-categoria-5e-ethernet-patch-cord,,,,,,,,,30 mts,,,,,,,,CK-30M,420.0,shopify,0,deny,manual,7232.00,,true,true,,,,,6290132548028,,,,,,,,,,,,,,,,,,,,,,,,,,,,,,,,,,,,,,,,,,,,,,,,,,,,,,,,,,,,,,,,,,,,,,,,,,,,,,,,,,,,,,,,,,,,,,,,,,,,,,,,,,,,,,,,,,,,,,,,,,,,,,,,,,,,,,,,,,,,,,,,,,,,,,,,,https://cdn.shopify.com/s/files/1/0796/0703/8180/files/CAT5SEISA.webp?v=1772637058,g,,4821.25,
cable-hdmi-a-hdmi-noga-1-4-alta-definicion,Cable HDMI a HDMI Noga 1.4 - Alta Definición,"<p><strong>Cable HDMI a HDMI Noga 1.4 - Imagen y Sonido de Alta Calidad</strong></p><p>Conectá tus dispositivos HDMI con la mejor calidad de imagen y sonido. Los cables HDMI Noga versión 1.4 son ideales para TV, monitores, consolas, proyectores y más.</p><ul>
<li>
<strong>HDMI 1.4:</strong> Soporta resolución Full HD 1080p</li>
<li>Compatible con 3D y Audio Return Channel (ARC)</li>
<li>Transmisión de video y audio en un solo cable</li>
<li>Conectores chapados en oro para mejor conductividad</li>
<li>Cable blindado para reducir interferencias</li>
<li>Ideal para TV, monitores, consolas de juegos, proyectores, decodificadores</li>
<li>Disponible en múltiples longitudes: 2m, 3m y 5m</li>
<li>Marca: Noga</li>
</ul><p><strong>Elegí la longitud que necesitás:</strong></p><ul>
<li>
<strong>2 metros:</strong> Perfecto para la mayoría de configuraciones de entretenimiento</li>
<li>
<strong>3 metros:</strong> Mayor alcance para salas más grandes</li>
<li>
<strong>5 metros:</strong> Máxima extensión para instalaciones a distancia</li>
</ul>",NOGA,Electronics > Electronics Accessories > Cables > Audio & Video Cables > HDMI Cables,Cable HDMI,"cable, hdmi, mayorista, noga",true,Longitud,2mts,,,,,,,,hdtv-2m/m 1.4,0.0,shopify,2,deny,manual,2995.50,,true,true,,,,,7798137702425,https://cdn.shopify.com/s/files/1/0796/0703/8180/files/7798137697660_i-1.jpg?v=1772636153,1,"",false,Cable HDMI Noga 1.4 Full HD 2m 3m 5m | Parquelectro,"Cable HDMI a HDMI Noga 1.4 Full HD 1080p. Disponible en 2m, 3m y 5m. Ideal para TV, consolas, proyectores. Calidad garantizada.",,,,,,,,,,,,,,,,,,,,,,,,,,,,,,,,,,lamina-y-trenzado-sftp,,,,,,,,,negro,,,,,,,,,,,,,,hdmi,,,,,,,,,,,,,,,,,,,,,,,,,,,,,,,,,,,,,,,,,,,,,,,,,,,,,,,,,,,,,,,,,,,,,,,,,,,,,,,,,,,,,,,,,,https://cdn.shopify.com/s/files/1/0796/0703/8180/files/7798137697660_i-1.jpg?v=1772636153,kg,,1997.00,active
cable-hdmi-a-hdmi-noga-1-4-alta-definicion,,,,,,,,,3mts,,,,,,,,HDTV-3M/M 1.4,0.0,shopify,0,deny,manual,3850.50,,true,true,,,,,"",https://cdn.shopify.com/s/files/1/0796/0703/8180/files/hdmi.webp?v=1772636153,2,"",,,,,,,,,,,,,,,,,,,,,,,,,,,,,,,,,,,,,,,,,,,,,,,,,,,,,,,,,,,,,,,,,,,,,,,,,,,,,,,,,,,,,,,,,,,,,,,,,,,,,,,,,,,,,,,,,,,,,,,,,,,,,,,,,,,,,,,,,,,,,,,,,,,,,,https://cdn.shopify.com/s/files/1/0796/0703/8180/files/7798137697660_i-1.jpg?v=1772636153,kg,,2567.00,
cable-hdmi-a-hdmi-noga-1-4-alta-definicion,,,,,,,,,5mts,,,,,,,,HDTV-5M/M 1.4,0.0,shopify,0,deny,manual,5134.50,,true,true,,,,,7798137697653,,,,,,,,,,,,,,,,,,,,,,,,,,,,,,,,,,,,,,,,,,,,,,,,,,,,,,,,,,,,,,,,,,,,,,,,,,,,,,,,,,,,,,,,,,,,,,,,,,,,,,,,,,,,,,,,,,,,,,,,,,,,,,,,,,,,,,,,,,,,,,,,,,,,,,,,,https://cdn.shopify.com/s/files/1/0796/0703/8180/files/7798137697660_i-1.jpg?v=1772636153,kg,,3423.00,
cable-hdmi-a-hdmi-noga-1-4-alta-definicion,,,,,,,,,10mts,,,,,,,,HDTV-10M/M 1.4,0.0,shopify,2,deny,manual,11124.00,,true,true,,,,,7798137697660,,,,,,,,,,,,,,,,,,,,,,,,,,,,,,,,,,,,,,,,,,,,,,,,,,,,,,,,,,,,,,,,,,,,,,,,,,,,,,,,,,,,,,,,,,,,,,,,,,,,,,,,,,,,,,,,,,,,,,,,,,,,,,,,,,,,,,,,,,,,,,,,,,,,,,,,,https://cdn.shopify.com/s/files/1/0796/0703/8180/files/7798137697660_i-1.jpg?v=1772636153,kg,,7416.00,
cable-hdmi-a-hdmi-noga-1-4-alta-definicion,,,,,,,,,15mts,,,,,,,,HDTV-15M/M 1.4,0.0,shopify,0,deny,manual,14547.00,,true,true,,,,,"",,,,,,,,,,,,,,,,,,,,,,,,,,,,,,,,,,,,,,,,,,,,,,,,,,,,,,,,,,,,,,,,,,,,,,,,,,,,,,,,,,,,,,,,,,,,,,,,,,,,,,,,,,,,,,,,,,,,,,,,,,,,,,,,,,,,,,,,,,,,,,,,,,,,,,,,,https://cdn.shopify.com/s/files/1/0796/0703/8180/files/7798137697660_i-1.jpg?v=1772636153,kg,,9698.00,
cable-hdmi-a-hdmi-noga-1-4-alta-definicion,,,,,,,,,20mts,,,,,,,,HDTV-20M/M 1.4,0.0,shopify,0,deny,manual,22248.00,,true,true,,,,,"",,,,,,,,,,,,,,,,,,,,,,,,,,,,,,,,,,,,,,,,,,,,,,,,,,,,,,,,,,,,,,,,,,,,,,,,,,,,,,,,,,,,,,,,,,,,,,,,,,,,,,,,,,,,,,,,,,,,,,,,,,,,,,,,,,,,,,,,,,,,,,,,,,,,,,,,,https://cdn.shopify.com/s/files/1/0796/0703/8180/files/7798137697660_i-1.jpg?v=1772636153,kg,,,
cable-de-red-noga-categoria-6-ethernet-patch-cord,Cable de Red Noga Categoría 6 - Ethernet Patch Cord,"<p><strong>Cable de Red Noga Categoría 6 - Conexión Ethernet de Alta Velocidad</strong></p><p>Conectá tus dispositivos con la máxima velocidad y confiabilidad. Los cables de red Noga Categoría 6 ofrecen rendimiento superior para redes domésticas y profesionales.</p><ul>
<li>
<strong>Categoría 6 certificada:</strong> Soporta velocidades de hasta 1 Gbps</li>
<li>Compatible con Cat5, Cat5e y Cat6</li>
<li>Ideal para redes Ethernet, routers, switches, modems</li>
<li>Construcción de alta calidad con conectores RJ45</li>
<li>Blindaje para reducir interferencias</li>
<li>Perfecto para gaming, streaming y trabajo remoto</li>
<li>Disponible en múltiples longitudes: 1m, 2m, 3m, 10m y 20m</li>
<li>Marca: Noga</li>
</ul><p><strong>Elegí la longitud que necesitás:</strong></p><ul>
<li>
<strong>1 metro:</strong> Ideal para conexiones cortas, escritorios compactos</li>
<li>
<strong>2 metros:</strong> Perfecto para la mayoría de configuraciones</li>
<li>
<strong>3 metros:</strong> Mayor alcance para oficinas y hogares</li>
<li>
<strong>10 metros:</strong> Para distancias medias entre habitaciones</li>
<li>
<strong>20 metros:</strong> Máxima extensión para instalaciones grandes</li>
</ul>",NOGA,Electronics > Electronics Accessories > Cables > Network Cables > Ethernet Cables,Cable de Red,"cable, ethernet, mayorista, noga, red",true,Longitud,1mt,,,,,,,,PATCH 1 CAT6,35.0,shopify,20,deny,manual,1176.00,,true,true,,,,,7798137723710,https://cdn.shopify.com/s/files/1/0796/0703/8180/files/34743-producto-1.jpg?v=1772630563,1,"",false,Cable de Red Noga Cat6 Ethernet 1m 2m 3m 10m 20m | Parquelectro,"Cable de red Noga Categoría 6 Ethernet. Velocidad 1 Gbps. Disponible en 1m, 2m, 3m, 10m y 20m. Ideal para gaming, streaming y trabajo.",,,,,,,,,,,,,,,,,,,,,,,,,,,,,,,,,,lamina-ftp,,,,,,,,,blanco,,,,,,,,,,,,,,,,,,,,,,,,,,,,,,,,,,,,,,,,,,,,,,,,,,,,,,,,rj-45,,,,,,,,,,,,,,,,,,,,,,,,,,,,,,,,,,,,,,,,,,,,,,,,https://cdn.shopify.com/s/files/1/0796/0703/8180/files/34743-producto-1.jpg?v=1772630563,g,,,active
cable-de-red-noga-categoria-6-ethernet-patch-cord,,,,,,,,,2mts,,,,,,,,PATCH 2 CAT6,70.0,shopify,11,deny,manual,1540.00,,true,true,,,,,7798137723727,,,,,,,,,,,,,,,,,,,,,,,,,,,,,,,,,,,,,,,,,,,,,,,,,,,,,,,,,,,,,,,,,,,,,,,,,,,,,,,,,,,,,,,,,,,,,,,,,,,,,,,,,,,,,,,,,,,,,,,,,,,,,,,,,,,,,,,,,,,,,,,,,,,,,,,,,https://cdn.shopify.com/s/files/1/0796/0703/8180/files/34743-producto-1.jpg?v=1772630563,g,,,
cable-de-red-noga-categoria-6-ethernet-patch-cord,,,,,,,,,3mts,,,,,,,,PATCH 3 CAT6,95.0,shopify,19,deny,manual,2016.00,,true,true,,,,,7798137727305,,,,,,,,,,,,,,,,,,,,,,,,,,,,,,,,,,,,,,,,,,,,,,,,,,,,,,,,,,,,,,,,,,,,,,,,,,,,,,,,,,,,,,,,,,,,,,,,,,,,,,,,,,,,,,,,,,,,,,,,,,,,,,,,,,,,,,,,,,,,,,,,,,,,,,,,,https://cdn.shopify.com/s/files/1/0796/0703/8180/files/34743-producto-1.jpg?v=1772630563,g,,,
cable-de-red-noga-categoria-6-ethernet-patch-cord,,,,,,,,,5mts,,,,,,,,PATCH-5 CAT6,170.0,shopify,29,deny,manual,2350.00,,true,true,,,,,7798137723734,,,,,,,,,,,,,,,,,,,,,,,,,,,,,,,,,,,,,,,,,,,,,,,,,,,,,,,,,,,,,,,,,,,,,,,,,,,,,,,,,,,,,,,,,,,,,,,,,,,,,,,,,,,,,,,,,,,,,,,,,,,,,,,,,,,,,,,,,,,,,,,,,,,,,,,,,https://cdn.shopify.com/s/files/1/0796/0703/8180/files/34743-producto-1.jpg?v=1772630563,g,,1255.00,
cable-de-red-noga-categoria-6-ethernet-patch-cord,,,,,,,,,10mts,,,,,,,,PATCH 10 CAT6,200.0,shopify,15,deny,manual,4760.00,,true,true,,,,,"",,,,,,,,,,,,,,,,,,,,,,,,,,,,,,,,,,,,,,,,,,,,,,,,,,,,,,,,,,,,,,,,,,,,,,,,,,,,,,,,,,,,,,,,,,,,,,,,,,,,,,,,,,,,,,,,,,,,,,,,,,,,,,,,,,,,,,,,,,,,,,,,,,,,,,,,,https://cdn.shopify.com/s/files/1/0796/0703/8180/files/34743-producto-1.jpg?v=1772630563,g,,,
cable-de-red-noga-categoria-6-ethernet-patch-cord,,,,,,,,,15mts,,,,,,,,PATCH 15 CAT6,355.0,shopify,10,deny,manual,6675.00,,true,true,,,,,"",,,,,,,,,,,,,,,,,,,,,,,,,,,,,,,,,,,,,,,,,,,,,,,,,,,,,,,,,,,,,,,,,,,,,,,,,,,,,,,,,,,,,,,,,,,,,,,,,,,,,,,,,,,,,,,,,,,,,,,,,,,,,,,,,,,,,,,,,,,,,,,,,,,,,,,,,https://cdn.shopify.com/s/files/1/0796/0703/8180/files/34743-producto-1.jpg?v=1772630563,g,,,
cable-de-red-noga-categoria-6-ethernet-patch-cord,,,,,,,,,20mts,,,,,,,,PATCH 20 CAT6,470.0,shopify,16,deny,manual,8610.00,,true,true,,,,,7798137723765,,,,,,,,,,,,,,,,,,,,,,,,,,,,,,,,,,,,,,,,,,,,,,,,,,,,,,,,,,,,,,,,,,,,,,,,,,,,,,,,,,,,,,,,,,,,,,,,,,,,,,,,,,,,,,,,,,,,,,,,,,,,,,,,,,,,,,,,,,,,,,,,,,,,,,,,,https://cdn.shopify.com/s/files/1/0796/0703/8180/files/34743-producto-1.jpg?v=1772630563,g,,,
auricular-twins-noga-bt-btwins-46-control-tactil,Auricular Twins Noga BT-BTWINS 46 - Control Táctil,"<p><strong>Auriculares Twins Noga BT-BTWINS 46 - Comodidad y Control</strong></p><p>Disfrutá de tus auriculares favoritos con la practicidad del control táctil. Los Noga BT-BTWINS 46 combinan tecnología, comodidad y un precio accesible.</p><ul>
<li>
<strong>Control táctil intuitivo:</strong> Manejá tu música, llamadas y volumen con simples toques</li>
<li>
<strong>Base de carga imantada:</strong> Sistema magnético para carga rápida y segura</li>
<li>Diseño intrauditivo cómodo para uso prolongado</li>
<li>Conexión Bluetooth estable</li>
<li>Sonido claro y balanceado</li>
<li>Batería de larga duración</li>
<li>Ideal para uso diario, trabajo y entretenimiento</li>
<li>Disponible en 2 colores: Azul y Blanco</li>
<li>Marca: Noga</li>
</ul>",NOGA,Electronics > Audio > Audio Components > Headphones & Headsets > Headphones > In-Ear Headphones,Auriculares Bluetooth,"auriculares, bluetooth, mayorista, noga",true,Color,celeste,product.metafields.shopify.color-pattern,,,,,,,BT-BTWINS-46,0.0,shopify,1,deny,manual,17010.00,,true,true,,,,,7798137725561,https://cdn.shopify.com/s/files/1/0796/0703/8180/files/ng-btwins-46-az1.webp?v=1772630025,1,"",false,Auricular Noga BT-BTWINS 46 Control Táctil Bluetooth,"Auriculares Noga BT-BTWINS 46 con control táctil y base de carga imantada. Bluetooth, sonido de calidad. Disponible en Azul y Blanco.",,,,,,,,,,,,,,,,,bluetooth,,,,,,,,,,,,,,,,,,,,,,,,,,celeste; blanco,,,,,,,,bluetooth; inalambrico,,,,,,,,,,,,microfono-incorporado; control-del-volumen,,,,,,,,,,canal; auriculares,,,,,,,,,,,,,,,,,,incorporado,,,,,,,,,,,,,,,,,,,,,,,,,,,,,,,,,,,,,,,,,,,,,,,,,,,,,,,,https://cdn.shopify.com/s/files/1/0796/0703/8180/files/ng-btwins-46-az1.webp?v=1772630025,kg,,,active
auricular-twins-noga-bt-btwins-46-control-tactil,,,,,,,,,blanco,,,,,,,,BT-BTWINS-46,0.0,shopify,2,deny,manual,17010.00,,true,true,,,,,7798137725585,https://cdn.shopify.com/s/files/1/0796/0703/8180/files/ng-btwins-46-b1.webp?v=1772630025,2,"",,,,,,,,,,,,,,,,,,,,,,,,,,,,,,,,,,,,,,,,,,,,,,,,,,,,,,,,,,,,,,,,,,,,,,,,,,,,,,,,,,,,,,,,,,,,,,,,,,,,,,,,,,,,,,,,,,,,,,,,,,,,,,,,,,,,,,,,,,,,,,,,,,,,,,https://cdn.shopify.com/s/files/1/0796/0703/8180/files/ng-btwins-46-b1.webp?v=1772630025,kg,,,
auricular-twins-noga-bt-btwins-46-control-tactil,,,,,,,,,,,,,,,,,,,,,,,,,,,,,,,,https://cdn.shopify.com/s/files/1/0796/0703/8180/files/ng-btwins-46-az3.webp?v=1772630025,3,"",,,,,,,,,,,,,,,,,,,,,,,,,,,,,,,,,,,,,,,,,,,,,,,,,,,,,,,,,,,,,,,,,,,,,,,,,,,,,,,,,,,,,,,,,,,,,,,,,,,,,,,,,,,,,,,,,,,,,,,,,,,,,,,,,,,,,,,,,,,,,,,,,,,,,,,,,,
auricular-twins-noga-bt-btwins-46-control-tactil,,,,,,,,,,,,,,,,,,,,,,,,,,,,,,,,https://cdn.shopify.com/s/files/1/0796/0703/8180/files/ng-btwins-46-az2.webp?v=1772630025,4,"",,,,,,,,,,,,,,,,,,,,,,,,,,,,,,,,,,,,,,,,,,,,,,,,,,,,,,,,,,,,,,,,,,,,,,,,,,,,,,,,,,,,,,,,,,,,,,,,,,,,,,,,,,,,,,,,,,,,,,,,,,,,,,,,,,,,,,,,,,,,,,,,,,,,,,,,,,
auricular-twins-noga-ngx-btwins-6-gamer-con-luz-rgb,Auricular Twins Noga NGX-BTWINS 6 Gamer con Luz RGB,"<p><strong>Auriculares Gamer Noga NGX-BTWINS 6 - Experiencia Gaming Premium</strong></p><p>Llevá tu experiencia gaming al siguiente nivel con los auriculares Noga NGX-BTWINS 6. Diseñados especialmente para gamers que buscan rendimiento, estilo y tecnología de punta.</p><ul>
<li>
<strong>Iluminación RGB:</strong> Efectos de luz personalizables para un estilo gamer único</li>
<li>
<strong>Base de carga imantada:</strong> Sistema magnético para carga rápida y segura</li>
<li>
<strong>Baja latencia:</strong> Respuesta instantánea, ideal para gaming competitivo</li>
<li>Conexión Bluetooth estable y de alta velocidad</li>
<li>Sonido envolvente de alta calidad</li>
<li>Diseño ergonómico para sesiones largas de juego</li>
<li>Batería de larga duración</li>
<li>Disponible en 2 colores: Blanco y Negro</li>
<li>Marca: Noga</li>
</ul>",NOGA,Electronics > Audio > Audio Components > Headphones & Headsets > Headphones > In-Ear Headphones,Auriculares Gamer,"auriculares, gamer, gaming, mayorista, noga",true,Color,blanco,product.metafields.shopify.color-pattern,,,,,,,NGX-BTWINS-6,0.0,shopify,5,deny,manual,32200.00,,true,true,,,,,7798137722720,https://cdn.shopify.com/s/files/1/0796/0703/8180/files/ngx-btwins6b.webp?v=1772629715,1,"",false,Auricular Gamer Noga NGX-BTWINS 6 RGB Baja Latencia,"Auriculares gamer Noga NGX-BTWINS 6 con luz RGB, baja latencia y base de carga imantada. Perfectos para gaming. Blanco y Negro disponibles.",,,,,,,,,,,,,,,,,bluetooth,,,,,,,,,,,,,,,,,,,,,,,,,,blanco; negro,,,,,,,,bluetooth; inalambrico,,,,,,,,,,,,modo-de-atencion; microfono-incorporado; audio-de-alta-fidelidad; control-del-volumen,,,,,,,,,,auriculares,,,,,,,,,,,,,,,,,,incorporado,,,,,,,,,,,,,,,,,,,,,,,,,,,,,,,,,,,,,,,,,,,,,,,,,,,,,,,,https://cdn.shopify.com/s/files/1/0796/0703/8180/files/ngx-btwins6b.webp?v=1772629715,kg,,,active
auricular-twins-noga-ngx-btwins-6-gamer-con-luz-rgb,,,,,,,,,negro,,,,,,,,NGX-BTWINS-6,0.0,shopify,2,deny,manual,32200.00,,true,true,,,,,7798137722713,https://cdn.shopify.com/s/files/1/0796/0703/8180/files/ngx-btwins6n.webp?v=1772629715,2,"",,,,,,,,,,,,,,,,,,,,,,,,,,,,,,,,,,,,,,,,,,,,,,,,,,,,,,,,,,,,,,,,,,,,,,,,,,,,,,,,,,,,,,,,,,,,,,,,,,,,,,,,,,,,,,,,,,,,,,,,,,,,,,,,,,,,,,,,,,,,,,,,,,,,,,https://cdn.shopify.com/s/files/1/0796/0703/8180/files/ngx-btwins6n.webp?v=1772629715,kg,,,
auricular-twins-noga-ngx-btwins-6-gamer-con-luz-rgb,,,,,,,,,,,,,,,,,,,,,,,,,,,,,,,,https://cdn.shopify.com/s/files/1/0796/0703/8180/files/ngx-btwins6b3.webp?v=1772629715,3,"",,,,,,,,,,,,,,,,,,,,,,,,,,,,,,,,,,,,,,,,,,,,,,,,,,,,,,,,,,,,,,,,,,,,,,,,,,,,,,,,,,,,,,,,,,,,,,,,,,,,,,,,,,,,,,,,,,,,,,,,,,,,,,,,,,,,,,,,,,,,,,,,,,,,,,,,,,
auricular-twins-noga-ngx-btwins-6-gamer-con-luz-rgb,,,,,,,,,,,,,,,,,,,,,,,,,,,,,,,,https://cdn.shopify.com/s/files/1/0796/0703/8180/files/ngx-btwins6b2.webp?v=1772629715,4,"",,,,,,,,,,,,,,,,,,,,,,,,,,,,,,,,,,,,,,,,,,,,,,,,,,,,,,,,,,,,,,,,,,,,,,,,,,,,,,,,,,,,,,,,,,,,,,,,,,,,,,,,,,,,,,,,,,,,,,,,,,,,,,,,,,,,,,,,,,,,,,,,,,,,,,,,,,
auricular-twins-noga-ngx-btwins-6-gamer-con-luz-rgb,,,,,,,,,,,,,,,,,,,,,,,,,,,,,,,,https://cdn.shopify.com/s/files/1/0796/0703/8180/files/ngx-btwins6b1.webp?v=1772629715,5,"",,,,,,,,,,,,,,,,,,,,,,,,,,,,,,,,,,,,,,,,,,,,,,,,,,,,,,,,,,,,,,,,,,,,,,,,,,,,,,,,,,,,,,,,,,,,,,,,,,,,,,,,,,,,,,,,,,,,,,,,,,,,,,,,,,,,,,,,,,,,,,,,,,,,,,,,,,
auricular-twins-noga-ngx-btwins-6-gamer-con-luz-rgb,,,,,,,,,,,,,,,,,,,,,,,,,,,,,,,,https://cdn.shopify.com/s/files/1/0796/0703/8180/files/ngx-btwins6n3.webp?v=1772629715,6,"",,,,,,,,,,,,,,,,,,,,,,,,,,,,,,,,,,,,,,,,,,,,,,,,,,,,,,,,,,,,,,,,,,,,,,,,,,,,,,,,,,,,,,,,,,,,,,,,,,,,,,,,,,,,,,,,,,,,,,,,,,,,,,,,,,,,,,,,,,,,,,,,,,,,,,,,,,
auricular-twins-noga-ngx-btwins-6-gamer-con-luz-rgb,,,,,,,,,,,,,,,,,,,,,,,,,,,,,,,,https://cdn.shopify.com/s/files/1/0796/0703/8180/files/ngx-btwins6n2.webp?v=1772629715,7,"",,,,,,,,,,,,,,,,,,,,,,,,,,,,,,,,,,,,,,,,,,,,,,,,,,,,,,,,,,,,,,,,,,,,,,,,,,,,,,,,,,,,,,,,,,,,,,,,,,,,,,,,,,,,,,,,,,,,,,,,,,,,,,,,,,,,,,,,,,,,,,,,,,,,,,,,,,
auricular-twins-noga-ngx-btwins-6-gamer-con-luz-rgb,,,,,,,,,,,,,,,,,,,,,,,,,,,,,,,,https://cdn.shopify.com/s/files/1/0796/0703/8180/files/ngx-btwins6n1.webp?v=1772629715,8,"",,,,,,,,,,,,,,,,,,,,,,,,,,,,,,,,,,,,,,,,,,,,,,,,,,,,,,,,,,,,,,,,,,,,,,,,,,,,,,,,,,,,,,,,,,,,,,,,,,,,,,,,,,,,,,,,,,,,,,,,,,,,,,,,,,,,,,,,,,,,,,,,,,,,,,,,,,
auricular-twins-noga-ng-btwins-29-intrauditivos-bluetooth,Auricular Twins Noga NG-BTWINS 29 - Intrauditivos Bluetooth,"<p><strong>Auriculares Twins Noga NG-BTWINS 29 - Tecnología Premium</strong></p><p>Disfrutá de una experiencia de audio superior con los auriculares intrauditivos Noga NG-BTWINS 29. Diseñados para quienes buscan calidad, comodidad y tecnología avanzada.</p><ul>
<li>
<strong>Base de carga imantada:</strong> Carga rápida y segura con sistema magnético</li>
<li>
<strong>Cancelación de sonido exterior:</strong> Aislamiento acústico para una experiencia inmersiva</li>
<li>
<strong>Baja latencia:</strong> Ideal para gaming, videos y llamadas sin retrasos</li>
<li>Conexión Bluetooth estable y rápida</li>
<li>Diseño ergonómico intrauditivo para máxima comodidad</li>
<li>Batería de larga duración</li>
<li>Disponible en 3 colores: Azul, Rojo y Verde Agua</li>
<li>Marca: Noga</li>
</ul>",NOGA,Electronics > Audio > Audio Components > Headphones & Headsets > Headphones > In-Ear Headphones,Auriculares Bluetooth,"auriculares, bluetooth, mayorista, noga",true,Color,verde,product.metafields.shopify.color-pattern,,,,,,,NG-BTWINS-29,0.0,shopify,1,deny,manual,39715.76,,true,true,,,,,7798137722737,https://cdn.shopify.com/s/files/1/0796/0703/8180/files/22927-0.jpg?v=1772629233,1,"",false,Auricular Noga NG-BTWINS 29 Bluetooth Cancelación Ruido,"Auriculares Noga NG-BTWINS 29 con cancelación de ruido, baja latencia y base de carga imantada. Disponible en Azul, Rojo y Verde Agua.",,,,,,,,,,,,,,,,,bluetooth,,,,,,,,,,,,,,,,,,,,,,,,,,verde; rojo; celeste,,,,,,,,bluetooth; inalambrico,,,,,,,,,,,,cancelacion-del-ruido; microfono-incorporado; audio-de-alta-fidelidad; control-del-volumen,,,,,,,,,,canal; auriculares,,,,,,,,,,,,,,,,,,incorporado,,,,,,,,,,,,,,,,,,,,,,,,,,,,,,,,,,,,,,,,,,,,,,,,,,,,,,,,https://cdn.shopify.com/s/files/1/0796/0703/8180/files/22927-0.jpg?v=1772629233,kg,,,active
auricular-twins-noga-ng-btwins-29-intrauditivos-bluetooth,,,,,,,,,rojo,,,,,,,,NG-BTWINS 29,0.0,shopify,2,deny,manual,39715.76,,true,true,,,,,7798137722751,https://cdn.shopify.com/s/files/1/0796/0703/8180/files/c00126a9657b7e5ad523ca738f37.jpg?v=1772629233,2,"",,,,,,,,,,,,,,,,,,,,,,,,,,,,,,,,,,,,,,,,,,,,,,,,,,,,,,,,,,,,,,,,,,,,,,,,,,,,,,,,,,,,,,,,,,,,,,,,,,,,,,,,,,,,,,,,,,,,,,,,,,,,,,,,,,,,,,,,,,,,,,,,,,,,,,https://cdn.shopify.com/s/files/1/0796/0703/8180/files/c00126a9657b7e5ad523ca738f37.jpg?v=1772629233,kg,,,
auricular-twins-noga-ng-btwins-29-intrauditivos-bluetooth,,,,,,,,,celeste,,,,,,,,NG-BTWINS 29,0.0,shopify,2,deny,manual,39715.76,,true,true,,,,,7798137722744,https://cdn.shopify.com/s/files/1/0796/0703/8180/files/D_NQ_NP_776461-MLA99938393627_112025-O.webp?v=1772629233,3,"",,,,,,,,,,,,,,,,,,,,,,,,,,,,,,,,,,,,,,,,,,,,,,,,,,,,,,,,,,,,,,,,,,,,,,,,,,,,,,,,,,,,,,,,,,,,,,,,,,,,,,,,,,,,,,,,,,,,,,,,,,,,,,,,,,,,,,,,,,,,,,,,,,,,,,https://cdn.shopify.com/s/files/1/0796/0703/8180/files/D_NQ_NP_776461-MLA99938393627_112025-O.webp?v=1772629233,kg,,,
auricular-twins-noga-ng-btwins-29-intrauditivos-bluetooth,,,,,,,,,,,,,,,,,,,,,,,,,,,,,,,,https://cdn.shopify.com/s/files/1/0796/0703/8180/files/33-25f819077a8ce2678e17299477861754-1024-1024.webp?v=1772629233,4,"",,,,,,,,,,,,,,,,,,,,,,,,,,,,,,,,,,,,,,,,,,,,,,,,,,,,,,,,,,,,,,,,,,,,,,,,,,,,,,,,,,,,,,,,,,,,,,,,,,,,,,,,,,,,,,,,,,,,,,,,,,,,,,,,,,,,,,,,,,,,,,,,,,,,,,,,,,
auricular-twins-noga-ng-btwins-29-intrauditivos-bluetooth,,,,,,,,,,,,,,,,,,,,,,,,,,,,,,,,https://cdn.shopify.com/s/files/1/0796/0703/8180/files/69e23e386f340515f8611dfbdba0.jpg?v=1772629233,5,"",,,,,,,,,,,,,,,,,,,,,,,,,,,,,,,,,,,,,,,,,,,,,,,,,,,,,,,,,,,,,,,,,,,,,,,,,,,,,,,,,,,,,,,,,,,,,,,,,,,,,,,,,,,,,,,,,,,,,,,,,,,,,,,,,,,,,,,,,,,,,,,,,,,,,,,,,,
auricular-twins-noga-ng-btwins-29-intrauditivos-bluetooth,,,,,,,,,,,,,,,,,,,,,,,,,,,,,,,,https://cdn.shopify.com/s/files/1/0796/0703/8180/files/d_nq_np_2x_897839-mlu78476201388_082024-f-39653881a70b84165317647199962064-1024-1024.webp?v=1772629233,6,"",,,,,,,,,,,,,,,,,,,,,,,,,,,,,,,,,,,,,,,,,,,,,,,,,,,,,,,,,,,,,,,,,,,,,,,,,,,,,,,,,,,,,,,,,,,,,,,,,,,,,,,,,,,,,,,,,,,,,,,,,,,,,,,,,,,,,,,,,,,,,,,,,,,,,,,,,,
adaptador-caddy-noga-segundo-disco-en-laptop,Adaptador Caddy Noga - Segundo Disco en Laptop,"<p><strong>Adaptador Caddy Noga - Instalá un Segundo Disco en tu Laptop</strong></p><p>Aprovechá al máximo tu laptop instalando un segundo disco duro o SSD en lugar de la lectora de DVD/CD que ya no usás. El adaptador Caddy Noga te permite expandir tu almacenamiento de forma fácil y económica.</p><ul>
<li>Reemplaza la lectora de DVD/CD por un HDD o SSD adicional</li>
<li>Compatible con discos SATA de 2.5""</li>
<li>Instalación sencilla sin herramientas especiales</li>
<li>Construcción resistente y duradera</li>
<li>Disponible en dos tamaños: 12.7mm (estándar) y 9.5mm (slim/ultrabooks)</li>
<li>Marca: Noga</li>
</ul><p><strong>¿Cuál necesitás?</strong></p><ul>
<li>
<strong>12.7mm:</strong> Para laptops estándar con lectora DVD/CD de grosor normal</li>
<li>
<strong>9.5mm:</strong> Para laptops slim, ultrabooks o equipos más delgados</li>
</ul>",NOGA,Electronics > Electronics Accessories > Computer Components > Storage Devices > Hard Drive Accessories > Hard Drive Enclosures & Mounts,Adaptador Caddy,"adaptador, caddy, mayorista, noga",true,Espesor,9.5mm,,,,,,,,NG-CD9,0.0,shopify,6,deny,manual,3500.00,,true,true,,,,,7798137715777,https://cdn.shopify.com/s/files/1/0796/0703/8180/files/cadyc1-ec651f169de0d3a16416585440901732-480-0.webp?v=1772628737,1,"",false,Adaptador Caddy Noga 12.7mm y 9.5mm | Segundo Disco Laptop,Adaptador Caddy Noga para instalar segundo disco en laptop. Disponible en 12.7mm y 9.5mm. Reemplazá tu lectora DVD por HDD o SSD adicional.,,,,,,,,,,,,,,,,,,,,,,,,,,,,,,,,,,,,,,,,,,,negro,,,,,,,,,,,,,,,,,,,,,,,,,,,,,,,,,,,,,,,,,,sin-cerradura,,,,,,,,,,,,,,,,,,,,,,,,,,,,,,,,,,,,,,,,sata,,,,,,,,,,,,,,,,,,,,,,https://cdn.shopify.com/s/files/1/0796/0703/8180/files/cadyc1-ec651f169de0d3a16416585440901732-480-0.webp?v=1772628737,kg,,2191.00,active
adaptador-caddy-noga-segundo-disco-en-laptop,,,,,,,,,12.7mm,,,,,,,,CADDY-NOGA-2,0.0,shopify,0,deny,manual,3500.00,,true,true,,,,,"",https://cdn.shopify.com/s/files/1/0796/0703/8180/files/165498-800-450.webp?v=1772628737,2,"",,,,,,,,,,,,,,,,,,,,,,,,,,,,,,,,,,,,,,,,,,,,,,,,,,,,,,,,,,,,,,,,,,,,,,,,,,,,,,,,,,,,,,,,,,,,,,,,,,,,,,,,,,,,,,,,,,,,,,,,,,,,,,,,,,,,,,,,,,,,,,,,,,,,,,https://cdn.shopify.com/s/files/1/0796/0703/8180/files/cadyc1-ec651f169de0d3a16416585440901732-480-0.webp?v=1772628737,kg,,,
adaptador-caddy-noga-segundo-disco-en-laptop,,,,,,,,,,,,,,,,,,,,,,,,,,,,,,,,https://cdn.shopify.com/s/files/1/0796/0703/8180/files/1-20a3d52f79f9ed831917682428679419-480-0.webp?v=1772628737,3,"",,,,,,,,,,,,,,,,,,,,,,,,,,,,,,,,,,,,,,,,,,,,,,,,,,,,,,,,,,,,,,,,,,,,,,,,,,,,,,,,,,,,,,,,,,,,,,,,,,,,,,,,,,,,,,,,,,,,,,,,,,,,,,,,,,,,,,,,,,,,,,,,,,,,,,,,,,
auricular-twins-bluetooth-xiaomi-redmi-buds-6-play,Auricular Twins Bluetooth Xiaomi Redmi Buds 6 Play,"<p><strong>Auriculares Inalámbricos Xiaomi Redmi Buds 6 Play</strong></p><p>Disfrutá de tu música favorita con la calidad y tecnología Xiaomi. Los Redmi Buds 6 Play ofrecen sonido nítido, conexión Bluetooth estable y comodidad durante todo el día.</p><ul>
<li>Tecnología Bluetooth de última generación</li>
<li>Diseño ergonómico y liviano</li>
<li>Batería de larga duración</li>
<li>Calidad de sonido superior</li>
<li>Disponible en 4 colores: Blanco, Celeste, Negro y Rosa</li>
<li>Marca: Xiaomi</li>
</ul>",XIAOMI,Electronics > Audio > Audio Components > Headphones & Headsets > Headphones > In-Ear Headphones,Auriculares Bluetooth,"auriculares, bluetooth, mayorista, xiaomi",true,Color,celeste,product.metafields.shopify.color-pattern,,,,,,,BHR9283GL,90.0,shopify,0,deny,manual,22165.00,,true,true,,,,,6941812737071,https://cdn.shopify.com/s/files/1/0796/0703/8180/files/redmi-buds-6-play_4.png?v=1772628504,1,"",false,Auricular Xiaomi Redmi Buds 6 Play Bluetooth | Parquelectro,"Auriculares inalámbricos Xiaomi Redmi Buds 6 Play. Bluetooth, sonido de calidad, batería duradera. Disponible en Blanco, Celeste, Negro y Rosa.",,,,,,,,,,,,,,,,,bluetooth,,,,,,,,,,,,,,,,,,,,,,,,,,celeste; rosa; blanco; negro,,,,,,,,bluetooth; inalambrico,,,,,,,,,,,,audio-de-alta-fidelidad; control-del-volumen; microfono-incorporado,,,,,,,,,,auriculares,,,,,,,,,,,,,,,,,,incorporado,,,,,,,,,,,,,,,,,,,,,,,,,,,,,,,,,,,,,,,,,,,,,,,,,,,,,,,,https://cdn.shopify.com/s/files/1/0796/0703/8180/files/redmi-buds-6-play_5.png?v=1772628504,g,,,active
auricular-twins-bluetooth-xiaomi-redmi-buds-6-play,,,,,,,,,rosa,,,,,,,,BHR8775GL,90.0,shopify,0,deny,manual,22165.00,,true,true,,,,,6941812791295,https://cdn.shopify.com/s/files/1/0796/0703/8180/files/redmi-buds-6-play_5.png?v=1772628504,2,"",,,,,,,,,,,,,,,,,,,,,,,,,,,,,,,,,,,,,,,,,,,,,,,,,,,,,,,,,,,,,,,,,,,,,,,,,,,,,,,,,,,,,,,,,,,,,,,,,,,,,,,,,,,,,,,,,,,,,,,,,,,,,,,,,,,,,,,,,,,,,,,,,,,,,,https://cdn.shopify.com/s/files/1/0796/0703/8180/files/redmi-buds-6-play_3_01ac0ac2-a011-462a-ae10-47a79355d264.png?v=1772627968,g,,,
auricular-twins-bluetooth-xiaomi-redmi-buds-6-play,,,,,,,,,blanco,,,,,,,,BHR8773GL,90.0,shopify,0,deny,manual,22165.00,,true,true,,,,,6941812791271,https://cdn.shopify.com/s/files/1/0796/0703/8180/files/redmi-buds-6-play_6_afefb07d-ff4a-44e2-a3d2-5796624256c4.png?v=1772627968,3,"",,,,,,,,,,,,,,,,,,,,,,,,,,,,,,,,,,,,,,,,,,,,,,,,,,,,,,,,,,,,,,,,,,,,,,,,,,,,,,,,,,,,,,,,,,,,,,,,,,,,,,,,,,,,,,,,,,,,,,,,,,,,,,,,,,,,,,,,,,,,,,,,,,,,,,https://cdn.shopify.com/s/files/1/0796/0703/8180/files/redmi-buds-6-play_6_afefb07d-ff4a-44e2-a3d2-5796624256c4.png?v=1772627968,g,,,
auricular-twins-bluetooth-xiaomi-redmi-buds-6-play,,,,,,,,,negro,,,,,,,,BHR8776GL,90.0,shopify,0,deny,manual,22165.00,,true,true,,,,,6941812791240,https://cdn.shopify.com/s/files/1/0796/0703/8180/files/redmi-buds-6-play_3_01ac0ac2-a011-462a-ae10-47a79355d264.png?v=1772627968,4,"",,,,,,,,,,,,,,,,,,,,,,,,,,,,,,,,,,,,,,,,,,,,,,,,,,,,,,,,,,,,,,,,,,,,,,,,,,,,,,,,,,,,,,,,,,,,,,,,,,,,,,,,,,,,,,,,,,,,,,,,,,,,,,,,,,,,,,,,,,,,,,,,,,,,,,https://cdn.shopify.com/s/files/1/0796/0703/8180/files/redmi-buds-6-play_4.png?v=1772628504,g,,,
auricular-twins-bluetooth-xiaomi-redmi-buds-6-play,,,,,,,,,,,,,,,,,,,,,,,,,,,,,,,,https://cdn.shopify.com/s/files/1/0796/0703/8180/files/redmi-buds-6-play_2.png?v=1772627968,5,"",,,,,,,,,,,,,,,,,,,,,,,,,,,,,,,,,,,,,,,,,,,,,,,,,,,,,,,,,,,,,,,,,,,,,,,,,,,,,,,,,,,,,,,,,,,,,,,,,,,,,,,,,,,,,,,,,,,,,,,,,,,,,,,,,,,,,,,,,,,,,,,,,,,,,,,,,,
auricular-twins-bluetooth-xiaomi-redmi-buds-6-play,,,,,,,,,,,,,,,,,,,,,,,,,,,,,,,,https://cdn.shopify.com/s/files/1/0796/0703/8180/files/redmi-buds-6-play_1.png?v=1772627968,6,"",,,,,,,,,,,,,,,,,,,,,,,,,,,,,,,,,,,,,,,,,,,,,,,,,,,,,,,,,,,,,,,,,,,,,,,,,,,,,,,,,,,,,,,,,,,,,,,,,,,,,,,,,,,,,,,,,,,,,,,,,,,,,,,,,,,,,,,,,,,,,,,,,,,,,,,,,,
auricular-twins-bluetooth-xiaomi-redmi-buds-6-play,,,,,,,,,,,,,,,,,,,,,,,,,,,,,,,,https://cdn.shopify.com/s/files/1/0796/0703/8180/files/redmi-buds-6-play.png?v=1772627968,7,"",,,,,,,,,,,,,,,,,,,,,,,,,,,,,,,,,,,,,,,,,,,,,,,,,,,,,,,,,,,,,,,,,,,,,,,,,,,,,,,,,,,,,,,,,,,,,,,,,,,,,,,,,,,,,,,,,,,,,,,,,,,,,,,,,,,,,,,,,,,,,,,,,,,,,,,,,,
cable-alargue-usb-extension-macho-a-hembra,Cable Alargue USB - Extensión Macho a Hembra,"<p>Extendé el alcance de tus dispositivos USB con este cable alargue de calidad. Ideal para teclados, mouse, pendrives, cámaras web y más.</p><ul>
<li>Compatible con USB 2.0</li>
<li>Conexión Macho a Hembra</li>
<li>Disponible en 1 metro y 2 metros</li>
<li>Construcción duradera</li>
<li>Ideal para escritorios amplios o cuando necesitás mayor distancia</li>
</ul>",NOGA,Electronics > Electronics Accessories > Cables > Extension Cables,Cable USB,mayorista,true,Longitud,2mts,,,,,,,,USB A/A,90.0,shopify,1,deny,manual,1960.00,,true,true,,,,,7798137380852,https://cdn.shopify.com/s/files/1/0796/0703/8180/files/7798137380852.webp?v=1772626830,1,"",false,Cable Alargue USB - Extensión 1m y 2m | Parquelectro,"Cable alargue USB de 1 y 2 metros. Extensión macho a hembra compatible con USB 2.0. Ideal para teclados, mouse, pendrives y más dispositivos.",,,,,,,,,,,,,,,,,,,,,,,,,,,,,,,,,,sin-apantallar-utp,,,,,,,,,negro,,,,,,,,,,,,,,usb,,,,,,,,,,,,,,,,,,,,,,,,,,,,,,,,,,,,,,,,,,,,,,,,,,,,,,,,,,,,,,,,,,,,,,,,,,,,,,,,,,,,,,,,,,https://cdn.shopify.com/s/files/1/0796/0703/8180/files/7798137380852.webp?v=1772626830,g,,,active
cable-alargue-usb-extension-macho-a-hembra,,,,,,,,,5mtS,,,,,,,,USB 2.0 XT 5M,0.0,shopify,13,deny,manual,3640.00,,true,true,,,,,7798137709523,,,,,,,,,,,,,,,,,,,,,,,,,,,,,,,,,,,,,,,,,,,,,,,,,,,,,,,,,,,,,,,,,,,,,,,,,,,,,,,,,,,,,,,,,,,,,,,,,,,,,,,,,,,,,,,,,,,,,,,,,,,,,,,,,,,,,,,,,,,,,,,,,,,,,,,,,https://cdn.shopify.com/s/files/1/0796/0703/8180/files/7798137380852.webp?v=1772626830,kg,,,
auriculares-xiaomi-redmi-buds-6-active-tws-bluetooth,Auriculares Xiaomi Redmi Buds 6 Active TWS Bluetooth,"<p><strong>Tecnología Xiaomi en auriculares TWS</strong></p><p>Los auriculares Xiaomi Redmi Buds 6 Active ofrecen calidad de sonido superior con tecnología True Wireless. Diseño ergonómico, batería de larga duración y cancelación de ruido. Perfectos para música, llamadas y uso diario. Marca líder en tecnología. Disponibles en 3 colores.</p><p><strong>Características principales:</strong></p><ul>
<li>Marca premium: Xiaomi</li>
<li>TWS - Completamente inalámbricos</li>
<li>Bluetooth de última generación</li>
<li>Cancelación de ruido activa</li>
<li>Diseño ergonómico cómodo</li>
<li>Batería de larga duración</li>
<li>Base de carga incluida</li>
<li>Resistentes al agua IPX4</li>
<li>Disponible en 3 colores</li>
</ul><p><strong>Beneficios:</strong></p><ul>
<li>Sonido de alta calidad Xiaomi</li>
<li>Cancelación de ruido para mejor experiencia</li>
<li>Libertad total sin cables</li>
<li>Resistentes al sudor y salpicaduras</li>
<li>Perfectos para deporte y uso diario</li>
<li>Garantía Xiaomi</li>
</ul><p><strong>Especificaciones:</strong></p><ul>
<li>Modelo: Redmi Buds 6 Active</li>
<li>Tipo: TWS Bluetooth</li>
<li>Resistencia: IPX4</li>
<li>Colores: Celeste, Negro, Rosa</li>
<li>Marca: Xiaomi</li>
</ul><p>Tecnología y calidad Xiaomi. Audio superior para tu día a día.</p>",XIAOMI,Electronics > Audio > Audio Components > Headphones & Headsets > Headphones > In-Ear Headphones,Auriculares,mayorista,true,Color,negro,product.metafields.shopify.color-pattern,,,,,,,REDMI-BUDS-6-ACTIVE-N,80.0,shopify,0,deny,manual,31460.00,,true,true,,,,,6941812777572,https://cdn.shopify.com/s/files/1/0796/0703/8180/files/redmi-buds-6-active_2.png?v=1772570422,1,"",false,Auriculares Xiaomi Redmi Buds 6 Active TWS Bluetooth | Parquelectro,"Auriculares Xiaomi Redmi Buds 6 Active TWS. Cancelación de ruido, IPX4. 3 colores disponibles. ¡Comprá ahora!",,,,,,,,,,,,,,,,,bluetooth,,,,,,,,,,,,,,,,,,,,,,,,,,negro; rosa; celeste,,,,,,,,bluetooth; inalambrico,,,,,,,,,,,,cancelacion-del-ruido; microfono-incorporado; audio-de-alta-fidelidad; impermeable,,,,,,,,,,auriculares,,,,,,,,,,,,,,,,,,incorporado,,,,,,,,,,,,,,,,,,,,,,,,,,,,,,,,,,,,,,,,,,,,,,,,,,,,,,,,https://cdn.shopify.com/s/files/1/0796/0703/8180/files/redmi-buds-6-active_2.png?v=1772570422,g,,,active
auriculares-xiaomi-redmi-buds-6-active-tws-bluetooth,,,,,,,,,rosa,,,,,,,,REDMI-BUDS-6-ACTIVE-R,80.0,shopify,0,deny,manual,31460.00,,true,true,,,,,6941812777565,https://cdn.shopify.com/s/files/1/0796/0703/8180/files/redmi-buds-6-active_1.png?v=1772570422,2,"",,,,,,,,,,,,,,,,,,,,,,,,,,,,,,,,,,,,,,,,,,,,,,,,,,,,,,,,,,,,,,,,,,,,,,,,,,,,,,,,,,,,,,,,,,,,,,,,,,,,,,,,,,,,,,,,,,,,,,,,,,,,,,,,,,,,,,,,,,,,,,,,,,,,,,https://cdn.shopify.com/s/files/1/0796/0703/8180/files/redmi-buds-6-active_1.png?v=1772570422,g,,,
auriculares-xiaomi-redmi-buds-6-active-tws-bluetooth,,,,,,,,,celeste,,,,,,,,REDMI-BUDS-6-ACTIVE-C,80.0,shopify,0,deny,manual,31460.00,,true,true,,,,,6941812777558,https://cdn.shopify.com/s/files/1/0796/0703/8180/files/redmi-buds-6-active.png?v=1772570422,3,"",,,,,,,,,,,,,,,,,,,,,,,,,,,,,,,,,,,,,,,,,,,,,,,,,,,,,,,,,,,,,,,,,,,,,,,,,,,,,,,,,,,,,,,,,,,,,,,,,,,,,,,,,,,,,,,,,,,,,,,,,,,,,,,,,,,,,,,,,,,,,,,,,,,,,,https://cdn.shopify.com/s/files/1/0796/0703/8180/files/redmi-buds-6-active.png?v=1772570422,g,,,
auriculares-noga-vincha-con-control-de-volumen,Auriculares Noga Vincha con Control de Volumen,"<p><strong>Auriculares con control de volumen integrado</strong></p><p>Los auriculares Noga con vincha y control de volumen ofrecen comodidad y practicidad. Diseño over-ear con control de volumen en el cable para ajustar el audio sin tocar el dispositivo. Perfectos para uso diario, estudio y trabajo. Disponibles en 3 colores vibrantes.</p><p><strong>Características principales:</strong></p><ul>
<li>Diseño over-ear cómodo</li>
<li>Control de volumen en cable</li>
<li>Vincha ajustable</li>
<li>Sonido estéreo de calidad</li>
<li>Cable resistente</li>
<li>Almohadillas acolchadas</li>
<li>Disponible en 3 colores</li>
<li>Marca: Noga</li>
</ul><p><strong>Beneficios:</strong></p><ul>
<li>Ajustá el volumen sin tocar el dispositivo</li>
<li>Comodidad para uso prolongado</li>
<li>Ideal para estudio y trabajo</li>
<li>Colores vibrantes y modernos</li>
<li>Precio accesible</li>
<li>Garantía Noga</li>
</ul><p><strong>Especificaciones:</strong></p><ul>
<li>Modelo: NG-903</li>
<li>Tipo: Over-ear con cable</li>
<li>Control: Volumen en cable</li>
<li>Colores: Naranja, Verde, Violeta</li>
<li>Marca: Noga</li>
</ul><p>Practicidad y comodidad Noga. Perfecto para el día a día.</p>",NOGA,Electronics > Audio > Audio Components > Headphones & Headsets > Headphones > Over-Ear Headphones,Auriculares,"",true,Color,naranja,product.metafields.shopify.color-pattern,,,,,,,NG-903,0.0,shopify,2,deny,manual,6300.00,,true,true,,,,,"",https://cdn.shopify.com/s/files/1/0796/0703/8180/files/904n.webp?v=1772570126,1,"",false,Auriculares Noga Vincha Control Volumen | Parquelectro,Auriculares Noga vincha con control de volumen. Over-ear cómodos. 3 colores vibrantes. Ideal para estudio y trabajo. ¡Comprá ahora!,,,,,,,,,,,,,,,,,3-5-mm,,,,,,,,,,,,,,,,,,,,,,,,,,naranja; verde; lila,,,,,,,,cableado,,,,,,,,,,,,control-del-volumen; microfono-incorporado,,,,,,,,,,cerrado,,,,,,,,,,,,,,,,,,incorporado,,,,,,,,,,,,,,,,,,,,,,,,,,,,,,,,,,,,,,,,,,,,,,,,,,,,,,,,https://cdn.shopify.com/s/files/1/0796/0703/8180/files/904n.webp?v=1772570126,kg,,,active
auriculares-noga-vincha-con-control-de-volumen,,,,,,,,,verde,,,,,,,,NG-904,0.0,shopify,1,deny,manual,6300.00,,true,true,,,,,"",https://cdn.shopify.com/s/files/1/0796/0703/8180/files/904v.webp?v=1772570126,2,"",,,,,,,,,,,,,,,,,,,,,,,,,,,,,,,,,,,,,,,,,,,,,,,,,,,,,,,,,,,,,,,,,,,,,,,,,,,,,,,,,,,,,,,,,,,,,,,,,,,,,,,,,,,,,,,,,,,,,,,,,,,,,,,,,,,,,,,,,,,,,,,,,,,,,,https://cdn.shopify.com/s/files/1/0796/0703/8180/files/904v.webp?v=1772570126,kg,,,
auriculares-noga-vincha-con-control-de-volumen,,,,,,,,,lila,,,,,,,,NG-905,0.0,shopify,1,deny,manual,6300.00,,true,true,,,,,"",https://cdn.shopify.com/s/files/1/0796/0703/8180/files/904vi.webp?v=1772570126,3,"",,,,,,,,,,,,,,,,,,,,,,,,,,,,,,,,,,,,,,,,,,,,,,,,,,,,,,,,,,,,,,,,,,,,,,,,,,,,,,,,,,,,,,,,,,,,,,,,,,,,,,,,,,,,,,,,,,,,,,,,,,,,,,,,,,,,,,,,,,,,,,,,,,,,,,https://cdn.shopify.com/s/files/1/0796/0703/8180/files/904vi.webp?v=1772570126,kg,,,
auriculares-jbl-vincha-con-cable-usb-c-original,Auriculares JBL Vincha con Cable USB-C Original,"<p><strong>Auriculares JBL originales con conexión USB-C</strong></p><p>Estos auriculares JBL con vincha y cable USB-C ofrecen calidad de sonido superior con conexión digital. Diseño over-ear cómodo, perfectos para dispositivos modernos con puerto USB-C. Audio digital de alta calidad sin necesidad de adaptadores. Disponibles en 3 colores.</p><p><strong>Características principales:</strong></p><ul>
<li>Marca premium: JBL Original</li>
<li>Conexión USB-C digital</li>
<li>Diseño over-ear cómodo</li>
<li>Sonido JBL de alta calidad</li>
<li>Micrófono integrado</li>
<li>Controles en cable</li>
<li>Compatible con dispositivos USB-C</li>
<li>Disponible en 3 colores</li>
</ul><p><strong>Beneficios:</strong></p><ul>
<li>Audio digital de alta fidelidad</li>
<li>No necesitás adaptadores</li>
<li>Compatible con laptops, tablets y celulares USB-C</li>
<li>Comodidad para uso prolongado</li>
<li>Calidad JBL garantizada</li>
</ul><p><strong>Especificaciones:</strong></p><ul>
<li>Conexión: USB-C</li>
<li>Tipo: Over-ear con cable</li>
<li>Colores: Azul, Lila, Negro</li>
<li>Marca: JBL</li>
</ul><p>Calidad JBL con tecnología USB-C. Audio digital superior.</p>",JBL,Electronics > Audio > Audio Components > Headphones & Headsets > Headphones > Over-Ear Headphones,Auriculares,"",true,Color,azul,product.metafields.shopify.color-pattern,,,,,,,TUNE 520C,325.0,shopify,1,deny,manual,55770.00,,true,true,,,,,1200130023231,https://cdn.shopify.com/s/files/1/0796/0703/8180/files/JBL_Tune_520CUSB-C_Hero_Blue.png?v=1772569836,1,"",false,Auriculares JBL Vincha Cable USB-C Original | Parquelectro,Auriculares JBL vincha con cable USB-C original. Audio digital de alta calidad. 3 colores disponibles. ¡Comprá ahora!,,,,,,,,,,,,,,,,,usb,,,,,,,,,,,,,,,,,,,,,,,,,,azul; negro; lila,,,,,,,,usb; cableado,,,,,,,,,,,,microfono-incorporado; control-del-volumen,,,,,,,,,,cerrado,,,,,,,,,,,,,,,,,,incorporado; brazo,,,,,,,,,,,,,,,,,,,,,,,,,,,,,,,,,,,,,,,,,,,,,,,,,,,,,,,,https://cdn.shopify.com/s/files/1/0796/0703/8180/files/JBL_Tune_520CUSB-C_Hero_Blue.png?v=1772569836,g,,,active
auriculares-jbl-vincha-con-cable-usb-c-original,,,,,,,,,negro,,,,,,,,JBL-USBC,325.0,shopify,1,deny,manual,55770.00,,true,true,,,,,1200130023217,https://cdn.shopify.com/s/files/1/0796/0703/8180/files/JBL_Tune_520CUSB-C_Hero_Black.png?v=1772569836,2,"",,,,,,,,,,,,,,,,,,,,,,,,,,,,,,,,,,,,,,,,,,,,,,,,,,,,,,,,,,,,,,,,,,,,,,,,,,,,,,,,,,,,,,,,,,,,,,,,,,,,,,,,,,,,,,,,,,,,,,,,,,,,,,,,,,,,,,,,,,,,,,,,,,,,,,https://cdn.shopify.com/s/files/1/0796/0703/8180/files/JBL_Tune_520CUSB-C_Hero_Black.png?v=1772569836,g,,,
auriculares-jbl-vincha-con-cable-usb-c-original,,,,,,,,,lila,,,,,,,,JBL-USBC-3,0.0,shopify,0,deny,manual,55770.00,,true,true,,,,,"",https://cdn.shopify.com/s/files/1/0796/0703/8180/files/D_NQ_NP_706949-MLA100032399835_122025-O.webp?v=1772569836,3,"",,,,,,,,,,,,,,,,,,,,,,,,,,,,,,,,,,,,,,,,,,,,,,,,,,,,,,,,,,,,,,,,,,,,,,,,,,,,,,,,,,,,,,,,,,,,,,,,,,,,,,,,,,,,,,,,,,,,,,,,,,,,,,,,,,,,,,,,,,,,,,,,,,,,,,https://cdn.shopify.com/s/files/1/0796/0703/8180/files/D_NQ_NP_706949-MLA100032399835_122025-O.webp?v=1772569836,kg,,,
auriculares-gamer-noga-st-704-con-led,Auriculares Gamer Noga ST-704 con LED,"<p><strong>Gaming con estilo e iluminación LED</strong></p><p>Los auriculares gamer Noga ST-704 combinan estilo elegante con rendimiento gaming. Iluminación LED, micrófono profesional y diseño over-ear cómodo. Perfectos para gamers que buscan un setup limpio y moderno. Disponibles en 2 colores.</p><p><strong>Características principales:</strong></p><ul>
<li>Diseño gamer over-ear</li>
<li>Iluminación LED</li>
<li>Micrófono ajustable</li>
<li>Sonido envolvente para gaming</li>
<li>Almohadillas acolchadas</li>
<li>Compatible con PC y consolas</li>
<li>Disponible en 2 colores</li>
<li>Marca: Noga</li>
</ul><p><strong>Beneficios:</strong></p><ul>
<li>Iluminación LED para setup moderno</li>
<li>Audio inmersivo para gaming</li>
<li>Comunicación clara</li>
<li>Comodidad prolongada</li>
<li>Garantía Noga</li>
</ul><p><strong>Especificaciones:</strong></p><ul>
<li>Modelo: ST-704</li>
<li>Iluminación: LED</li>
<li>Tipo: Over-ear con cable</li>
<li>Colores: Blanco, Rosa</li>
<li>Marca: Noga</li>
</ul><p>Setup gamer con personalidad. Calidad y estilo Noga.</p>",NOGA,Electronics > Audio > Audio Components > Headphones & Headsets > Headsets,Auriculares gamer,"",true,Color,negro,product.metafields.shopify.color-pattern,,,,,,,,335.0,shopify,0,deny,manual,12900.00,14875.00,true,true,,,,,"",https://cdn.shopify.com/s/files/1/0796/0703/8180/files/st-704-angulo-78ba1f528fd93d8c7317508666057876-1024-1024.webp?v=1772563751,1,"",false,Auriculares Gamer Noga ST-704 LED | Parquelectro,Auriculares gamer Noga ST-704 con LED. Micrófono ajustable. 2 colores disponibles. Compatible con PC y consolas. ¡Comprá ahora!,,,,,,,,,,,,,,,,,3-5-mm,,,,,,,,,,,,,,,,,,,,,,,,,,negro; rosa; blanco,,,,,,,,cableado,,,,,,,,,,,,microfono-incorporado; control-del-volumen,,,,,,,,,,cerrado,,,,,,,,,,,,,,,,,,brazo; unidireccional,,,,,,,,,,,,,,,,,,,,,,,,,,,,,,,,,,,,,,,,,,,,,,,,,,,,,,,,https://cdn.shopify.com/s/files/1/0796/0703/8180/files/st-704-angulo-78ba1f528fd93d8c7317508666057876-1024-1024.webp?v=1772563751,g,,8400.00,active
auriculares-gamer-noga-st-704-con-led,,,,,,,,,rosa,,,,,,,,,340.0,shopify,2,deny,manual,12900.00,14875.00,true,true,,,,,"",https://cdn.shopify.com/s/files/1/0796/0703/8180/files/705.webp?v=1772564522,2,"",,,,,,,,,,,,,,,,,,,,,,,,,,,,,,,,,,,,,,,,,,,,,,,,,,,,,,,,,,,,,,,,,,,,,,,,,,,,,,,,,,,,,,,,,,,,,,,,,,,,,,,,,,,,,,,,,,,,,,,,,,,,,,,,,,,,,,,,,,,,,,,,,,,,,,https://cdn.shopify.com/s/files/1/0796/0703/8180/files/705.webp?v=1772564522,g,,8400.00,
auriculares-gamer-noga-st-704-con-led,,,,,,,,,blanco,,,,,,,,,340.0,shopify,3,deny,manual,12900.00,14875.00,true,true,,,,,"",https://cdn.shopify.com/s/files/1/0796/0703/8180/files/noga_headset_shopify_2048.png?v=1772564466,3,"",,,,,,,,,,,,,,,,,,,,,,,,,,,,,,,,,,,,,,,,,,,,,,,,,,,,,,,,,,,,,,,,,,,,,,,,,,,,,,,,,,,,,,,,,,,,,,,,,,,,,,,,,,,,,,,,,,,,,,,,,,,,,,,,,,,,,,,,,,,,,,,,,,,,,,https://cdn.shopify.com/s/files/1/0796/0703/8180/files/noga_headset_shopify_2048.png?v=1772564466,g,,8400.00,
auriculares-gamer-noga-st-704-con-led,,,,,,,,,,,,,,,,,,,,,,,,,,,,,,,,https://cdn.shopify.com/s/files/1/0796/0703/8180/files/st-704-lateral-15d24d06ee3d941de817508666126253-640-0.webp?v=1772563700,4,"",,,,,,,,,,,,,,,,,,,,,,,,,,,,,,,,,,,,,,,,,,,,,,,,,,,,,,,,,,,,,,,,,,,,,,,,,,,,,,,,,,,,,,,,,,,,,,,,,,,,,,,,,,,,,,,,,,,,,,,,,,,,,,,,,,,,,,,,,,,,,,,,,,,,,,,,,,
auriculares-gamer-noga-st-704-con-led,,,,,,,,,,,,,,,,,,,,,,,,,,,,,,,,https://cdn.shopify.com/s/files/1/0796/0703/8180/files/st-704-packaging-89df5c5b83ec2a969017508794970731-1024-1024.webp?v=1772563751,5,"",,,,,,,,,,,,,,,,,,,,,,,,,,,,,,,,,,,,,,,,,,,,,,,,,,,,,,,,,,,,,,,,,,,,,,,,,,,,,,,,,,,,,,,,,,,,,,,,,,,,,,,,,,,,,,,,,,,,,,,,,,,,,,,,,,,,,,,,,,,,,,,,,,,,,,,,,,
auriculares-bluetooth-noga-twins-60-deportivos-tws,Auriculares Bluetooth Noga Twins 60 Deportivos TWS,"<p><strong>Auriculares deportivos True Wireless de Noga</strong></p><p>Los auriculares Bluetooth Noga Twins 60 son perfectos para deportes y actividades físicas. Diseño TWS (True Wireless Stereo) completamente inalámbrico con ajuste seguro y resistencia al sudor. Calidad Noga para tu entrenamiento. Disponibles en 3 colores.</p><p><strong>Características principales:</strong></p><ul>
<li>TWS - Completamente inalámbricos</li>
<li>Diseño deportivo ergonómico</li>
<li>Resistentes al sudor</li>
<li>Ajuste seguro para deportes</li>
<li>Sonido estéreo de calidad</li>
<li>Base de carga incluida</li>
<li>Batería de larga duración</li>
<li>Disponible en 3 colores</li>
<li>Marca: Noga</li>
</ul><p><strong>Beneficios:</strong></p><ul>
<li>Libertad total sin cables</li>
<li>No se caen durante el ejercicio</li>
<li>Resistentes al sudor y humedad</li>
<li>Perfectos para running, gym y deportes</li>
<li>Garantía Noga</li>
</ul><p><strong>Especificaciones:</strong></p><ul>
<li>Modelo: Twins 60</li>
<li>Tipo: TWS deportivos</li>
<li>Conectividad: Bluetooth</li>
<li>Colores: Natural, Negro, Verde</li>
<li>Marca: Noga</li>
</ul><p>Tu compañero perfecto para entrenar. Calidad y rendimiento Noga.</p>",NOGA,Electronics > Audio > Audio Components > Headphones & Headsets > Headphones > In-Ear Headphones,Auriculares,"bluetooth, mayorista, noga",true,Color,verde,product.metafields.shopify.color-pattern,,,,,,,NG-BTWINS 60,0.0,shopify,0,deny,manual,17500.00,18382.00,true,true,,,,,"",https://cdn.shopify.com/s/files/1/0796/0703/8180/files/ng-btwins-60-vr-carg-528a177fa7fdd59d5317653938900131-1024-1024.webp?v=1772561142,1,"",false,Auriculares Bluetooth Noga Twins 60 Deportivos TWS | Parquelectro,"Auriculares Bluetooth Noga Twins 60 deportivos TWS. Resistentes al sudor, ajuste seguro. 3 colores. Ideal para deportes. ¡Comprá ahora!",,,,,,,,,,,,,,,,,bluetooth,,,,,,,,,,,,,,,,,,,,,,,,,,verde; negro; beige,,,,,,,,bluetooth; inalambrico,,,,,,,,,,,,cancelacion-del-ruido; impermeable,,,,,,,,,,auriculares,,,,,,,,,,,,,,,,,,,,,,,,,,,,,,,,,,,,,,,,,,,,,,,,,,,,,,,,,,,,,,,,,,,,,,,,,,https://cdn.shopify.com/s/files/1/0796/0703/8180/files/ng-btwins-60-vr-carg-528a177fa7fdd59d5317653938900131-1024-1024.webp?v=1772561142,kg,,11620.00,active
auriculares-bluetooth-noga-twins-60-deportivos-tws,,,,,,,,,negro,,,,,,,,NG-BTWINS 60,0.0,shopify,3,deny,manual,17500.00,18382.00,true,true,,,,,"",https://cdn.shopify.com/s/files/1/0796/0703/8180/files/ng-btwins-60-ng-carg-56e68c9911aa889be117653938849760-1024-1024.webp?v=1772560887,2,"",,,,,,,,,,,,,,,,,,,,,,,,,,,,,,,,,,,,,,,,,,,,,,,,,,,,,,,,,,,,,,,,,,,,,,,,,,,,,,,,,,,,,,,,,,,,,,,,,,,,,,,,,,,,,,,,,,,,,,,,,,,,,,,,,,,,,,,,,,,,,,,,,,,,,,https://cdn.shopify.com/s/files/1/0796/0703/8180/files/ng-btwins-60-ng-carg-56e68c9911aa889be117653938849760-1024-1024.webp?v=1772560887,kg,,11620.00,
auriculares-bluetooth-noga-twins-60-deportivos-tws,,,,,,,,,beige,,,,,,,,NG-BTWINS 60,0.0,shopify,2,deny,manual,17500.00,18382.00,true,true,,,,,"",https://cdn.shopify.com/s/files/1/0796/0703/8180/files/ng-btwins-60-bg-carg-15ed19d565c22d2c3c17653938718824-1024-1024.webp?v=1772560663,3,"",,,,,,,,,,,,,,,,,,,,,,,,,,,,,,,,,,,,,,,,,,,,,,,,,,,,,,,,,,,,,,,,,,,,,,,,,,,,,,,,,,,,,,,,,,,,,,,,,,,,,,,,,,,,,,,,,,,,,,,,,,,,,,,,,,,,,,,,,,,,,,,,,,,,,,https://cdn.shopify.com/s/files/1/0796/0703/8180/files/ng-btwins-60-bg-carg-15ed19d565c22d2c3c17653938718824-1024-1024.webp?v=1772560663,kg,,11620.00,
auriculares-bluetooth-noga-aris-vincha-premium,Auriculares Bluetooth Noga Aris Vincha Premium,"<p><strong>Modelo premium Aris de Noga</strong></p><p>Los auriculares Bluetooth Noga Aris representan la línea premium de la marca. Diseño over-ear superior con vincha ajustable, calidad de sonido excepcional y características avanzadas. Perfectos para audiofílos y gamers exigentes. Disponibles en 3 colores.</p><p><strong>Características principales:</strong></p><ul>
<li>Modelo premium Aris</li>
<li>Bluetooth de última generación</li>
<li>Diseño over-ear premium</li>
<li>Vincha ajustable con acolchado superior</li>
<li>Sonido estéreo de alta fidelidad</li>
<li>Micrófono de alta calidad</li>
<li>Batería de larga duración</li>
<li>Disponible en 3 colores</li>
<li>Marca: Noga</li>
</ul><p><strong>Beneficios:</strong></p><ul>
<li>Calidad de sonido superior</li>
<li>Máxima comodidad para sesiones largas</li>
<li>Ideal para gaming profesional y música</li>
<li>Construcción premium y duradera</li>
<li>Garantía Noga</li>
</ul><p><strong>Especificaciones:</strong></p><ul>
<li>Modelo: Aris</li>
<li>Conectividad: Bluetooth</li>
<li>Tipo: Over-ear premium</li>
<li>Colores: Azul, Blanco, Rojo con Negro</li>
<li>Marca: Noga</li>
</ul><p>Experiencia de audio premium. La mejor línea de Noga.</p>",NOGA,Electronics > Audio > Audio Components > Headphones & Headsets > Headphones > Over-Ear Headphones,Auriculares,"",true,Color,azul,product.metafields.shopify.color-pattern,,,,,,,NG-918BT-1,0.0,shopify,3,deny,manual,21840.00,,true,true,,,,,"",https://cdn.shopify.com/s/files/1/0796/0703/8180/files/ng-918bt-azng-angulo1-19a1185baeb786f96b16522780191831-640-0.webp?v=1772559760,1,"",false,Auriculares Bluetooth Noga Aris Premium | Parquelectro,Auriculares Bluetooth Noga Aris premium. Sonido de alta fidelidad. 3 colores disponibles. Ideal para gaming y música. ¡Comprá ahora!,,,,,,,,,,,,,,,,,bluetooth,,,,,,,,,,,,,,,,,,,,,,,,,,azul; blanco; rojo,,,,,,,,bluetooth; inalambrico,,,,,,,,,,,,microfono-incorporado; audio-de-alta-fidelidad; control-del-volumen,,,,,,,,,,cerrado,,,,,,,,,,,,,,,,,,brazo; incorporado,,,,,,,,,,,,,,,,,,,,,,,,,,,,,,,,,,,,,,,,,,,,,,,,,,,,,,,,https://cdn.shopify.com/s/files/1/0796/0703/8180/files/ng-918bt-azng-angulo1-19a1185baeb786f96b16522780191831-640-0.webp?v=1772559760,kg,,,active
auriculares-bluetooth-noga-aris-vincha-premium,,,,,,,,,blanco,,,,,,,,NG-918BT-2,0.0,shopify,1,deny,manual,21840.00,,true,true,,,,,"",https://cdn.shopify.com/s/files/1/0796/0703/8180/files/ng-918bt-bl-angulo1-ad9920912a9a07c60416581675323045-640-0.webp?v=1772559898,2,"",,,,,,,,,,,,,,,,,,,,,,,,,,,,,,,,,,,,,,,,,,,,,,,,,,,,,,,,,,,,,,,,,,,,,,,,,,,,,,,,,,,,,,,,,,,,,,,,,,,,,,,,,,,,,,,,,,,,,,,,,,,,,,,,,,,,,,,,,,,,,,,,,,,,,,https://cdn.shopify.com/s/files/1/0796/0703/8180/files/ng-918bt-bl-angulo1-ad9920912a9a07c60416581675323045-640-0.webp?v=1772559898,kg,,,
auriculares-bluetooth-noga-aris-vincha-premium,,,,,,,,,rojo,,,,,,,,NG-918BT-3,0.0,shopify,1,deny,manual,21840.00,,true,true,,,,,"",https://cdn.shopify.com/s/files/1/0796/0703/8180/files/ng-918bt-rjng-angulo1-b1a518c16015a4cd2916522780193503-1024-1024.webp?v=1772560134,3,"",,,,,,,,,,,,,,,,,,,,,,,,,,,,,,,,,,,,,,,,,,,,,,,,,,,,,,,,,,,,,,,,,,,,,,,,,,,,,,,,,,,,,,,,,,,,,,,,,,,,,,,,,,,,,,,,,,,,,,,,,,,,,,,,,,,,,,,,,,,,,,,,,,,,,,https://cdn.shopify.com/s/files/1/0796/0703/8180/files/ng-918bt-rjng-angulo1-b1a518c16015a4cd2916522780193503-1024-1024.webp?v=1772560134,kg,,,
auriculares-bluetooth-noga-a915-vincha-over-ear,Auriculares Bluetooth Noga A915 Vincha Over-Ear,"<p><strong>Calidad Noga en auriculares inalámbricos</strong></p><p>Los auriculares Bluetooth Noga A915 combinan estilo, comodidad y calidad de sonido. Diseño over-ear con vincha ajustable, perfectos para música, gaming y llamadas. Marca confiable con garantía de calidad. Disponibles en 5 colores.</p><p><strong>Características principales:</strong></p><ul>
<li>Bluetooth inalámbrico</li>
<li>Diseño over-ear cómodo</li>
<li>Vincha ajustable y acolchada</li>
<li>Sonido estéreo de calidad</li>
<li>Micrófono integrado</li>
<li>Batería de larga duración</li>
<li>Disponible en 5 colores</li>
<li>Marca confiable: Noga</li>
</ul><p><strong>Beneficios:</strong></p><ul>
<li>Comodidad para uso prolongado</li>
<li>Calidad de sonido superior</li>
<li>Ideal para música, gaming y trabajo</li>
<li>Diseño moderno y elegante</li>
<li>Garantía Noga</li>
</ul><p><strong>Especificaciones:</strong></p><ul>
<li>Modelo: A915</li>
<li>Conectividad: Bluetooth</li>
<li>Tipo: Over-ear con vincha</li>
<li>Colores: Blanco, Celeste, Natural, Negro, Verde</li>
<li>Marca: Noga</li>
</ul><p>Calidad y estilo en tus oídos. Confianza Noga garantizada.</p>",NOGA,Electronics > Audio > Audio Components > Headphones & Headsets > Headphones > Over-Ear Headphones,Auriculares,mayorista,true,Color,beige,product.metafields.shopify.color-pattern,,,,,,,NG-A915BT-1,0.0,shopify,5,deny,manual,12600.00,,true,true,,,,,"",https://cdn.shopify.com/s/files/1/0796/0703/8180/files/D_Q_NP_2X_861531-MLA101077639589_122025-P.webp?v=1772558757,1,"",false,Auriculares Bluetooth Noga A915 Vincha Over-Ear | Parquelectro,"Auriculares Bluetooth Noga A915. Over-ear, vincha ajustable, sonido de calidad. 5 colores disponibles. Ideal para música y gaming. ¡Comprá ahora!",,,,,,,,,,,,,,,,,bluetooth,,,,,,,,,,,,,,,,,,,,,,,,,,beige; azul; negro; blanco; verde,,,,,,,,bluetooth; inalambrico,,,,,,,,,,,,microfono-incorporado; audio-de-alta-fidelidad; control-del-volumen,,,,,,,,,,cerrado,,,,,,,,,,,,,,,,,,incorporado,,,,,,,,,,,,,,,,,,,,,,,,,,,,,,,,,,,,,,,,,,,,,,,,,,,,,,,,https://cdn.shopify.com/s/files/1/0796/0703/8180/files/D_Q_NP_2X_861531-MLA101077639589_122025-P.webp?v=1772558757,kg,,,active
auriculares-bluetooth-noga-a915-vincha-over-ear,,,,,,,,,azul,,,,,,,,NG-A915BT-2,0.0,shopify,5,deny,manual,12600.00,,true,true,,,,,"",https://cdn.shopify.com/s/files/1/0796/0703/8180/files/ng-a915bt-az-angulo-e85648b60e4362b37b17641689462414-1024-1024.webp?v=1772558384,2,"",,,,,,,,,,,,,,,,,,,,,,,,,,,,,,,,,,,,,,,,,,,,,,,,,,,,,,,,,,,,,,,,,,,,,,,,,,,,,,,,,,,,,,,,,,,,,,,,,,,,,,,,,,,,,,,,,,,,,,,,,,,,,,,,,,,,,,,,,,,,,,,,,,,,,,https://cdn.shopify.com/s/files/1/0796/0703/8180/files/ng-a915bt-az-angulo-e85648b60e4362b37b17641689462414-1024-1024.webp?v=1772558384,kg,,,
auriculares-bluetooth-noga-a915-vincha-over-ear,,,,,,,,,negro,,,,,,,,NG-A915BT-3,0.0,shopify,5,deny,manual,12600.00,,true,true,,,,,"",https://cdn.shopify.com/s/files/1/0796/0703/8180/files/ng-a915bt-ng-angulo-9dfebf78fd04b9bfd517641689617904-1024-1024.webp?v=1772558898,3,"",,,,,,,,,,,,,,,,,,,,,,,,,,,,,,,,,,,,,,,,,,,,,,,,,,,,,,,,,,,,,,,,,,,,,,,,,,,,,,,,,,,,,,,,,,,,,,,,,,,,,,,,,,,,,,,,,,,,,,,,,,,,,,,,,,,,,,,,,,,,,,,,,,,,,,https://cdn.shopify.com/s/files/1/0796/0703/8180/files/ng-a915bt-ng-angulo-9dfebf78fd04b9bfd517641689617904-1024-1024.webp?v=1772558898,kg,,,
auriculares-bluetooth-noga-a915-vincha-over-ear,,,,,,,,,blanco,,,,,,,,NG-A915BT-4,0.0,shopify,5,deny,manual,12600.00,,true,true,,,,,"",https://cdn.shopify.com/s/files/1/0796/0703/8180/files/ng-a915bt-bl-angulo-3c2315d64de79c411b17641689563963-1024-1024.webp?v=1772558217,4,"",,,,,,,,,,,,,,,,,,,,,,,,,,,,,,,,,,,,,,,,,,,,,,,,,,,,,,,,,,,,,,,,,,,,,,,,,,,,,,,,,,,,,,,,,,,,,,,,,,,,,,,,,,,,,,,,,,,,,,,,,,,,,,,,,,,,,,,,,,,,,,,,,,,,,,https://cdn.shopify.com/s/files/1/0796/0703/8180/files/ng-a915bt-bl-angulo-3c2315d64de79c411b17641689563963-1024-1024.webp?v=1772558217,kg,,,
auriculares-bluetooth-noga-a915-vincha-over-ear,,,,,,,,,verde,,,,,,,,NG-A915BT-5,0.0,shopify,5,deny,manual,12600.00,,true,true,,,,,"",https://cdn.shopify.com/s/files/1/0796/0703/8180/files/ng-a915bt-vr-angulo-b471d361ddba6bd68a17641689677948-1024-1024.webp?v=1772568858,5,"",,,,,,,,,,,,,,,,,,,,,,,,,,,,,,,,,,,,,,,,,,,,,,,,,,,,,,,,,,,,,,,,,,,,,,,,,,,,,,,,,,,,,,,,,,,,,,,,,,,,,,,,,,,,,,,,,,,,,,,,,,,,,,,,,,,,,,,,,,,,,,,,,,,,,,https://cdn.shopify.com/s/files/1/0796/0703/8180/files/ng-a915bt-vr-angulo-b471d361ddba6bd68a17641689677948-1024-1024.webp?v=1772568858,kg,,,
auriculares-jbl-tune-110-in-ear-con-manos-libres,Auriculares JBL Tune 110 In-Ear con Manos Libres,"<p><strong>Calidad de sonido JBL en tus oídos</strong></p><p>Los auriculares JBL Tune 110 ofrecen el legendario sonido JBL Pure Bass en formato intrauditivo. Con micrófono manos libres integrado y diseño cómodo. Perfectos para música, llamadas y uso diario. Marca líder mundial en audio.</p><p><strong>Características principales:</strong></p><ul>
<li>Marca premium: JBL</li>
<li>Sonido JBL Pure Bass</li>
<li>Diseño intrauditivo cómodo</li>
<li>Micrófono manos libres</li>
<li>Botón de control integrado</li>
<li>Cable plano antienredos</li>
<li>Almohadillas de silicona</li>
<li>Disponible en 4 colores</li>
</ul><p><strong>Beneficios:</strong></p><ul>
<li>Calidad de audio superior JBL</li>
<li>Bajos potentes y definidos</li>
<li>Atendé llamadas sin sacar el teléfono</li>
<li>Cómodos para uso prolongado</li>
<li>Diseño compacto y portátil</li>
<li>Garantía JBL</li>
</ul><p><strong>Especificaciones:</strong></p><ul>
<li>Modelo: Tune 110</li>
<li>Tipo: In-ear con cable</li>
<li>Sonido: JBL Pure Bass</li>
<li>Colores: Azul, Blanco, Negro, Rojo</li>
<li>Marca: JBL</li>
</ul>",JBL,Electronics > Audio > Audio Components > Headphones & Headsets > Headphones > In-Ear Headphones,Auriculares,mayorista,true,Color rojo,rojo,product.metafields.shopify.color-pattern,,,,,,,TUNE 110,0.0,shopify,0,deny,manual,14872.00,,true,true,,,,,"",https://cdn.shopify.com/s/files/1/0796/0703/8180/files/AURICULARES-JBL-TUNE110-ROJO_33fe94d6-9d70-41d2-a9b6-f7a00403d902.jpg?v=1772568214,1,"",false,Auriculares JBL Tune 110 In-Ear Manos Libres | Parquelectro,"Auriculares JBL Tune 110 in-ear. Sonido Pure Bass, manos libres. 4 colores disponibles. Calidad JBL. ¡Comprá ahora!",,,,,,,,,,,,,,,,,3-5-mm,,,,,,,,,,,,,,,,,,,,,,,,,,rojo; azul; negro; blanco,,,,,,,,cableado,,,,,,,,,,,,microfono-incorporado; control-del-volumen,,,,,,,,,,canal; auriculares,,,,,,,,,,,,,,,,,,incorporado,,,,,,,,,,,,,,,,,,,,,,,,,,,,,,,,,,,,,,,,,,,,,,,,,,,,,,,,https://cdn.shopify.com/s/files/1/0796/0703/8180/files/AURICULARES-JBL-TUNE110-ROJO_33fe94d6-9d70-41d2-a9b6-f7a00403d902.jpg?v=1772568214,kg,,,active
auriculares-jbl-tune-110-in-ear-con-manos-libres,,,,,,,,,azul,,,,,,,,TUNE 111,0.0,shopify,0,deny,manual,14872.00,,true,true,,,,,"",https://cdn.shopify.com/s/files/1/0796/0703/8180/files/000000000040989431045409894--1_f2693e75-4c5c-48a5-99de-5a87b0225d5b.jpg?v=1772568214,2,"",,,,,,,,,,,,,,,,,,,,,,,,,,,,,,,,,,,,,,,,,,,,,,,,,,,,,,,,,,,,,,,,,,,,,,,,,,,,,,,,,,,,,,,,,,,,,,,,,,,,,,,,,,,,,,,,,,,,,,,,,,,,,,,,,,,,,,,,,,,,,,,,,,,,,,https://cdn.shopify.com/s/files/1/0796/0703/8180/files/000000000040989431045409894--1_f2693e75-4c5c-48a5-99de-5a87b0225d5b.jpg?v=1772568214,kg,,,
auriculares-jbl-tune-110-in-ear-con-manos-libres,,,,,,,,,negro,,,,,,,,TUNE 112,0.0,shopify,0,deny,manual,14872.00,,true,true,,,,,"",https://cdn.shopify.com/s/files/1/0796/0703/8180/files/auricular-jbl-tune-110-t110-pure-bass-sound_5248ca50-74e1-4561-81f1-a6b709a205dd.jpg?v=1772568214,3,"",,,,,,,,,,,,,,,,,,,,,,,,,,,,,,,,,,,,,,,,,,,,,,,,,,,,,,,,,,,,,,,,,,,,,,,,,,,,,,,,,,,,,,,,,,,,,,,,,,,,,,,,,,,,,,,,,,,,,,,,,,,,,,,,,,,,,,,,,,,,,,,,,,,,,,https://cdn.shopify.com/s/files/1/0796/0703/8180/files/auricular-jbl-tune-110-t110-pure-bass-sound_5248ca50-74e1-4561-81f1-a6b709a205dd.jpg?v=1772568214,kg,,,
auriculares-jbl-tune-110-in-ear-con-manos-libres,,,,,,,,,blanco,,,,,,,,TUNE 113,0.0,shopify,0,deny,manual,14872.00,,true,true,,,,,"",https://cdn.shopify.com/s/files/1/0796/0703/8180/files/auricular_jbl_blanco_3272f9b2-c411-4c6c-b110-ec97ba713eb0.jpg?v=1772568214,4,"",,,,,,,,,,,,,,,,,,,,,,,,,,,,,,,,,,,,,,,,,,,,,,,,,,,,,,,,,,,,,,,,,,,,,,,,,,,,,,,,,,,,,,,,,,,,,,,,,,,,,,,,,,,,,,,,,,,,,,,,,,,,,,,,,,,,,,,,,,,,,,,,,,,,,,https://cdn.shopify.com/s/files/1/0796/0703/8180/files/auricular_jbl_blanco_3272f9b2-c411-4c6c-b110-ec97ba713eb0.jpg?v=1772568214,kg,,,
auriculares-jbl-tune-110-in-ear-con-manos-libres,,,,,,,,,,,,,,,,,,,,,,,,,,,,,,,,https://cdn.shopify.com/s/files/1/0796/0703/8180/files/auriculares-jbl-tune-110-color-blanco-auriculares-jbl-tune-110-color-blanco_6f2fe338-9b06-43d6-b96f-8e8a5b21d8f5.jpg?v=1772568215,5,"",,,,,,,,,,,,,,,,,,,,,,,,,,,,,,,,,,,,,,,,,,,,,,,,,,,,,,,,,,,,,,,,,,,,,,,,,,,,,,,,,,,,,,,,,,,,,,,,,,,,,,,,,,,,,,,,,,,,,,,,,,,,,,,,,,,,,,,,,,,,,,,,,,,,,,,,,,
auriculares-jbl-tune-110-in-ear-con-manos-libres,,,,,,,,,,,,,,,,,,,,,,,,,,,,,,,,https://cdn.shopify.com/s/files/1/0796/0703/8180/files/MKT0013COM-1_921b87fa-ef76-440c-ac34-baeecd0cfe74.jpg?v=1772568215,6,"",,,,,,,,,,,,,,,,,,,,,,,,,,,,,,,,,,,,,,,,,,,,,,,,,,,,,,,,,,,,,,,,,,,,,,,,,,,,,,,,,,,,,,,,,,,,,,,,,,,,,,,,,,,,,,,,,,,,,,,,,,,,,,,,,,,,,,,,,,,,,,,,,,,,,,,,,,
auriculares-jbl-tune-110-in-ear-con-manos-libres,,,,,,,,,,,,,,,,,,,,,,,,,,,,,,,,https://cdn.shopify.com/s/files/1/0796/0703/8180/files/6_a5520547-e0f4-4e79-85ab-1405d0c140b2.jpg?v=1772568214,7,"",,,,,,,,,,,,,,,,,,,,,,,,,,,,,,,,,,,,,,,,,,,,,,,,,,,,,,,,,,,,,,,,,,,,,,,,,,,,,,,,,,,,,,,,,,,,,,,,,,,,,,,,,,,,,,,,,,,,,,,,,,,,,,,,,,,,,,,,,,,,,,,,,,,,,,,,,,
auriculares-jbl-tune-110-in-ear-con-manos-libres,,,,,,,,,,,,,,,,,,,,,,,,,,,,,,,,https://cdn.shopify.com/s/files/1/0796/0703/8180/files/1081-producto-tune-110-rojo-6-5785_eaa00f50-185b-49c0-99dd-9995f6bb05cf.jpg?v=1772568214,8,"",,,,,,,,,,,,,,,,,,,,,,,,,,,,,,,,,,,,,,,,,,,,,,,,,,,,,,,,,,,,,,,,,,,,,,,,,,,,,,,,,,,,,,,,,,,,,,,,,,,,,,,,,,,,,,,,,,,,,,,,,,,,,,,,,,,,,,,,,,,,,,,,,,,,,,,,,,
zapatilla-usb-usb-c-a-220v-2-puertos-usb-2-puertos-usb-tipo-c-cable-tipo-c,Zapatilla Eléctrica con USB y USB-C 220V - 4 Puertos de Carga,"<p><strong>Cargá todos tus dispositivos en un solo lugar</strong></p><p>Esta zapatilla eléctrica moderna combina tomas de corriente 220V con puertos de carga USB y USB-C, perfecta para tu escritorio, mesa de luz o espacio de trabajo. Olvidate de los cargadores múltiples y simplificá tu vida.</p><p><strong>Características principales:</strong></p><ul>
<li>2 puertos USB estándar para carga rápida</li>
<li>2 puertos USB Tipo C de última generación</li>
<li>Incluye cable USB Tipo C</li>
<li>Tomas de corriente 220V para otros dispositivos</li>
<li>Protección contra sobrecarga y cortocircuitos</li>
<li>Diseño compacto y moderno</li>
</ul><p><strong>Ideal para:</strong></p><ul>
<li>Cargar smartphones, tablets y laptops simultáneamente</li>
<li>Escritorios de oficina o home office</li>
<li>Mesas de luz para cargar durante la noche</li>
<li>Espacios de trabajo compartidos</li>
</ul><p><strong>Especificaciones:</strong></p><ul>
<li>Voltaje: 220V</li>
<li>Puertos USB: 2 unidades</li>
<li>Puertos USB-C: 2 unidades</li>
<li>Cable USB-C incluido</li>
</ul><p>Mantené todos tus dispositivos cargados y listos con esta práctica solución todo-en-uno. Perfecta para la vida moderna y conectada.</p>",Jorge,Electronics > Electronics Accessories > Power > Power Strips & Surge Suppressors,ZAPATILLA,mayorista,true,Title,Default Title,,,,,,,,,0.0,shopify,5,deny,manual,6615.00,,true,true,,,,,,https://cdn.shopify.com/s/files/1/0796/0703/8180/files/imagen_convertida.jpg?v=1772142600,1,"",false,Zapatilla Eléctrica USB y USB-C 220V | 4 Puertos Carga | Parquelectro,Zapatilla eléctrica 220V con 2 USB + 2 USB-C. Cargá todos tus dispositivos en un solo lugar. Incluye cable USB-C. ¡Comprá ahora en Parquelectro!,,,,,,,,,,,,,,,,,,,,,,,,,,,,,,,,,,,,,,,,,,,blanco,,,,,,,,,,,,,,,,,,,,,,,,,,,,,,,,,,,,,,,,,,,,,,,,,,,,,,,,,,,,,,,,,,,,,,,,,,,,,,,,,,,,,,,,,,,,,,,,,,,,,,,,,kg,,4410.00,active
zapatilla-usb-usb-c-a-220v-2-puertos-usb-2-puertos-usb-tipo-c-cable-tipo-c,,,,,,,,,,,,,,,,,,,,,,,,,,,,,,,,https://cdn.shopify.com/s/files/1/0796/0703/8180/files/image536.jpg?v=1772142600,2,"",,,,,,,,,,,,,,,,,,,,,,,,,,,,,,,,,,,,,,,,,,,,,,,,,,,,,,,,,,,,,,,,,,,,,,,,,,,,,,,,,,,,,,,,,,,,,,,,,,,,,,,,,,,,,,,,,,,,,,,,,,,,,,,,,,,,,,,,,,,,,,,,,,,,,,,,,,
zapatilla-usb-usb-c-a-220v-2-puertos-usb-2-puertos-usb-tipo-c-cable-tipo-c,,,,,,,,,,,,,,,,,,,,,,,,,,,,,,,,https://cdn.shopify.com/s/files/1/0796/0703/8180/files/Arch1stPicture-1Fasst.webp?v=1772142600,3,"",,,,,,,,,,,,,,,,,,,,,,,,,,,,,,,,,,,,,,,,,,,,,,,,,,,,,,,,,,,,,,,,,,,,,,,,,,,,,,,,,,,,,,,,,,,,,,,,,,,,,,,,,,,,,,,,,,,,,,,,,,,,,,,,,,,,,,,,,,,,,,,,,,,,,,,,,,
zapatilla-electrica-con-forma-wcon-4-entradas-220v-2-puertos-usb-1a-y-un-puerto-usb-c,Zapatilla Eléctrica SEISA Forma W – 4 Tomas 220V + 2 USB + USB-C,"<h2>Cargá y conectá todo desde un solo punto</h2><p>Zapatilla eléctrica SEISA de diseño en forma de W con 4 entradas 220V y 3 puertos de carga USB. Ideal para escritorio, oficina o living donde necesitás conectar múltiples dispositivos a la vez.</p><h3>Características principales</h3><ul>
<li>4 tomas eléctricas 220V</li>
<li>2 puertos USB-A (1A cada uno)</li>
<li>1 puerto USB-C</li>
<li>Diseño compacto en forma de W</li>
<li>Marca: SEISA</li>
</ul><h3>¿Para qué la usás?</h3><ul>
<li>Escritorio con múltiples dispositivos (PC, monitor, lámpara, cargadores)</li>
<li>Carga simultánea de celular, tablet y notebook</li>
<li>Oficina o estudio donde el espacio es limitado</li>
</ul><p>Un solo punto de conexión para todos tus dispositivos. Sin cables sueltos, sin adaptadores extra.</p>",SEISA,Uncategorized,Zapatillas Eléctricas,mayorista,true,Title,Default Title,,,,,,,,AMT-R04,0.0,shopify,2,deny,manual,16356.00,,true,true,,,,,,https://cdn.shopify.com/s/files/1/0796/0703/8180/files/zapatilla_mejorada_shopify.jpg?v=1772143936,1,"",false,Zapatilla Eléctrica SEISA Forma W – 4 Tomas + USB + USB-C | Parquelectro,"Zapatilla eléctrica SEISA forma W con 4 tomas 220V, 2 USB-A y 1 USB-C. Ideal para escritorio y oficina. Comprá en Parquelectro.",,,,,,,,,,,,,,,,,,,,,,,,,,,,,,,,,,,,,,,,,,,,,,,,,,,,,,,,,,,,,,,,,,,,,,,,,,,,,,,,,,,,,,,,,,,,,,,,,,,,,,,,,,,,,,,,,,,,,,,,,,,,,,,,,,,,,,,,,,,,,,,,,,,,kg,,10904.00,active
zapatilla-electrica-con-forma-wcon-4-entradas-220v-2-puertos-usb-1a-y-un-puerto-usb-c,,,,,,,,,,,,,,,,,,,,,,,,,,,,,,,,https://cdn.shopify.com/s/files/1/0796/0703/8180/files/image310.jpg?v=1772143936,2,"",,,,,,,,,,,,,,,,,,,,,,,,,,,,,,,,,,,,,,,,,,,,,,,,,,,,,,,,,,,,,,,,,,,,,,,,,,,,,,,,,,,,,,,,,,,,,,,,,,,,,,,,,,,,,,,,,,,,,,,,,,,,,,,,,,,,,,,,,,,,,,,,,,,,,,,,,,
zapatilla-electrica-con-3-entradas-220v-250v-10a-cable-1-5mts,Zapatilla Eléctrica 3 Tomas 220V 10A con Cable 1.5m,"<h3>Zapatilla Eléctrica 3 Tomas - Solución Práctica para tu Hogar u Oficina</h3>

<p>Expande tus conexiones eléctricas de forma segura y práctica con esta zapatilla de 3 tomas. Ideal para conectar múltiples dispositivos sin sobrecargar un solo enchufe.</p>

<h4>Especificaciones Técnicas:</h4>
<ul>
<li>
<strong>3 tomas eléctricas</strong> - Conecta hasta 3 dispositivos simultáneamente</li>
<li>
<strong>Voltaje: 220V</strong> - Compatible con el estándar argentino</li>
<li>
<strong>Capacidad: 250V 10A</strong> - Soporta hasta 2500W de potencia total</li>
<li>
<strong>Cable de 1.5 metros</strong> - Longitud ideal para mayor flexibilidad de ubicación</li>
<li>
<strong>Construcción robusta</strong> - Materiales resistentes para uso prolongado</li>
</ul>

<h4>Usos Recomendados:</h4>
<p>Perfectá para conectar computadoras, monitores, cargadores de celular, lámparas, ventiladores y otros electrodomésticos de bajo y mediano consumo. El cable de 1.5m te permite ubicar la zapatilla donde más la necesités sin estar limitado por la distancia al enchufe de pared.</p>

<p><strong>Ideal para:</strong> Escritorios de oficina, estaciones de trabajo en casa, mesas de luz, centros de entretenimiento y cualquier espacio donde necesites múltiples conexiones.</p>

<p><strong>Nota de seguridad:</strong> No exceder la capacidad máxima de 10A (2500W). Evitar conectar equipos de alto consumo como calefactores, planchas o aires acondicionados simultáneamente.</p>",RICHI,Electronics > Electronics Accessories > Power > Power Strips & Surge Suppressors,Accesorios Eléctricos,"220v, cable, electrica, mayorista, tomas, zapatilla",true,Title,Default Title,,,,,,,,PM521,300.0,shopify,2,deny,manual,8900.00,,true,true,,,,,,https://cdn.shopify.com/s/files/1/0796/0703/8180/files/D_674595-MLA89932932009_082025-O.jpg?v=1772146619,1,"",false,Zapatilla Eléctrica 3 Tomas 220V 10A Cable 1.5m | Parquelectro,"Zapatilla eléctrica con 3 tomas 220V, capacidad 10A (2500W) y cable de 1.5m. Ideal para hogar y oficina. Conexión segura y práctica. ¡Comprá ahora!",,,,,,,,,,,,,,,,,,,,,,,,,,,,,,,,,,,,,,,,,,,beige; blanco,,,,,,,,,,,,,,,,,,,,,,,,,,,,,,,,,,,,,,,,,,,,,,,,,,,,,,,,,,,,,,,,,,,,,,,,,,,,,,,,,,,,,,,,,,,,,,,,,,,,,,,,,kg,,5933.00,active
zapatilla-electrica-con-3-entradas-220v-250v-10a-cable-1-5mts,,,,,,,,,,,,,,,,,,,,,,,,,,,,,,,,https://cdn.shopify.com/s/files/1/0796/0703/8180/files/D_932591-MLA89932960791_082025-O.jpg?v=1772146619,2,"",,,,,,,,,,,,,,,,,,,,,,,,,,,,,,,,,,,,,,,,,,,,,,,,,,,,,,,,,,,,,,,,,,,,,,,,,,,,,,,,,,,,,,,,,,,,,,,,,,,,,,,,,,,,,,,,,,,,,,,,,,,,,,,,,,,,,,,,,,,,,,,,,,,,,,,,,,
zapatilla-electrica-con-3-entradas-220v-250v-10a-cable-1-5mts,,,,,,,,,,,,,,,,,,,,,,,,,,,,,,,,https://cdn.shopify.com/s/files/1/0796/0703/8180/files/image479.jpg?v=1772146619,3,"",,,,,,,,,,,,,,,,,,,,,,,,,,,,,,,,,,,,,,,,,,,,,,,,,,,,,,,,,,,,,,,,,,,,,,,,,,,,,,,,,,,,,,,,,,,,,,,,,,,,,,,,,,,,,,,,,,,,,,,,,,,,,,,,,,,,,,,,,,,,,,,,,,,,,,,,,,
volante-noga-rotacion-ajustable-con-pedalera-vibracion-dual-compatible-con-pc-ps3-ps4-xbox-one-xbox-series-switch,Volante Noga Drifter con Pedalera y Vibración Dual - PC PS3 PS4 Xbox Switch,"<h3>Volante Noga Drifter - Experiencia de Conducción Profesional</h3>

<p>Transformá tu experiencia de juego con el Volante Noga Drifter, el accesorio definitivo para simuladores de carreras. Sentí cada curva, cada derrape y cada impacto como si estuvieras en un auto real.</p>

<h4>Características Principales:</h4>
<ul>
<li>
<strong>Rotación ajustable</strong> - Configurá el ángulo de giro según tu estilo de conducción para máximo control</li>
<li>
<strong>Vibración dual</strong> - Feedback háptico realista que te hace sentir cada superficie y colisión</li>
<li>
<strong>Pedalera profesional incluida</strong> - Acelerador y freno independientes para control preciso</li>
<li>
<strong>Compatibilidad total</strong> - Funciona con PC, PS3, PS4, Xbox One, Xbox Series X/S y Nintendo Switch</li>
<li>
<strong>Construcción robusta</strong> - Materiales de alta calidad para resistir sesiones intensas</li>
<li>
<strong>Montaje seguro</strong> - Sistema de sujeción firme a mesa o escritorio</li>
</ul>

<h4>¿Por qué elegir el Noga Drifter?</h4>
<p>Este volante no es solo un accesorio, es tu boleto a la inmersión total. La vibración dual te conecta con la pista, sintiendo cada bache, cada derrape y cada adelantamiento. La rotación ajustable te permite personalizar la experiencia según tu nivel, desde principiante hasta piloto experto.</p>

<p><strong>Juegos compatibles:</strong> Forza Horizon, Gran Turismo, F1, Need for Speed, Project Cars, Assetto Corsa y muchos más.</p>

<p><strong>Ideal para:</strong> Gamers exigentes, fanáticos de simuladores de carreras, competencias online y entretenimiento familiar.</p>",NOGA,Electronics > Electronics Accessories > Computer Components > Input Devices > Game Controllers > Game Racing Wheels,Accesorios Gaming,"carreras, gaming, mayorista, pedalera, simulador, vibracion, volante",true,Title,Default Title,,,,,,,,DRIFTER,3000.0,shopify,1,deny,manual,176680.00,,true,true,,,,,,https://cdn.shopify.com/s/files/1/0796/0703/8180/files/drifter.webp?v=1772713953,1,"",false,Volante Noga Drifter Vibración Dual - PC PS4 Xbox Switch | Parquelectro,"Volante Noga Drifter con vibración dual, pedalera y rotación ajustable. Compatible PC, PS3, PS4, Xbox One, Series X/S y Switch. ¡Máximo realismo!",,,,,,,,,,,,,,,,,,,,,,,,,,,,,,,,,,,,,,,,,,,negro,,,,,,,usb; cableado,cableado; usb,,,,,,,,,,,,,,,,,,,,,,,,,,,,,,,,,,,,,,,,,,,,,,,,,,,,,,,,,usb,,,,,,,,,,,,,,,,,,,,,,,,,,,,,,,,,,,,,,,,kg,,,active
volante-noga-rotacion-ajustable-con-pedalera-vibracion-dual-compatible-con-pc-ps3-ps4-xbox-one-xbox-series-switch,,,,,,,,,,,,,,,,,,,,,,,,,,,,,,,,https://cdn.shopify.com/s/files/1/0796/0703/8180/files/drifter3.webp?v=1772713953,2,"",,,,,,,,,,,,,,,,,,,,,,,,,,,,,,,,,,,,,,,,,,,,,,,,,,,,,,,,,,,,,,,,,,,,,,,,,,,,,,,,,,,,,,,,,,,,,,,,,,,,,,,,,,,,,,,,,,,,,,,,,,,,,,,,,,,,,,,,,,,,,,,,,,,,,,,,,,
volante-noga-rotacion-ajustable-con-pedalera-vibracion-dual-compatible-con-pc-ps3-ps4-xbox-one-xbox-series-switch,,,,,,,,,,,,,,,,,,,,,,,,,,,,,,,,https://cdn.shopify.com/s/files/1/0796/0703/8180/files/drifter2.webp?v=1772713953,3,"",,,,,,,,,,,,,,,,,,,,,,,,,,,,,,,,,,,,,,,,,,,,,,,,,,,,,,,,,,,,,,,,,,,,,,,,,,,,,,,,,,,,,,,,,,,,,,,,,,,,,,,,,,,,,,,,,,,,,,,,,,,,,,,,,,,,,,,,,,,,,,,,,,,,,,,,,,
volante-noga-rotacion-ajustable-con-pedalera-vibracion-dual-compatible-con-pc-ps3-ps4-xbox-one-xbox-series-switch,,,,,,,,,,,,,,,,,,,,,,,,,,,,,,,,https://cdn.shopify.com/s/files/1/0796/0703/8180/files/drifter1.webp?v=1772713953,4,"",,,,,,,,,,,,,,,,,,,,,,,,,,,,,,,,,,,,,,,,,,,,,,,,,,,,,,,,,,,,,,,,,,,,,,,,,,,,,,,,,,,,,,,,,,,,,,,,,,,,,,,,,,,,,,,,,,,,,,,,,,,,,,,,,,,,,,,,,,,,,,,,,,,,,,,,,,
volante-noga-giro180-con-pedalera-compatible-con-pc-ps3-ps4-xbox-one-switch,Volante Noga con Pedalera Giro 180° - Compatible PC PS3 PS4 Xbox One Switch,"<h3>Volante de Carreras Noga con Pedalera - Experiencia de Conducción Realista</h3>

<p>Llevá tus juegos de carreras al siguiente nivel con este volante profesional Noga. Diseñado para brindarte una experiencia inmersiva y realista en todos tus juegos favoritos.</p>

<h4>Características Principales:</h4>
<ul>
<li>
<strong>Rotación de 180°</strong> - Control preciso y natural para maniobras exactas</li>
<li>
<strong>Pedalera incluida</strong> - Acelerador y freno para máximo realismo</li>
<li>
<strong>Compatibilidad universal</strong> - Funciona con PC, PS3, PS4, Xbox One y Nintendo Switch</li>
<li>
<strong>Diseño ergonómico</strong> - Empuñadura cómoda para sesiones largas de juego</li>
<li>
<strong>Fácil instalación</strong> - Sistema de montaje rápido y seguro</li>
</ul>

<h4>¿Por qué elegir este volante?</h4>
<p>Sentí la adrenalina de cada curva, cada derrape y cada adelantamiento como si estuvieras en un auto real. Este volante transforma completamente tu experiencia de juego, dándote el control total que necesitás para dominar la pista.</p>

<p><strong>Ideal para:</strong> Simuladores de carreras, juegos de conducción arcade, competencias online y entretenimiento familiar.</p>",NOGA,Electronics > Video Game Console Accessories > Home Game Console Accessories,Accesorios Gaming,"carreras, gaming, mayorista, pedalera, simulador, volante",true,Title,Default Title,,,,,,,,ST-V06,2500.0,shopify,2,deny,manual,73500.00,,true,true,,,,,,https://cdn.shopify.com/s/files/1/0796/0703/8180/files/st-v06-volante12.webp?v=1772806476,1,"",false,Volante Noga con Pedalera 180° - PC PS3 PS4 Xbox Switch | Parquelectro,"Volante de carreras Noga con pedalera y rotación 180°. Compatible con PC, PS3, PS4, Xbox One y Switch. Control preciso para simuladores. ¡Comprá ahora!",,,,,,,,,,,,,,,,,,,,,,,,,,,,,,,,,,,,,,,,,,,negro,,,,,,,,,,,,,,,,,,,,,,,,,,,,,,,,,,,,,,,,,,,,,,,,,,,,,,,,,,,,,,,,,,,,,,,,,,,,,,,,,,,,,,,,,,,,,,,,,,,,,,,,,kg,,,active
volante-noga-giro180-con-pedalera-compatible-con-pc-ps3-ps4-xbox-one-switch,,,,,,,,,,,,,,,,,,,,,,,,,,,,,,,,https://cdn.shopify.com/s/files/1/0796/0703/8180/files/st-v06-volante11.webp?v=1772806476,2,"",,,,,,,,,,,,,,,,,,,,,,,,,,,,,,,,,,,,,,,,,,,,,,,,,,,,,,,,,,,,,,,,,,,,,,,,,,,,,,,,,,,,,,,,,,,,,,,,,,,,,,,,,,,,,,,,,,,,,,,,,,,,,,,,,,,,,,,,,,,,,,,,,,,,,,,,,,
volante-noga-giro180-con-pedalera-compatible-con-pc-ps3-ps4-xbox-one-switch,,,,,,,,,,,,,,,,,,,,,,,,,,,,,,,,https://cdn.shopify.com/s/files/1/0796/0703/8180/files/st-v06-volante1.webp?v=1772806476,3,"",,,,,,,,,,,,,,,,,,,,,,,,,,,,,,,,,,,,,,,,,,,,,,,,,,,,,,,,,,,,,,,,,,,,,,,,,,,,,,,,,,,,,,,,,,,,,,,,,,,,,,,,,,,,,,,,,,,,,,,,,,,,,,,,,,,,,,,,,,,,,,,,,,,,,,,,,,
volante-noga-giro180-con-pedalera-compatible-con-pc-ps3-ps4-xbox-one-switch,,,,,,,,,,,,,,,,,,,,,,,,,,,,,,,,https://cdn.shopify.com/s/files/1/0796/0703/8180/files/st-v06-full1.webp?v=1772806476,4,"",,,,,,,,,,,,,,,,,,,,,,,,,,,,,,,,,,,,,,,,,,,,,,,,,,,,,,,,,,,,,,,,,,,,,,,,,,,,,,,,,,,,,,,,,,,,,,,,,,,,,,,,,,,,,,,,,,,,,,,,,,,,,,,,,,,,,,,,,,,,,,,,,,,,,,,,,,
vaporizador-de-prendas-suono,Vaporizador de Prendas Suono - Plancha Vertical a Vapor Portátil,"<p><strong>Vaporizador de Prendas Suono - La solución perfecta para mantener tu ropa impecable</strong></p><p>Elimina arrugas de forma rápida y eficiente con el vaporizador de prendas Suono. Ideal para todo tipo de telas, este vaporizador vertical te permite planchar camisas, vestidos, pantalones y cortinas sin necesidad de tabla de planchar.</p><p><strong>Características principales:</strong></p><ul>
<li>Calentamiento rápido para mayor comodidad</li>
<li>Diseño portátil y fácil de usar</li>
<li>Vapor continuo que elimina arrugas profundas</li>
<li>Seguro para todo tipo de tejidos delicados</li>
<li>Perfecto para uso doméstico y viajes</li>
</ul><p>Ahorra tiempo y mantén tu ropa como recién comprada con el vaporizador Suono.</p>",SUONO,Home & Garden > Household Appliances > Laundry Appliances > Garment Steamers,Electrodomésticos,"cuidado-ropa, electrodomesticos, hogar, mayorista, plancha-vertical, vaporizador",true,Title,Default Title,,,,,,,,,1055.0,shopify,1,deny,manual,36088.50,,true,true,,,,,,https://cdn.shopify.com/s/files/1/0796/0703/8180/files/hog0322gri-vaporizador-de-prendas.webp?v=1772900545,1,"",false,Vaporizador de Prendas Suono - Plancha Vertical a Vapor,Vaporizador de prendas Suono portátil. Elimina arrugas rápidamente en todo tipo de telas. Ideal para el hogar y viajes. Calentamiento rápido y fácil de usar.,,,,,,,,,,,,,,,,,,,,,,,,,,,,,,,,,,,,,,,,,,,blanco,,,,,,,,,,,,,,,,,,,,,,,,,,,,,portatil,,,,,,,,,,,,,,,,,,,,,,,,,,,,,,,,,,,,,,,,,,,,,,,,,,,,,,,,,,,,,,,,,,,,,,,,,,,,g,,,active
vaporizador-de-prendas-suono,,,,,,,,,,,,,,,,,,,,,,,,,,,,,,,,https://cdn.shopify.com/s/files/1/0796/0703/8180/files/hog0322gri-vaporizador-deprendas.webp?v=1772900545,2,"",,,,,,,,,,,,,,,,,,,,,,,,,,,,,,,,,,,,,,,,,,,,,,,,,,,,,,,,,,,,,,,,,,,,,,,,,,,,,,,,,,,,,,,,,,,,,,,,,,,,,,,,,,,,,,,,,,,,,,,,,,,,,,,,,,,,,,,,,,,,,,,,,,,,,,,,,,
tripode-para-celular-netmak-360-hasta-15cm-de-alto,Trípode para Celular Netmak 360° - Mini Trípode Portátil 15cm,"<p><strong>Trípode para Celular Netmak - Captura tus mejores momentos con estabilidad profesional</strong></p><p>Este mini trípode portátil Netmak es el accesorio perfecto para tus fotos, videos, videollamadas y transmisiones en vivo. Con rotación 360° y diseño compacto, lleva tu contenido al siguiente nivel.</p><p><strong>Características destacadas:</strong></p><ul>
<li>Rotación completa de 360° para ángulos perfectos</li>
<li>Altura ajustable hasta 15cm, ideal para escritorio</li>
<li>Diseño compacto y portátil, perfecto para viajes</li>
<li>Compatible con la mayoría de smartphones</li>
<li>Base estable antideslizante</li>
<li>Ideal para selfies, vlogs, videollamadas y streaming</li>
</ul><p>Ya sea que crees contenido para redes sociales, trabajes desde casa o simplemente quieras mejores fotos, este trípode Netmak es tu aliado perfecto. Ligero, resistente y fácil de usar.</p>",NETMAK,Electronics > Communications > Telephony > Mobile & Smart Phone Accessories > Mobile Phone Camera Accessories,Accesorios para Celular,"accesorios-celular, fotografia, mayorista, streaming, tripode, video",true,Title,Default Title,,,,,,,,NM-TRIP4,130.0,shopify,1,deny,manual,6850.08,,true,true,,,,,,https://cdn.shopify.com/s/files/1/0796/0703/8180/files/000000000000054875418MINI-TRIPODE-PARA-CELULAR-NETMAK--NM-TRIP4.jpg?v=1772901233,1,"",false,Trípode para Celular Netmak 360° - Mini Trípode Portátil,"Trípode para celular Netmak con rotación 360° y altura de 15cm. Perfecto para fotos, videos, streaming y videollamadas. Compacto, portátil y estable.",,,,,,,,,,,,,,,,,,,,,,,,,,,,,,,,,,,,,,,,,,,negro,,,,,,,,,,,,,,,,,,,,,,,,,,,,,,,,,,,,,,,,,,,,plastico,,,,,,,,,,,,,,,,,,,,,,,,,,,,,,,,,,,,,,,,,,,,,,,,,,,,,,,,,,,,,g,,,active
tripode-para-celular-netmak-360-hasta-15cm-de-alto,,,,,,,,,,,,,,,,,,,,,,,,,,,,,,,,https://cdn.shopify.com/s/files/1/0796/0703/8180/files/640_800.jpg?v=1772901233,2,"",,,,,,,,,,,,,,,,,,,,,,,,,,,,,,,,,,,,,,,,,,,,,,,,,,,,,,,,,,,,,,,,,,,,,,,,,,,,,,,,,,,,,,,,,,,,,,,,,,,,,,,,,,,,,,,,,,,,,,,,,,,,,,,,,,,,,,,,,,,,,,,,,,,,,,,,,,
tripode-para-celular-flexible-netmak,Trípode Flexible para Celular Netmak - Soporte Pulpo Ajustable,"<p><strong>Trípode Flexible Netmak - Adaptabilidad total para tus mejores tomas</strong></p><p>Este trípode flexible tipo pulpo es la herramienta perfecta para capturar contenido desde cualquier ángulo. Sus patas flexibles te permiten sujetarlo en superficies irregulares, ramas, barandas y más, dándote libertad creativa ilimitada.</p><p><strong>Características principales:</strong></p><ul>
<li>Patas flexibles y ajustables que se adaptan a cualquier superficie</li>
<li>Diseño tipo pulpo para sujeción en lugares difíciles</li>
<li>Compatible con smartphones de diferentes tamaños</li>
<li>Ligero y portátil, ideal para llevar a todas partes</li>
<li>Perfecto para fotografía creativa, vlogs y aventuras</li>
<li>Base antideslizante para mayor estabilidad</li>
</ul><p>Ya sea que estés grabando en exteriores, haciendo timelapses, o simplemente buscando el ángulo perfecto, este trípode flexible Netmak se adapta a tus necesidades. Crea contenido único desde perspectivas imposibles con trípodes tradicionales.</p>",NETMAK,Cameras & Optics > Camera & Optic Accessories > Tripods & Monopods > Tabletop Tripods,Accesorios para Celular,"accesorios-celular, fotografia, mayorista, pulpo, tripode-flexible, video",true,Title,Default Title,,,,,,,,NM-TRIP2,95.0,shopify,18,deny,manual,4118.00,,true,true,,,,,,https://cdn.shopify.com/s/files/1/0796/0703/8180/files/trip2_02.webp?v=1772901618,1,"",false,,"Trípode flexible tipo pulpo Netmak para celular. Patas ajustables para cualquier superficie. Ideal para fotografía creativa, vlogs y aventuras. Portátil.",,,,,,,,,,,,,,,,,,,,,,,,,,,,,,,,,,,,,,,,,,,negro,,,,,,,,,,,,,,,,,,,,,,,goma,,,,,,,,,,,,,,,3,,,,,,plastico; goma,,,,,,angulo-regulable; dimensiones-regulables; base-antideslizante; portatil,,,,,,,,,,,,,,,,,,,,,,,,,,,,,,,,,,,,,,,,,,,,,,,,,,,,,,,g,,,active
tripode-para-celular-flexible-netmak,,,,,,,,,,,,,,,,,,,,,,,,,,,,,,,,https://cdn.shopify.com/s/files/1/0796/0703/8180/files/soporte_para_celular_netmak_nm_trip2_universal_tripode_flexible.jpg?v=1772901618,2,"",,,,,,,,,,,,,,,,,,,,,,,,,,,,,,,,,,,,,,,,,,,,,,,,,,,,,,,,,,,,,,,,,,,,,,,,,,,,,,,,,,,,,,,,,,,,,,,,,,,,,,,,,,,,,,,,,,,,,,,,,,,,,,,,,,,,,,,,,,,,,,,,,,,,,,,,,,
tripode-para-celular-con-luz,Trípode para Celular con Aro de Luz LED - Ring Light Profesional,"<p><strong>Trípode con Aro de Luz LED - Iluminación profesional para tu contenido</strong></p><p>Lleva tus fotos y videos al siguiente nivel con este trípode equipado con aro de luz LED. Perfecta iluminación para selfies, videollamadas, streaming, maquillaje y creación de contenido profesional.</p><p><strong>Características destacadas:</strong></p><ul>
<li>Aro de luz LED integrado con múltiples niveles de brillo</li>
<li>Iluminación uniforme que realza tus rasgos naturalmente</li>
<li>Trípode ajustable en altura para diferentes ángulos</li>
<li>Compatible con smartphones de diversos tamaños</li>
<li>Ideal para TikTok, Instagram, YouTube y videollamadas</li>
<li>Perfecto para maquillaje, fotografía de productos y retratos</li>
<li>Diseño portátil y fácil de usar</li>
</ul><p>Ya seas creador de contenido, influencer, o simplemente quieras lucir mejor en tus videollamadas, este trípode con luz te brinda la iluminación profesional que necesitas. Crea contenido de calidad desde la comodidad de tu hogar.</p>",SIN MARCA,Cameras & Optics > Camera & Optic Accessories > Tripods & Monopods > Light Stands,Accesorios para Celular,"aro-de-luz, iluminacion, mayorista, ring-light, streaming, tripode",true,Title,Default Title,,,,,,,,TRP-72003,125.0,shopify,3,deny,manual,3849.00,,true,true,,,,,6989526542239,https://cdn.shopify.com/s/files/1/0796/0703/8180/files/Diseno-sin-titulo-2023-12-04T092353.862.png?v=1772901823,1,"",false,Trípode con Aro de Luz LED - Ring Light para Celular,"Trípode para celular con aro de luz LED profesional. Iluminación perfecta para selfies, videos, streaming y maquillaje. Ajustable y portátil.",,,,,,,,,,,,,,,,,,,,,,,,,,,,,,,,,,,,,,,,,,,negro,,,,,,,,,,,,,,,,,,,,,,,goma,,,,,,,,,,,,,,,3,,,,,,plastico,,,,,,angulo-regulable; dimensiones-regulables; plegable; portatil,,,,,,,,,,,,,,,,,,,,,,,,,,,,,,,,,,,,,,,,,,,,,,,,,,,,,,,g,,,active
tripode-para-celular-con-luz,,,,,,,,,,,,,,,,,,,,,,,,,,,,,,,,https://cdn.shopify.com/s/files/1/0796/0703/8180/files/Diseno-sin-titulo-2023-12-04T092337.789.png?v=1772901823,2,"",,,,,,,,,,,,,,,,,,,,,,,,,,,,,,,,,,,,,,,,,,,,,,,,,,,,,,,,,,,,,,,,,,,,,,,,,,,,,,,,,,,,,,,,,,,,,,,,,,,,,,,,,,,,,,,,,,,,,,,,,,,,,,,,,,,,,,,,,,,,,,,,,,,,,,,,,,
tripode-para-aro-de-led-2-1mts,Trípode para Aro de Luz LED 2.1m - Soporte Profesional Ajustable,"<p><strong>Trípode Profesional 2.1m para Aro de Luz LED - Estabilidad y altura para contenido de calidad</strong></p><p>Este trípode de 2.1 metros de altura es el complemento perfecto para tu aro de luz LED. Diseñado para creadores de contenido, fotógrafos y profesionales que buscan iluminación estable y a la altura ideal.</p><p><strong>Características principales:</strong></p><ul>
<li>Altura máxima de 2.1 metros para iluminación profesional</li>
<li>Estructura resistente y estable para uso intensivo</li>
<li>Altura ajustable para diferentes necesidades de grabación</li>
<li>Compatible con aros de luz LED de diversos tamaños</li>
<li>Base amplia con patas antideslizantes para mayor seguridad</li>
<li>Fácil de montar y desmontar</li>
<li>Ideal para estudios caseros, streaming y fotografía</li>
</ul><p>Perfecto para sesiones de fotos, grabaciones de video, transmisiones en vivo y contenido profesional. Este trípode te brinda la altura y estabilidad necesarias para lograr la iluminación perfecta en cada toma.</p>",SIN MARCA,Cameras & Optics > Camera & Optic Accessories > Tripods & Monopods > Light Stands,Accesorios de Iluminación,"aro-de-luz, estudio, fotografia, iluminacion, mayorista, tripode",true,Title,Default Title,,,,,,,,HX-201M,430.0,shopify,1,deny,manual,7653.00,,true,true,,,,,,https://cdn.shopify.com/s/files/1/0796/0703/8180/files/19404-0_8a96e130-4a03-4c2d-b26c-08ba54f318fd.jpg?v=1772902294,1,"",false,Trípode para Aro de Luz LED 2.1m - Soporte Profesional,"Trípode profesional de 2.1m para aro de luz LED. Altura ajustable, estructura resistente y estable. Ideal para streaming, fotografía y video.",,,,,,,,,,,,,,,,,,,,,,,,,,,,,,,,,,,,,,,,,,,negro,,,,,,,,,,,,,,,,,,,,,,,goma,,,,,,,,,,,,,,cerradura-abatible,3,,,,,,metal; aluminio,,,,,,dimensiones-regulables; base-antideslizante; facil-de-instalar; plegable,,,,,,,,,,,,,,,,,,,,,,,,,,,,,,,,,,,,,,,,,,,,,,,,,,,,,,,g,,,active
tira-de-led-usb-x3mts-con-60-leds-y-control-remoto,Tira de Luces LED USB 3m con Control Remoto - 60 LEDs RGB,"<p><strong>Tira de Luces LED USB 3m - Transforma cualquier espacio con iluminación ambiental</strong></p><p>Crea el ambiente perfecto con esta tira de luces LED de 3 metros con 60 LEDs y control remoto. Conexión USB para usar en cualquier lugar: TV, escritorio, habitación, gaming setup o decoración de eventos.</p><p><strong>Características destacadas:</strong></p><ul>
<li>3 metros de longitud con 60 LEDs de alta luminosidad</li>
<li>Control remoto incluido para cambiar colores y modos</li>
<li>Conexión USB universal - compatible con TV, PC, powerbank</li>
<li>Múltiples colores RGB y efectos de iluminación</li>
<li>Fácil instalación con adhesivo 3M</li>
<li>Bajo consumo energético</li>
<li>Ideal para gaming, streaming, decoración de habitaciones y fiestas</li>
</ul><p>Perfecta para darle vida a tu setup gamer, crear ambiente en tu habitación, iluminar detrás del TV o decorar cualquier espacio. La conexión USB te permite usarla en cualquier lugar sin necesidad de enchufes adicionales.</p>",SIN MARCA,Home & Garden > Lighting > Light Ropes & Strings,Iluminación LED,"decoracion, gaming, iluminacion, led, mayorista, rgb",true,Title,Default Title,,,,,,,,LED-82017,150.0,shopify,0,deny,manual,6198.50,,true,true,,,,,,https://cdn.shopify.com/s/files/1/0796/0703/8180/files/D_NQ_NP_919177-MLA83046937098_032025-O.webp?v=1772902557,1,"",false,Tira LED USB 3m con Control Remoto - 60 LEDs RGB,"Tira de luces LED USB de 3m con 60 LEDs y control remoto. Múltiples colores RGB. Ideal para gaming, TV, decoración. Fácil instalación.",,,,,,,,,,,,,,,,,,,,,,,,,,,,,,,,,,,,,,,,,,,multicolor,,,,,,,,,,,,,,,,,,,,,,,,,,,,,,,,,,,,,,,,,,,,,,,,,,,,,,,,,,,,,,,,,,,,,,,,,,,,,,,,,,,,interior,,,,,,,,,,,,,,,,,,,,,g,,,active
tira-de-led-usb-x3mts-con-60-leds-y-control-remoto,,,,,,,,,,,,,,,,,,,,,,,,,,,,,,,,https://cdn.shopify.com/s/files/1/0796/0703/8180/files/8-fba2ef0b84d09d5d2517520083552680-1024-1024.webp?v=1772902557,2,"",,,,,,,,,,,,,,,,,,,,,,,,,,,,,,,,,,,,,,,,,,,,,,,,,,,,,,,,,,,,,,,,,,,,,,,,,,,,,,,,,,,,,,,,,,,,,,,,,,,,,,,,,,,,,,,,,,,,,,,,,,,,,,,,,,,,,,,,,,,,,,,,,,,,,,,,,,
tira-de-led-rgb-exterior-5050-5mts-48led-inteligente-con-controladora-para-manejar-con-el-celular,Tira LED RGB Inteligente 5m Exterior 5050 + Controladora - Control WiFi por App,"<p><strong>Tira LED RGB Inteligente 5050 para Exterior - Iluminación smart controlada desde tu celular</strong></p><p>Transforma tu espacio exterior con esta tira LED RGB inteligente de 5 metros. Control total desde tu smartphone, resistente al agua y con 48 LEDs de alta potencia 5050 para iluminación brillante y duradera.</p><p><strong>Características principales:</strong></p><ul>
<li>5 metros de longitud con 48 LEDs tipo 5050 de alta luminosidad</li>
<li>Control inteligente WiFi - maneja desde tu celular con app</li>
<li>Resistente al agua - ideal para uso en exteriores</li>
<li>Millones de colores RGB personalizables</li>
<li>Múltiples modos: estático, intermitente, degradado, música</li>
<li>Programación de horarios y temporizador</li>
<li>Compatible con asistentes de voz (según controladora)</li>
<li>Fácil instalación con adhesivo resistente</li>
</ul><p>Perfecta para iluminar patios, jardines, terrazas, pérgolas, balcones o cualquier espacio exterior. Crea ambientes únicos con control total desde la palma de tu mano. La tecnología LED 5050 garantiza brillo superior y bajo consumo energético.</p>",SIN MARCA,Home & Garden > Lighting > Light Ropes & Strings,Iluminación LED,"exterior, led-inteligente, mayorista, rgb, smart-home, wifi",true,Title,Default Title,,,,,,,,LED-X5050HC48,230.0,shopify,3,deny,manual,28600.00,,true,true,,,,,6290132556771,https://cdn.shopify.com/s/files/1/0796/0703/8180/files/1_1_cb9c6b60-8f0c-44ef-9969-3b1936fb0067.jpg?v=1772903114,1,"",false,Tira LED RGB Inteligente 5m Exterior - Control WiFi App,"Tira LED RGB inteligente 5m para exterior. Control WiFi por app, 48 LEDs 5050, resistente al agua. Millones de colores. Ideal para jardines y terrazas.",,,,,,,,,,,,,,,,,,,,,,,,,,,,,,,,,,,,,,,,,,,multicolor; geometrico,,,,,,,,,,,,,,,,,,,,,,,,,,,,,,,,,,,,,,,,,,,,,,,,,,,,,,,,,,,,,,,,,,,,,,,,,,,,,,,,,,,,exterior,,,,,,,,,,,,,,,,,,,,,g,,,active
tira-de-led-rgb-exterior-5050-5mts-48led-inteligente-con-controladora-para-manejar-con-el-celular,,,,,,,,,,,,,,,,,,,,,,,,,,,,,,,,https://cdn.shopify.com/s/files/1/0796/0703/8180/files/a373aa69e187aecfc79f991bf2fd9f28_d9c6bc1e-b0f2-47f4-9a7b-3877b17cfe59.webp?v=1772903114,2,"",,,,,,,,,,,,,,,,,,,,,,,,,,,,,,,,,,,,,,,,,,,,,,,,,,,,,,,,,,,,,,,,,,,,,,,,,,,,,,,,,,,,,,,,,,,,,,,,,,,,,,,,,,,,,,,,,,,,,,,,,,,,,,,,,,,,,,,,,,,,,,,,,,,,,,,,,,
tira-de-led-color-fina-roja-verde-x5mts,Tira LED Delgada 5m - Disponible en Rojo y Verde,"<p><strong>Tira LED Delgada 5m - Elige entre rojo o verde para tu decoración perfecta</strong></p><p>Esta tira LED delgada de 5 metros está disponible en dos colores vibrantes: rojo y verde. Perfecta para crear ambientes especiales, decoraciones temáticas, eventos, comercios o cualquier espacio que necesite iluminación de acento monocromática.</p><p><strong>Características principales:</strong></p><ul>
<li>5 metros de longitud para cubrir amplias áreas</li>
<li>Diseño delgado y discreto</li>
<li>Disponible en dos colores: rojo y verde</li>
<li>Luz monocromática de alta intensidad</li>
<li>Fácil instalación con adhesivo</li>
<li>Bajo consumo energético</li>
<li>Ideal para gaming, bares, restaurantes, vitrinas y decoración</li>
</ul><p><strong>Usos sugeridos por color:</strong></p><p><strong>Rojo:</strong> Gaming rooms, bares, ambientes cálidos, decoración romántica, señalización</p><p><strong>Verde:</strong> Espacios relajantes, decoración natural, comercios ecológicos, iluminación de plantas</p><p>Elige el color que mejor se adapte a tu proyecto y transforma tus espacios con iluminación profesional. Su diseño delgado permite instalación discreta en cualquier superficie.</p>",SIN MARCA,Home & Garden > Lighting > Light Ropes & Strings,Iluminación LED,"decoracion, gaming, iluminacion, led, mayorista, monocromatico, rojo, verde",true,Color de la luz,rojo,product.metafields.shopify.color-pattern,,,,,,,LED-S5050LB-60RGB-1,95.0,shopify,1,deny,manual,8236.00,,true,true,,,,,6290132575567,https://cdn.shopify.com/s/files/1/0796/0703/8180/files/WhatsAppImage2026-03-07at14.15.49_1.jpg?v=1772903838,1,"",false,Tira LED 5m Roja o Verde - Iluminación Decorativa,"Tira LED delgada 5m disponible en rojo y verde. Perfecta para gaming, decoración, bares y comercios. Fácil instalación, bajo consumo.",,,,,,,,,,,,,,,,,,,,,,,,,,,,,,,,,,,,,,,,,,,rojo; verde,,,,,,,,,,,,,,,,,,,,,,,,,,,,,,,,,,,,,,,,,,,,,,,,,,,,,,,,,,,,,,,,,,,,,,,,,,,,,,,,,,,,interior,,,,,,,,,,,,,,,,,,,,https://cdn.shopify.com/s/files/1/0796/0703/8180/files/WhatsAppImage2026-03-07at14.15.49_1.jpg?v=1772903838,g,,,active
tira-de-led-color-fina-roja-verde-x5mts,,,,,,,,,verde,,,,,,,,LED-S5050LB-60RGB-2,95.0,shopify,1,deny,manual,8236.00,,true,true,,,,,6290132575574,https://cdn.shopify.com/s/files/1/0796/0703/8180/files/WhatsAppImage2026-03-07at14.15.48.jpg?v=1772903838,2,"",,,,,,,,,,,,,,,,,,,,,,,,,,,,,,,,,,,,,,,,,,,,,,,,,,,,,,,,,,,,,,,,,,,,,,,,,,,,,,,,,,,,,,,,,,,,,,,,,,,,,,,,,,,,,,,,,,,,,,,,,,,,,,,,,,,,,,,,,,,,,,,,,,,,,,https://cdn.shopify.com/s/files/1/0796/0703/8180/files/WhatsAppImage2026-03-07at14.15.48.jpg?v=1772903838,g,,,
tira-de-led-color-fina-roja-verde-x5mts,,,,,,,,,,,,,,,,,,,,,,,,,,,,,,,,https://cdn.shopify.com/s/files/1/0796/0703/8180/files/WhatsAppImage2026-03-07at14.15.49.jpg?v=1772903838,3,"",,,,,,,,,,,,,,,,,,,,,,,,,,,,,,,,,,,,,,,,,,,,,,,,,,,,,,,,,,,,,,,,,,,,,,,,,,,,,,,,,,,,,,,,,,,,,,,,,,,,,,,,,,,,,,,,,,,,,,,,,,,,,,,,,,,,,,,,,,,,,,,,,,,,,,,,,,
tira-de-led-blanco-frio-para-exterior-4040-x5mts-60led,Tira LED 5050 Blanco Frío Exterior Impermeable 5 Metros 60 LED/m,"<h3>Tira LED Profesional para Exterior - Blanco Frío Intenso</h3>

<p>Iluminá tus espacios exteriores con esta tira LED de alta luminosidad, diseñada específicamente para resistir las condiciones más exigentes. Perfecta para jardines, patios, fachadas, pérgolas y cualquier proyecto de iluminación exterior.</p>

<h4>Características principales:</h4>
<ul>
<li>
<strong>60 LEDs por metro</strong> - Iluminación uniforme y potente sin puntos oscuros</li>
<li>
<strong>5 metros de longitud</strong> - Cobertura amplia lista para instalar</li>
<li>
<strong>Blanco frío (6000-6500K)</strong> - Luz brillante ideal para seguridad y visibilidad</li>
<li>
<strong>Resistente al agua IP65</strong> - Protección total contra lluvia, polvo y humedad</li>
<li>
<strong>Chip LED 4040</strong> - Tecnología de alta eficiencia energética</li>
<li>
<strong>Bajo consumo</strong> - Ahorrá en tu factura de luz sin sacrificar luminosidad</li>
</ul>

<h4>Aplicaciones ideales:</h4>
<ul>
<li>Iluminación perimetral de jardines y patios</li>
<li>Destacar fachadas y arquitectura exterior</li>
<li>Iluminación de seguridad en entradas y garajes</li>
<li>Decoración de pérgolas y galerías</li>
<li>Proyectos comerciales de señalización</li>
</ul>

<p><strong>Instalación sencilla:</strong> Incluye adhesivo 3M en la parte posterior para montaje rápido en superficies limpias y secas. Compatible con controladores y fuentes de alimentación estándar 12V DC.</p>

<p><em>Producto de calidad profesional SEISA - Garantía de durabilidad y rendimiento.</em></p>",SEISA,Home & Garden > Lighting > Light Ropes & Strings,Iluminación LED,"blanco-frio, exterior, iluminacion, impermeable, led, mayorista",true,Title,Default Title,,,,,,,,LED-Y4040DJ60WW,250.0,shopify,3,deny,manual,10150.00,,true,true,,,,,6290132574782,https://cdn.shopify.com/s/files/1/0796/0703/8180/files/WhatsAppImage2026-03-09at12.56.09.jpg?v=1773071833,1,"",false,Tira LED Exterior Blanco Frío 5m 60LED Impermeable IP65 | SEISA,"Tira LED profesional para exterior 5 metros, 60 LED/m blanco frío. Resistente al agua IP65, bajo consumo, ideal para jardines, fachadas y seguridad. Envío a todo el país.",,,,,,,,,,,,,,,,,,,,,,,,,,,,,,,,,,,,,,,,,,,blanco,,,,,,,,,,,,,,,,,,,,,,,,,,,,,,,,,,,,,,,blanco-frio,,,,,,,,,,,,,,,,,,,,,,,,,,,,,,,,,,,,,,,,,,,,,exterior,,,,,,,,,,,,,,,,,,,,,g,,,active
tira-de-led-blanco-frio-para-exterior-4040-x5mts-60led,,,,,,,,,,,,,,,,,,,,,,,,,,,,,,,,https://cdn.shopify.com/s/files/1/0796/0703/8180/files/f1f22bdf9c1f5b325fab9091.webp?v=1773071833,2,"",,,,,,,,,,,,,,,,,,,,,,,,,,,,,,,,,,,,,,,,,,,,,,,,,,,,,,,,,,,,,,,,,,,,,,,,,,,,,,,,,,,,,,,,,,,,,,,,,,,,,,,,,,,,,,,,,,,,,,,,,,,,,,,,,,,,,,,,,,,,,,,,,,,,,,,,,,
teclado-usb-logitech-k120,Teclado Logitech K120 USB Español Resistente Derrames PC Notebook,"<h3>Teclado Logitech K120 - Confiabilidad y Comodidad para tu Día a Día</h3>

<p>El teclado Logitech K120 es la solución perfecta para quienes buscan un periférico confiable, cómodo y duradero sin complicaciones. Diseñado por Logitech, líder mundial en accesorios informáticos, este teclado USB combina funcionalidad profesional con un precio accesible.</p>

<h4>Características destacadas:</h4>
<ul>
<li>
<strong>Conexión USB plug-and-play</strong> - Conectá y empezá a trabajar, sin drivers ni configuraciones</li>
<li>
<strong>Diseño resistente a derrames</strong> - Protección contra líquidos de hasta 60ml para mayor tranquilidad</li>
<li>
<strong>Teclas de perfil bajo</strong> - Escritura silenciosa y cómoda durante horas</li>
<li>
<strong>Layout español</strong> - Distribución de teclas en español para máxima productividad</li>
<li>
<strong>Patas ajustables</strong> - Personalizá el ángulo de inclinación según tu preferencia</li>
<li>
<strong>Construcción duradera</strong> - Probado para más de 10 millones de pulsaciones por tecla</li>
<li>
<strong>Compatible universal</strong> - Funciona con Windows, Linux y Chrome OS</li>
</ul>

<h4>Especificaciones técnicas:</h4>
<ul>
<li>Conexión: USB tipo A</li>
<li>Longitud del cable: 1.5 metros</li>
<li>Dimensiones: 450 x 155 x 23.5 mm</li>
<li>Idioma: Español (QWERTY)</li>
<li>Color: Negro</li>
</ul>

<h4>Ideal para:</h4>
<ul>
<li>Oficinas y entornos corporativos</li>
<li>Trabajo remoto y home office</li>
<li>Estudiantes y tareas escolares</li>
<li>Uso diario en PC de escritorio y notebooks</li>
<li>Reemplazo confiable de teclados integrados</li>
</ul>

<p><strong>¿Por qué elegir Logitech K120?</strong> Con más de 40 años de experiencia, Logitech ofrece productos que combinan calidad suiza con diseño ergonómico. El K120 es uno de los teclados más vendidos del mundo por su relación calidad-precio imbatible.</p>

<p><em>Producto original Logitech con garantía oficial. Perfecto para uso personal, empresarial o reventa mayorista.</em></p>",LOGITECH,Electronics > Electronics Accessories > Computer Components > Input Devices > Keyboards,Teclados y Periféricos,"logitech, mayorista, oficina, pc, teclado, usb",true,Title,Default Title,,,,,,,,LOG-K120-USB-ES,700.0,shopify,0,deny,manual,14799.00,,true,true,,,,,097855088741,https://cdn.shopify.com/s/files/1/0796/0703/8180/files/k120.webp?v=1773072665,1,"",false,Teclado Logitech K120 USB Español Resistente Derrames | Original,"Teclado Logitech K120 USB español, resistente a derrames, teclas silenciosas. Compatible PC/Notebook. Calidad Logitech garantizada. Envío a todo el país.",,,,,,,,,,,,,,,,,,,,,,,,,,,,,,,,,,,,,,,,,,,negro,,,,,,,usb,,,,,,,,,,,,,,,,,,,,,,,,,,,qwerty,angulo-regulable,clic,,,,,,,,,,,,,,,,,,,,,,,,,,,,,usb,,,,,,,,,,,,,,,,,,,,,,,,,,,,,,,,,,,,,,,,g,,,active
teclado-usb-logitech-k120,,,,,,,,,,,,,,,,,,,,,,,,,,,,,,,,https://cdn.shopify.com/s/files/1/0796/0703/8180/files/k1201.webp?v=1773072665,2,"",,,,,,,,,,,,,,,,,,,,,,,,,,,,,,,,,,,,,,,,,,,,,,,,,,,,,,,,,,,,,,,,,,,,,,,,,,,,,,,,,,,,,,,,,,,,,,,,,,,,,,,,,,,,,,,,,,,,,,,,,,,,,,,,,,,,,,,,,,,,,,,,,,,,,,,,,,
teclado-usb-logitech-k120,,,,,,,,,,,,,,,,,,,,,,,,,,,,,,,,https://cdn.shopify.com/s/files/1/0796/0703/8180/files/k1202.webp?v=1773072665,3,"",,,,,,,,,,,,,,,,,,,,,,,,,,,,,,,,,,,,,,,,,,,,,,,,,,,,,,,,,,,,,,,,,,,,,,,,,,,,,,,,,,,,,,,,,,,,,,,,,,,,,,,,,,,,,,,,,,,,,,,,,,,,,,,,,,,,,,,,,,,,,,,,,,,,,,,,,,
teclado-usb-logitech-k120,,,,,,,,,,,,,,,,,,,,,,,,,,,,,,,,https://cdn.shopify.com/s/files/1/0796/0703/8180/files/WhatsAppImage2026-02-18at17.56.10_1.jpg?v=1773072665,4,"",,,,,,,,,,,,,,,,,,,,,,,,,,,,,,,,,,,,,,,,,,,,,,,,,,,,,,,,,,,,,,,,,,,,,,,,,,,,,,,,,,,,,,,,,,,,,,,,,,,,,,,,,,,,,,,,,,,,,,,,,,,,,,,,,,,,,,,,,,,,,,,,,,,,,,,,,,
teclado-numerico-dinax-usb-cable-1-5mts,Teclado Numérico USB Dinax 34 Teclas Cable 1.5m PC Notebook Cajero,"<h3>Teclado Numérico USB Dinax - Productividad al Alcance de tu Mano</h3>
<p>Optimizá tu flujo de trabajo con este teclado numérico USB compacto y funcional. Ideal para contadores, cajeros, analistas de datos y cualquier profesional que necesite ingresar números de forma rápida y precisa. Compatible con PC de escritorio, notebooks y laptops que no incluyen teclado numérico integrado.</p>
<h4>Características principales:</h4>
<ul>
<li>
<strong>23 teclas de función completa</strong> - Incluye números, operadores matemáticos y teclas de navegación</li>
<li>
<strong>Conexión USB plug-and-play</strong> - Conectá y empezá a usar sin instalación de drivers</li>
<li>
<strong>Cable de 1.5 metros</strong> - Libertad de movimiento y alcance cómodo para cualquier escritorio</li>
<li>
<strong>Diseño compacto y portátil</strong> - Liviano (155g) y fácil de transportar</li>
<li>
<strong>Teclas de membrana silenciosas</strong> - Escritura sin ruido molesto en ambientes compartidos</li>
<li>
<strong>Compatible universal</strong> - Funciona con Windows, Linux, Mac OS y Chrome OS</li>
<li>
<strong>Construcción resistente</strong> - Plástico ABS duradero para uso intensivo</li>
</ul>
<h4>Especificaciones técnicas:</h4>
<ul>
<li>Cantidad de teclas: 34</li>
<li>Conexión: USB 2.0 tipo A</li>
<li>Longitud del cable: 1.5 metros</li>
<li>Peso: 155 gramos</li>
<li>Dimensiones: Compacto y ergonómico</li>
<li>Color: Negro</li>
<li>Marca: Dinax</li>
</ul>
<h4>Ideal para:</h4>
<ul>
<li>Contadores y profesionales de finanzas</li>
<li>Cajeros y puntos de venta (POS)</li>
<li>Analistas de datos y planillas de cálculo</li>
<li>Usuarios de notebooks sin teclado numérico</li>
<li>Oficinas, comercios y uso doméstico</li>
<li>Estudiantes de carreras administrativas</li>
</ul>
<p><strong>¿Por qué necesitás un teclado numérico?</strong> Si trabajás con Excel, facturación, contabilidad o cualquier tarea que requiera ingreso intensivo de números, un teclado numérico dedicado aumenta tu velocidad y reduce la fatiga. Es la herramienta perfecta para complementar notebooks ultradelgadas que sacrifican el teclado numérico por portabilidad.</p>
<p><em>Producto Dinax con excelente relación calidad-precio. Perfecto para uso personal, empresarial o reventa mayorista.</em></p>",DINAX,Electronics > Electronics Accessories > Computer Components > Input Devices > Numeric Keypads,Teclados y Periféricos,"cajero, contabilidad, mayorista, oficina, teclado-numerico, usb",true,Title,Default Title,,,,,,,,DX-TECN34,155.0,shopify,2,deny,manual,12212.00,,true,true,,,,,7798145004917,https://cdn.shopify.com/s/files/1/0796/0703/8180/files/tecnumdx.webp?v=1773073345,1,"",false,Teclado Numérico USB Dinax 34 Teclas Cable 1.5m | PC Notebook Cajero,"Teclado numérico USB Dinax 34 teclas, cable 1.5m. Ideal para contadores, cajeros, Excel. Compatible PC/Notebook. Plug-and-play. Envío a todo el país.",,,,,,,,,,,,,,,,,,,,,,,,,,,,,,,,,,,,,,,,,,,negro,,,,,,,usb,usb; cableado,,,,,,,,,,,,,,,,,,,,,,,,,,,,,,,,,,,,,,,,,,,,,,,,,,,,,,,,,usb,,,,,,,,,,,,,,,,,,,,,,,,,,,,,,,,,,,,,,,,g,,,active
teclado-numerico-dinax-usb-cable-1-5mts,,,,,,,,,,,,,,,,,,,,,,,,,,,,,,,,https://cdn.shopify.com/s/files/1/0796/0703/8180/files/WhatsAppImage2026-03-09at13.19.04.jpg?v=1773073345,2,"",,,,,,,,,,,,,,,,,,,,,,,,,,,,,,,,,,,,,,,,,,,,,,,,,,,,,,,,,,,,,,,,,,,,,,,,,,,,,,,,,,,,,,,,,,,,,,,,,,,,,,,,,,,,,,,,,,,,,,,,,,,,,,,,,,,,,,,,,,,,,,,,,,,,,,,,,,
teclado-noganet-usb-78011,Teclado Noganet NKB-78011 USB Español Compacto PC Notebook,"<h3>Teclado Noganet NKB-78011 - Calidad Argentina a Precio Accesible</h3>

<p>El teclado Noganet NKB-78011 es la solución ideal para quienes buscan un periférico confiable, funcional y económico. Fabricado por Noganet, marca argentina líder en accesorios informáticos, este teclado USB ofrece todo lo necesario para trabajar, estudiar o navegar con comodidad.</p>

<h4>Características principales:</h4>
<ul>
<li>
<strong>Conexión USB plug-and-play</strong> - Conectá y empezá a usar sin instalación de drivers</li>
<li>
<strong>Layout español (QWERTY)</strong> - Distribución de teclas en español para máxima productividad</li>
<li>
<strong>Diseño compacto y liviano</strong> - Ideal para espacios reducidos y fácil transporte</li>
<li>
<strong>Teclas de membrana silenciosas</strong> - Escritura cómoda sin ruido molesto</li>
<li>
<strong>Compatible universal</strong> - Funciona con Windows, Linux y Chrome OS</li>
<li>
<strong>Construcción resistente</strong> - Plástico ABS duradero para uso diario intensivo</li>
<li>
<strong>Excelente relación calidad-precio</strong> - Rendimiento confiable sin gastar de más</li>
</ul>

<h4>Especificaciones técnicas:</h4>
<ul>
<li>Modelo: NKB-78011</li>
<li>Conexión: USB 2.0 tipo A</li>
<li>Layout: Español (QWERTY)</li>
<li>Tipo de teclas: Membrana</li>
<li>Color: Negro</li>
<li>Marca: Noganet (Argentina)</li>
<li>Código de barras: 7798137712516</li>
</ul>

<h4>Ideal para:</h4>
<ul>
<li>Uso doméstico y home office</li>
<li>Estudiantes y tareas escolares</li>
<li>Oficinas con presupuesto ajustado</li>
<li>Reemplazo económico de teclados dañados</li>
<li>Cibercafés y locutorios</li>
<li>Reventa mayorista con alto margen</li>
</ul>

<p><strong>¿Por qué elegir Noganet?</strong> Noganet es una marca argentina con más de 20 años de trayectoria en el mercado de accesorios informáticos. Sus productos combinan calidad confiable con precios competitivos, siendo la elección preferida de miles de usuarios y comercios en toda Argentina.</p>

<p><em>Producto original Noganet con garantía oficial. Perfecto para uso personal, empresarial o reventa mayorista.</em></p>",NOGA,Electronics > Electronics Accessories > Computer Components > Input Devices > Keyboards,Teclados y Periféricos,"argentina, mayorista, noganet, oficina, teclado, usb",true,Title,Default Title,,,,,,,,NKB-78011,450.0,shopify,15,deny,manual,4900.00,5880.00,true,true,,,,,7798137712516,https://cdn.shopify.com/s/files/1/0796/0703/8180/files/78011_cb6026ff-692d-4703-bc6a-c303ca109ac0.webp?v=1774289560,1,"",false,Teclado Noganet NKB-78011 USB Español Compacto | Calidad Argentina,"Teclado Noganet NKB-78011 USB español, compacto y confiable. Ideal para PC/Notebook, oficina, estudiantes. Marca argentina. Envío a todo el país.",,,,,,,,,,,,,,,,,,,,,,,,,,,,,,,,,,,,,,,,,,,negro,,,,,,,usb,,,,,,,,,,,,,,,,,,,,,,,,,,compacto,qwerty,,clic,,,,,,,,,,,,,,,,,,,,,,,,,,,,,usb,,,,,,,,,,,,,,,,,,,,,,,,,,,,,,,,,,,,,,,,g,,3199.00,active
teclado-noganet-usb-78011,,,,,,,,,,,,,,,,,,,,,,,,,,,,,,,,https://cdn.shopify.com/s/files/1/0796/0703/8180/files/WhatsAppImage2026-03-09at13.28.11_2ed3601e-ec07-4290-b225-2ef89d96d82a.jpg?v=1774289560,2,"",,,,,,,,,,,,,,,,,,,,,,,,,,,,,,,,,,,,,,,,,,,,,,,,,,,,,,,,,,,,,,,,,,,,,,,,,,,,,,,,,,,,,,,,,,,,,,,,,,,,,,,,,,,,,,,,,,,,,,,,,,,,,,,,,,,,,,,,,,,,,,,,,,,,,,,,,,
teclado-noganet-usb-78011,,,,,,,,,,,,,,,,,,,,,,,,,,,,,,,,https://cdn.shopify.com/s/files/1/0796/0703/8180/files/780111_a50bf63b-30e6-4cd7-8526-538bb6b8c5b2.webp?v=1774289560,3,"",,,,,,,,,,,,,,,,,,,,,,,,,,,,,,,,,,,,,,,,,,,,,,,,,,,,,,,,,,,,,,,,,,,,,,,,,,,,,,,,,,,,,,,,,,,,,,,,,,,,,,,,,,,,,,,,,,,,,,,,,,,,,,,,,,,,,,,,,,,,,,,,,,,,,,,,,,
teclado-mecanico-noga-rgb-con-12-teclas-multimedias-white-mx-switch-control-de-las-luces-17-modos-y-el-volumen,Teclado Mecánico Noganet NKB-68 RGB Gaming White Switch 12 Multimedia,"<h3>Teclado Mecánico Noganet NKB-68 RGB - Experiencia Gaming de Alto Nivel</h3>

<p>Elevá tu experiencia de juego con el teclado mecánico Noganet NKB-68, diseñado para gamers exigentes que buscan precisión, velocidad y estilo. Con switches mecánicos White MX, iluminación RGB personalizable y teclas multimedia dedicadas, este teclado combina rendimiento profesional con estética gaming impactante.</p>

<h4>Características destacadas:</h4>
<ul>
<li>
<strong>Switches Mecánicos White MX</strong> - Respuesta táctil precisa, durabilidad de 50 millones de pulsaciones</li>
<li>
<strong>Iluminación RGB con 17 modos</strong> - Personalizá tu setup con efectos de luz dinámicos y estáticos</li>
<li>
<strong>12 teclas multimedia dedicadas</strong> - Control instantáneo de volumen, reproducción y más</li>
<li>
<strong>Control de iluminación integrado</strong> - Cambiá modos, brillo y velocidad sin software</li>
<li>
<strong>Anti-ghosting completo</strong> - Registra múltiples pulsaciones simultáneas sin errores</li>
<li>
<strong>Construcción premium</strong> - Base metálica resistente y keycaps de alta calidad</li>
<li>
<strong>Cable USB reforzado</strong> - Conexión estable y duradera</li>
</ul>

<h4>Especificaciones técnicas:</h4>
<ul>
<li>Modelo: NKB-68</li>
<li>Tipo de switch: White MX (mecánico)</li>
<li>Iluminación: RGB con 17 modos programables</li>
<li>Teclas multimedia: 12 funciones dedicadas</li>
<li>Anti-ghosting: Sí (todas las teclas)</li>
<li>Conexión: USB 2.0 con cable reforzado</li>
<li>Compatible: Windows, Mac OS, Linux</li>
<li>Marca: Noganet (Argentina)</li>
</ul>

<h4>¿Qué son los switches White MX?</h4>
<p>Los switches White MX ofrecen un punto de activación medio con feedback táctil suave, ideales para gaming y escritura. Son más silenciosos que los switches Blue pero más responsivos que los Red, ofreciendo el balance perfecto entre velocidad y precisión.</p>

<h4>Ideal para:</h4>
<ul>
<li>Gamers competitivos (FPS, MOBA, Battle Royale)</li>
<li>Streamers y creadores de contenido</li>
<li>Programadores que valoran precisión</li>
<li>Entusiastas del RGB y setups personalizados</li>
<li>Usuarios que buscan durabilidad extrema</li>
</ul>

<p><strong>Control total sin software:</strong> Todos los modos de iluminación RGB, ajustes de brillo, velocidad de efectos y control multimedia se manejan directamente desde el teclado mediante combinaciones de teclas. No necesitás instalar ningún software adicional.</p>

<p><em>Producto original Noganet con garantía oficial. Calidad gaming argentina a precio competitivo.</em></p>",NOGA,Electronics > Electronics Accessories > Computer Components > Input Devices > Keyboards,Teclados Gaming,"gaming, mayorista, noganet, rgb, teclado-mecanico, white-switch",true,Title,Default Title,,,,,,,,NKB-68,850.0,shopify,1,deny,manual,45150.00,,true,true,,,,,7798137725967,https://cdn.shopify.com/s/files/1/0796/0703/8180/files/nkb-68_d8ffd68a-6014-4b76-a654-4cfb74b82777.webp?v=1773083303,1,"",false,Teclado Mecánico Noganet NKB-68 RGB Gaming White Switch | 17 Modos,"Teclado mecánico gaming Noganet NKB-68 RGB, White MX Switch, 17 modos de luz, 12 teclas multimedia, anti-ghosting. Calidad argentina. Envío gratis.",,,,,,,,,,,,,,,,,,,,,,,,,,,,,,,,,,,,,,,,,,,blanco; multicolor,,,,,,,usb,,,,,,,,,,,,,,,,,,,,,,,,,,,qwerty,anti-ghosting; teclas-programables; apto-para-juegos,clic,,,,,,,,,,,,,,,,,,,,,,,,,,,,,usb,,,,,,,,,,,,,,,,,,,,,,,,,,,,,,,,,,,,,,,,g,,,active
teclado-mecanico-noga-rgb-con-12-teclas-multimedias-white-mx-switch-control-de-las-luces-17-modos-y-el-volumen,,,,,,,,,,,,,,,,,,,,,,,,,,,,,,,,https://cdn.shopify.com/s/files/1/0796/0703/8180/files/nkb-68-pac.webp?v=1773083303,2,"",,,,,,,,,,,,,,,,,,,,,,,,,,,,,,,,,,,,,,,,,,,,,,,,,,,,,,,,,,,,,,,,,,,,,,,,,,,,,,,,,,,,,,,,,,,,,,,,,,,,,,,,,,,,,,,,,,,,,,,,,,,,,,,,,,,,,,,,,,,,,,,,,,,,,,,,,,
teclado-mecanico-noga-rgb-con-12-teclas-multimedias-white-mx-switch-control-de-las-luces-17-modos-y-el-volumen,,,,,,,,,,,,,,,,,,,,,,,,,,,,,,,,https://cdn.shopify.com/s/files/1/0796/0703/8180/files/nkb-68.webp?v=1773083149,3,"",,,,,,,,,,,,,,,,,,,,,,,,,,,,,,,,,,,,,,,,,,,,,,,,,,,,,,,,,,,,,,,,,,,,,,,,,,,,,,,,,,,,,,,,,,,,,,,,,,,,,,,,,,,,,,,,,,,,,,,,,,,,,,,,,,,,,,,,,,,,,,,,,,,,,,,,,,
teclado-mecanico-havit-backlit,Teclado Mecánico Havit Gaming Retroiluminado LED Blue Switch USB,"<h3>Teclado Mecánico Havit Backlit - Rendimiento Gaming Profesional</h3>

<p>Descubrí la diferencia de jugar con un teclado mecánico de verdad. El Havit Backlit combina switches mecánicos de alta calidad, retroiluminación LED personalizable y construcción premium para ofrecerte una experiencia gaming superior. Diseñado para gamers que exigen precisión, velocidad y durabilidad extrema.</p>

<h4>Características principales:</h4>
<ul>
<li>
<strong>Switches mecánicos Blue</strong> - Feedback táctil y sonido clíck distintivo, 50 millones de pulsaciones</li>
<li>
<strong>Retroiluminación LED ajustable</strong> - Múltiples modos de iluminación y control de brillo</li>
<li>
<strong>Anti-ghosting completo</strong> - Todas las teclas registradas simultáneamente sin conflictos</li>
<li>
<strong>N-Key Rollover</strong> - Precisión total en combos y pulsaciones múltiples</li>
<li>
<strong>Construcción metálica</strong> - Base de aluminio resistente para estabilidad superior</li>
<li>
<strong>Keycaps de doble inyección</strong> - Letras que nunca se borran, resistentes al desgaste</li>
<li>
<strong>Cable USB trenzado</strong> - Conexión reforzada y duradera</li>
<li>
<strong>Patas ajustables</strong> - Dos niveles de inclinación para máxima comodidad</li>
</ul>

<h4>Especificaciones técnicas:</h4>
<ul>
<li>Marca: Havit</li>
<li>Tipo de switch: Mecánico Blue (táctil con click)</li>
<li>Retroiluminación: LED con múltiples modos</li>
<li>Anti-ghosting: Sí (todas las teclas)</li>
<li>N-Key Rollover: Sí</li>
<li>Conexión: USB 2.0 con cable trenzado</li>
<li>Material: Base de aluminio + keycaps ABS doble inyección</li>
<li>Compatible: Windows, Mac OS, Linux</li>
<li>Durabilidad: 50 millones de pulsaciones por tecla</li>
</ul>

<h4>¿Por qué switches Blue?</h4>
<p>Los switches Blue son ideales para gamers que disfrutan del feedback táctil y sonoro. Cada pulsación produce un ""click"" audible que confirma la activación, perfecto para typing preciso y gaming donde necesitás sentir cada comando. Son especialmente populares en juegos de estrategia, MMO y MOBA.</p>

<h4>Ideal para:</h4>
<ul>
<li>Gamers competitivos (MOBA, MMO, RTS)</li>
<li>Streamers y creadores de contenido</li>
<li>Programadores y escritores que valoran feedback táctil</li>
<li>Entusiastas de teclados mecánicos</li>
<li>Usuarios que buscan durabilidad extrema</li>
<li>Setups gaming con iluminación personalizada</li>
</ul>

<p><strong>Calidad Havit:</strong> Havit es una marca reconocida internacionalmente por sus periféricos gaming de alta calidad. Con más de 20 años de experiencia, sus productos combinan tecnología avanzada con diseño ergonómico y precios competitivos.</p>

<p><em>Producto original Havit con garantía oficial. Rendimiento gaming profesional a precio accesible.</em></p>",HAVIT,Electronics > Electronics Accessories > Computer Components > Input Devices > Keyboards,Teclados Gaming,"blue-switch, gaming, havit, mayorista, retroiluminado, teclado-mecanico",true,Title,Default Title,,,,,,,,KB857L,1100.0,shopify,1,deny,manual,53051.20,,true,true,,,,,6939119034344,https://cdn.shopify.com/s/files/1/0796/0703/8180/files/images_28.jpg?v=1773084159,1,"",false,Teclado Mecánico Havit Gaming Retroiluminado LED Blue Switch | USB,"Teclado mecánico Havit gaming con retroiluminación LED, Blue Switch, anti-ghosting, base metálica. Durabilidad 50M pulsaciones. Envío a todo el país.",,,,,,,,,,,,,,,,,,,,,,,,,,,,,,,,,,,,,,,,,,,,,,,,,,,,,,,,,,,,,,,,,,,,,,,,,,,,,,,,,,,,,,,,,,,,,,,,,,,,,,,,,,,,,,,,,,,,,,,,,,,,,,,,,,,,,,,,,,,,,,,,,,,,g,,,active
teclado-mecanico-havit-backlit,,,,,,,,,,,,,,,,,,,,,,,,,,,,,,,,https://cdn.shopify.com/s/files/1/0796/0703/8180/files/kb3-66c8077b-1130-435d-ae69-1131e1c45313.webp?v=1773084159,2,"",,,,,,,,,,,,,,,,,,,,,,,,,,,,,,,,,,,,,,,,,,,,,,,,,,,,,,,,,,,,,,,,,,,,,,,,,,,,,,,,,,,,,,,,,,,,,,,,,,,,,,,,,,,,,,,,,,,,,,,,,,,,,,,,,,,,,,,,,,,,,,,,,,,,,,,,,,
teclado-mecanico-havit-backlit,,,,,,,,,,,,,,,,,,,,,,,,,,,,,,,,https://cdn.shopify.com/s/files/1/0796/0703/8180/files/KB857L-ND-2.webp?v=1773084159,3,"",,,,,,,,,,,,,,,,,,,,,,,,,,,,,,,,,,,,,,,,,,,,,,,,,,,,,,,,,,,,,,,,,,,,,,,,,,,,,,,,,,,,,,,,,,,,,,,,,,,,,,,,,,,,,,,,,,,,,,,,,,,,,,,,,,,,,,,,,,,,,,,,,,,,,,,,,,
teclado-inalambrico-noga-plegable-bluetooth-recargable,Teclado Inalámbrico Noganet Plegable Bluetooth Recargable Portátil,"<h3>Teclado Inalámbrico Plegable Noganet - Productividad en Cualquier Lugar</h3>

<p>Llevá tu oficina a donde vayas con este innovador teclado plegable Noganet. Diseñado para profesionales móviles, nómadas digitales y usuarios de tablets, este teclado combina portabilidad extrema con conectividad Bluetooth y batería recargable. Plegá y guardá en tu bolso, mochila o bolsillo para trabajar cómodamente desde cualquier lugar.</p>

<h4>Características principales:</h4>
<ul>
<li>
<strong>Diseño plegable ultracompacto</strong> - Se pliega a la mitad para máxima portabilidad</li>
<li>
<strong>Conexión Bluetooth 3.0</strong> - Emparejamiento rápido con tablets, smartphones, PC y notebooks</li>
<li>
<strong>Batería recargable integrada</strong> - Hasta 40 horas de uso continuo con una sola carga</li>
<li>
<strong>Carga por USB</strong> - Cable incluido para recarga rápida y sencilla</li>
<li>
<strong>Ultraliviano y portátil</strong> - Peso mínimo para llevar a todas partes</li>
<li>
<strong>Teclas de tamaño completo</strong> - Escritura cómoda a pesar del diseño compacto</li>
<li>
<strong>Compatible universal</strong> - Funciona con iOS, Android, Windows, Mac OS</li>
<li>
<strong>Modo de ahorro de energía</strong> - Se apaga automáticamente para preservar batería</li>
</ul>

<h4>Especificaciones técnicas:</h4>
<ul>
<li>Marca: Noganet (Argentina)</li>
<li>Conectividad: Bluetooth 3.0 inalámbrico</li>
<li>Batería: Recargable de litio integrada</li>
<li>Autonomía: Hasta 40 horas de uso continuo</li>
<li>Tiempo de carga: 2-3 horas aprox.</li>
<li>Carga: Puerto micro USB (cable incluido)</li>
<li>Alcance Bluetooth: Hasta 10 metros</li>
<li>Layout: Español (QWERTY)</li>
<li>Compatible: iOS, Android, Windows, Mac OS, tablets, smartphones</li>
</ul>

<h4>Ideal para:</h4>
<ul>
<li>Profesionales que trabajan en movimiento</li>
<li>Nómadas digitales y freelancers</li>
<li>Usuarios de tablets (iPad, Samsung Galaxy Tab, etc.)</li>
<li>Estudiantes que necesitan portabilidad</li>
<li>Viajeros frecuentes y ejecutivos</li>
<li>Presentaciones y reuniones fuera de la oficina</li>
<li>Uso con smartphones para escritura extendida</li>
</ul>

<p><strong>¿Cómo funciona?</strong> Simplemente desplegá el teclado, activá el Bluetooth en tu dispositivo, emparejá y empezá a escribir. Cuando termines, plegá el teclado y guardá en tu bolso. El diseño plegable no solo ahorra espacio, sino que también protege las teclas durante el transporte.</p>

<p><em>Producto original Noganet con garantía oficial. La solución perfecta para productividad móvil.</em></p>",NOGA,Electronics > Electronics Accessories > Computer Components > Input Devices > Keyboards,Teclados y Periféricos,"bluetooth, mayorista, plegable, portatil, recargable, teclado-inalambrico",true,Title,Default Title,,,,,,,,NKB-BT26,160.0,shopify,2,deny,manual,17199.98,,true,true,,,,,7798137724861,https://cdn.shopify.com/s/files/1/0796/0703/8180/files/nkb-bt26-frente-f5b0b60e117f8ca69d17455124997331-1024-1024.webp?v=1773084697,1,"",false,Teclado Inalámbrico Plegable Noganet Bluetooth Recargable | Portátil,"Teclado inalámbrico plegable Noganet Bluetooth, recargable, 40hs autonomía. Compatible tablets, smartphones, PC. Ultraportátil. Envío a todo el país.",,,,,,,,,,,,,,,,,,,,,,,,,,,,,,,,,,,,,,,,,,,gris; blanco; plateado,,,,,,,bluetooth; usb,,,,,,,,,,,,,,,,,,,,,,,,,,compacto,qwerty,,,,,,,,,,,,,,,,,,,,,,,,,,,,,,,recargable; usb,,,,,,,,,,,,,,,,,,,,,,,,,,,,,,,,,,,,,,,,g,,,active
teclado-inalambrico-noga-plegable-bluetooth-recargable,,,,,,,,,,,,,,,,,,,,,,,,,,,,,,,,https://cdn.shopify.com/s/files/1/0796/0703/8180/files/nkb-bt26-abierto-63726ed4df5da271ae17455124947111-1024-1024.webp?v=1773084698,2,"",,,,,,,,,,,,,,,,,,,,,,,,,,,,,,,,,,,,,,,,,,,,,,,,,,,,,,,,,,,,,,,,,,,,,,,,,,,,,,,,,,,,,,,,,,,,,,,,,,,,,,,,,,,,,,,,,,,,,,,,,,,,,,,,,,,,,,,,,,,,,,,,,,,,,,,,,,
teclado-inalambrico-noga-plegable-bluetooth-recargable,,,,,,,,,,,,,,,,,,,,,,,,,,,,,,,,https://cdn.shopify.com/s/files/1/0796/0703/8180/files/nkb-bt26-pack-77b656b4132318270917455125097691-1024-1024.webp?v=1773084697,3,"",,,,,,,,,,,,,,,,,,,,,,,,,,,,,,,,,,,,,,,,,,,,,,,,,,,,,,,,,,,,,,,,,,,,,,,,,,,,,,,,,,,,,,,,,,,,,,,,,,,,,,,,,,,,,,,,,,,,,,,,,,,,,,,,,,,,,,,,,,,,,,,,,,,,,,,,,,
teclado-inalambrico-noga-plegable-bluetooth-recargable,,,,,,,,,,,,,,,,,,,,,,,,,,,,,,,,https://cdn.shopify.com/s/files/1/0796/0703/8180/files/nkb-bt26-plegado-01d83cbd8c0689d6e617455125051382-1024-1024.webp?v=1773084698,4,"",,,,,,,,,,,,,,,,,,,,,,,,,,,,,,,,,,,,,,,,,,,,,,,,,,,,,,,,,,,,,,,,,,,,,,,,,,,,,,,,,,,,,,,,,,,,,,,,,,,,,,,,,,,,,,,,,,,,,,,,,,,,,,,,,,,,,,,,,,,,,,,,,,,,,,,,,,
teclado-inalambrico-noga-dual-ergonomico-con-apoya-muneca,Teclado Inalámbrico Noganet NKB-Q90 Ergonómico Dual Apoya Muñecas,"<h3>Teclado Inalámbrico Ergonómico Noganet NKB-Q90 - Comodidad y Salud para tus Manos</h3>

<p>Transformá tu experiencia de escritura con el teclado ergonómico Noganet NKB-Q90, diseñado específicamente para reducir la fatiga y prevenir lesiones por esfuerzo repetitivo. Con su diseño curvo natural, apoya muñecas acolchado y conectividad dual (Bluetooth + USB), este teclado es la elección perfecta para quienes pasan largas horas frente al ordenador y valoran su salud.</p>

<h4>Características ergonómicas:</h4>
<ul>
<li>
<strong>Diseño ergonómico curvo</strong> - Distribución natural de teclas que sigue la posición natural de las manos</li>
<li>
<strong>Apoya muñecas acolchado integrado</strong> - Soporte suave que reduce la presión y previene el síndrome del túnel carpiano</li>
<li>
<strong>Ángulo de inclinación ajustable</strong> - Patas regulables para encontrar la posición más cómoda</li>
<li>
<strong>Teclas de perfil bajo</strong> - Menor recorrido para reducir el esfuerzo en los dedos</li>
<li>
<strong>Distribución espaciada</strong> - Reduce errores de tipeo y mejora la precisión</li>
</ul>

<h4>Conectividad y funcionalidad:</h4>
<ul>
<li>
<strong>Modo dual: Bluetooth + USB</strong> - Conectá de forma inalámbrica o con cable según tu preferencia</li>
<li>
<strong>Bluetooth 3.0</strong> - Conexión estable hasta 10 metros sin cables</li>
<li>
<strong>Receptor USB nano incluido</strong> - Plug-and-play para PC sin Bluetooth</li>
<li>
<strong>Batería recargable</strong> - Autonomía extendida con carga por USB</li>
<li>
<strong>Teclas multimedia</strong> - Control rápido de volumen, reproducción y más</li>
<li>
<strong>Compatible universal</strong> - Windows, Mac OS, Android, iOS</li>
</ul>

<h4>Especificaciones técnicas:</h4>
<ul>
<li>Modelo: NKB-Q90</li>
<li>Marca: Noganet (Argentina)</li>
<li>Conectividad: Dual (Bluetooth 3.0 + USB receptor nano)</li>
<li>Batería: Recargable de litio integrada</li>
<li>Carga: Puerto micro USB (cable incluido)</li>
<li>Layout: Español (QWERTY)</li>
<li>Apoya muñecas: Acolchado integrado</li>
<li>Teclas: Membrana de perfil bajo</li>
<li>Compatible: Windows, Mac OS, Android, iOS</li>
</ul>

<h4>Beneficios para tu salud:</h4>
<ul>
<li>Reduce la tensión en muñecas, manos y antebrazos</li>
<li>Previene el síndrome del túnel carpiano</li>
<li>Disminuye la fatiga en sesiones largas de trabajo</li>
<li>Mejora la postura de manos y brazos</li>
<li>Aumenta la productividad al reducir el cansancio</li>
</ul>

<h4>Ideal para:</h4>
<ul>
<li>Profesionales que trabajan 8+ horas diarias en PC</li>
<li>Programadores, escritores y diseñadores</li>
<li>Personas con molestias en muñecas o manos</li>
<li>Oficinas que priorizan la salud laboral</li>
<li>Usuarios que buscan prevenir lesiones por esfuerzo repetitivo</li>
<li>Home office y trabajo remoto</li>
</ul>

<p><strong>¿Por qué elegir un teclado ergonómico?</strong> Los estudios demuestran que los teclados ergonómicos reducen significativamente la tensión muscular y el riesgo de lesiones por esfuerzo repetitivo. Si pasás más de 4 horas diarias escribiendo, un teclado ergonómico es una inversión en tu salud a largo plazo.</p>

<p><em>Producto original Noganet con garantía oficial. Cuidá tu salud mientras trabajás.</em></p>",NOGA,Electronics > Electronics Accessories > Computer Components > Input Devices > Keyboards,Teclados y Periféricos,"apoya-munecas, bluetooth, inalambrico, mayorista, salud-laboral, teclado-ergonomico",true,Title,Default Title,,,,,,,,NKB-Q90,1015.0,shopify,5,deny,manual,44240.00,,true,true,,,,,7798137725691,https://cdn.shopify.com/s/files/1/0796/0703/8180/files/nkb-q90_frontal_web-6e65dbca63d0c7cfe217538040822117-1024-1024.webp?v=1773085349,1,"",false,Teclado Inalámbrico Ergonómico Noganet NKB-Q90 Dual Apoya Muñecas,"Teclado ergonómico Noganet NKB-Q90 inalámbrico dual (Bluetooth+USB), apoya muñecas acolchado. Previene túnel carpiano. Ideal oficina. Envío gratis.",,,,,,,,,,,,,,,,,,,,,,,,,,,,,,,,,,,,,,,,,,,negro,,,,,,,bluetooth; usb,,,,,,,,,,,,,,,,,,,,,,,,,,,qwerty,angulo-regulable; reposamunecas,clic,,,,,,,,,,,,,,,,,,,,,,,,,,,,,recargable; usb,,,,,,,,,,,,,,,,,,,,,,,,,,,,,,,,,,,,,,,,g,,,active
teclado-inalambrico-noga-dual-ergonomico-con-apoya-muneca,,,,,,,,,,,,,,,,,,,,,,,,,,,,,,,,https://cdn.shopify.com/s/files/1/0796/0703/8180/files/nkb-q90_caja_web-cdab89710df2985ad317538040939014-1024-1024.webp?v=1773085348,2,"",,,,,,,,,,,,,,,,,,,,,,,,,,,,,,,,,,,,,,,,,,,,,,,,,,,,,,,,,,,,,,,,,,,,,,,,,,,,,,,,,,,,,,,,,,,,,,,,,,,,,,,,,,,,,,,,,,,,,,,,,,,,,,,,,,,,,,,,,,,,,,,,,,,,,,,,,,
teclado-inalambrico-noga-dual-ergonomico-con-apoya-muneca,,,,,,,,,,,,,,,,,,,,,,,,,,,,,,,,https://cdn.shopify.com/s/files/1/0796/0703/8180/files/nkb-q90_lateral_web-aed129e08968a38a8b17538041054256-1024-1024.webp?v=1773085348,3,"",,,,,,,,,,,,,,,,,,,,,,,,,,,,,,,,,,,,,,,,,,,,,,,,,,,,,,,,,,,,,,,,,,,,,,,,,,,,,,,,,,,,,,,,,,,,,,,,,,,,,,,,,,,,,,,,,,,,,,,,,,,,,,,,,,,,,,,,,,,,,,,,,,,,,,,,,,
teclado-inalambrico-noga-dual-ergonomico-con-apoya-muneca,,,,,,,,,,,,,,,,,,,,,,,,,,,,,,,,https://cdn.shopify.com/s/files/1/0796/0703/8180/files/nkb-q90_close-up_web-58c3e262be77a376c117538041011298-1024-1024.webp?v=1773085348,4,"",,,,,,,,,,,,,,,,,,,,,,,,,,,,,,,,,,,,,,,,,,,,,,,,,,,,,,,,,,,,,,,,,,,,,,,,,,,,,,,,,,,,,,,,,,,,,,,,,,,,,,,,,,,,,,,,,,,,,,,,,,,,,,,,,,,,,,,,,,,,,,,,,,,,,,,,,,
teclado-inalambrico-noga-dual-ergonomico-con-apoya-muneca,,,,,,,,,,,,,,,,,,,,,,,,,,,,,,,,https://cdn.shopify.com/s/files/1/0796/0703/8180/files/2-41acff96fb2752bcef17548516881264-1024-1024.webp?v=1773085349,5,"",,,,,,,,,,,,,,,,,,,,,,,,,,,,,,,,,,,,,,,,,,,,,,,,,,,,,,,,,,,,,,,,,,,,,,,,,,,,,,,,,,,,,,,,,,,,,,,,,,,,,,,,,,,,,,,,,,,,,,,,,,,,,,,,,,,,,,,,,,,,,,,,,,,,,,,,,,
teclado-inalambrico-noga-dual-ergonomico-con-apoya-muneca,,,,,,,,,,,,,,,,,,,,,,,,,,,,,,,,https://cdn.shopify.com/s/files/1/0796/0703/8180/files/3-affc046ba6182ddb4617548516872736-1024-1024.webp?v=1773085349,6,"",,,,,,,,,,,,,,,,,,,,,,,,,,,,,,,,,,,,,,,,,,,,,,,,,,,,,,,,,,,,,,,,,,,,,,,,,,,,,,,,,,,,,,,,,,,,,,,,,,,,,,,,,,,,,,,,,,,,,,,,,,,,,,,,,,,,,,,,,,,,,,,,,,,,,,,,,,
teclado-inalambrico-noga-dual-ergonomico-con-apoya-muneca,,,,,,,,,,,,,,,,,,,,,,,,,,,,,,,,https://cdn.shopify.com/s/files/1/0796/0703/8180/files/Q90.webp?v=1773085349,7,"",,,,,,,,,,,,,,,,,,,,,,,,,,,,,,,,,,,,,,,,,,,,,,,,,,,,,,,,,,,,,,,,,,,,,,,,,,,,,,,,,,,,,,,,,,,,,,,,,,,,,,,,,,,,,,,,,,,,,,,,,,,,,,,,,,,,,,,,,,,,,,,,,,,,,,,,,,
teclado-inalambrico-noga-2-4hz-bluetooth-color-verde-multitarea-se-puede-vincular-con-2-dispositivos,Teclado Inalámbrico Noganet NKB-Q10 Verde Dual 2.4GHz Bluetooth 2 Dispositivos,"<h3>Teclado Inalámbrico Noganet NKB-Q10 - Multitarea Real con 2 Dispositivos</h3>

<p>Revolucioná tu flujo de trabajo con el teclado inalámbrico Noganet NKB-Q10, diseñado para profesionales multitarea que trabajan con múltiples dispositivos simultáneamente. Con su exclusiva capacidad de vincular 2 dispositivos y cambiar entre ellos con un solo botón, este teclado es perfecto para quienes usan PC + tablet, notebook + smartphone, o cualquier combinación de equipos. Además, su vibrante color verde le da un toque de personalidad a tu escritorio.</p>

<h4>Características principales:</h4>
<ul>
<li>
<strong>Conectividad dual: 2.4GHz + Bluetooth</strong> - Dos modos de conexión para máxima compatibilidad</li>
<li>
<strong>Vinculación con 2 dispositivos simultáneos</strong> - Cambiá entre PC y tablet con un solo botón</li>
<li>
<strong>Cambio instantáneo de dispositivo</strong> - Tecla dedicada para alternar entre equipos sin desconectar</li>
<li>
<strong>Receptor USB nano 2.4GHz incluido</strong> - Plug-and-play para equipos sin Bluetooth</li>
<li>
<strong>Bluetooth 3.0 integrado</strong> - Conexión inalámbrica universal hasta 10 metros</li>
<li>
<strong>Diseño en color verde vibrante</strong> - Estilo único que destaca en tu escritorio</li>
<li>
<strong>Batería recargable</strong> - Autonomía extendida con carga por USB</li>
<li>
<strong>Teclas silenciosas</strong> - Escritura cómoda sin ruido molesto</li>
</ul>

<h4>Especificaciones técnicas:</h4>
<ul>
<li>Modelo: NKB-Q10</li>
<li>Marca: Noganet (Argentina)</li>
<li>Conectividad: Dual (2.4GHz + Bluetooth 3.0)</li>
<li>Dispositivos simultáneos: 2 (con cambio instantáneo)</li>
<li>Receptor: USB nano 2.4GHz incluido</li>
<li>Alcance: Hasta 10 metros</li>
<li>Batería: Recargable de litio integrada</li>
<li>Carga: Puerto micro USB (cable incluido)</li>
<li>Layout: Español (QWERTY)</li>
<li>Color: Verde</li>
<li>Compatible: Windows, Mac OS, Android, iOS, tablets, smartphones</li>
</ul>

<h4>¿Cómo funciona la multitarea con 2 dispositivos?</h4>
<p>Vinculá el teclado a tu PC mediante el receptor USB 2.4GHz y simultáneamente a tu tablet o smartphone por Bluetooth. Cuando necesites escribir en tu tablet, simplemente presá el botón de cambio de dispositivo y el teclado alterna instantáneamente. Volvé a presionar para regresar a tu PC. Sin desconexiones, sin esperas, sin complicaciones.</p>

<h4>Casos de uso ideales:</h4>
<ul>
<li>
<strong>PC + Tablet:</strong> Trabajá en tu computadora y respondé mensajes en tu tablet sin cambiar de teclado</li>
<li>
<strong>Notebook + Smartphone:</strong> Escribí emails largos en tu celular con comodidad</li>
<li>
<strong>PC + Smart TV:</strong> Controlá tu TV inteligente desde el sofá</li>
<li>
<strong>Trabajo + Personal:</strong> Separa tus dispositivos laborales y personales con un solo teclado</li>
<li>
<strong>Presentaciones:</strong> Conectá a tu laptop y tablet para presentaciones duales</li>
</ul>

<h4>Ideal para:</h4>
<ul>
<li>Profesionales multitarea con múltiples dispositivos</li>
<li>Creadores de contenido que usan PC + tablet</li>
<li>Usuarios de ecosistemas mixtos (Windows + Android/iOS)</li>
<li>Oficinas con múltiples equipos por puesto</li>
<li>Gamers que usan PC + consola</li>
<li>Usuarios que valoran la personalización (color verde único)</li>
</ul>

<p><em>Producto original Noganet con garantía oficial. Multitarea real sin complicaciones.</em></p>",NOGA,Electronics > Electronics Accessories > Computer Components > Input Devices > Keyboards,Teclados y Periféricos,"2-dispositivos, bluetooth, mayorista, multitarea, teclado-inalambrico, verde",true,Title,Default Title,,,,,,,,NKB-Q10,705.0,shopify,2,deny,manual,37240.00,,true,true,,,,,7798137723376,https://cdn.shopify.com/s/files/1/0796/0703/8180/files/Q10_63358840-7581-4f80-ad05-379a8814b8a7.webp?v=1773086023,1,"",false,Teclado Inalámbrico Noganet NKB-Q10 Verde Dual 2 Dispositivos Bluetooth,"Teclado inalámbrico Noganet NKB-Q10 verde, conecta 2 dispositivos simultáneos (2.4GHz+Bluetooth). Cambio instantáneo. Ideal multitarea. Envío gratis.",,,,,,,,,,,,,,,,,,,,,,,,,,,,,,,,,,,,,,,,,,,verde,,,,,,,bluetooth; inalambrico,,,,,,,,,,,,,,,,,,,,,,,,,,compacto,qwerty,,,,,,,,,,,,,,,,,,,,,,,,,,,,,,,recargable; usb,,,,,,,,,,,,,,,,,,,,,,,,,,,,,,,,,,,,,,,,g,,,active
teclado-inalambrico-noga-2-4hz-bluetooth-color-verde-multitarea-se-puede-vincular-con-2-dispositivos,,,,,,,,,,,,,,,,,,,,,,,,,,,,,,,,https://cdn.shopify.com/s/files/1/0796/0703/8180/files/Q102_8e3e099d-a06e-4360-b06b-743b982d2de0.webp?v=1773086023,2,"",,,,,,,,,,,,,,,,,,,,,,,,,,,,,,,,,,,,,,,,,,,,,,,,,,,,,,,,,,,,,,,,,,,,,,,,,,,,,,,,,,,,,,,,,,,,,,,,,,,,,,,,,,,,,,,,,,,,,,,,,,,,,,,,,,,,,,,,,,,,,,,,,,,,,,,,,,
teclado-inalambrico-noga-2-4hz-bluetooth-color-verde-multitarea-se-puede-vincular-con-2-dispositivos,,,,,,,,,,,,,,,,,,,,,,,,,,,,,,,,https://cdn.shopify.com/s/files/1/0796/0703/8180/files/Q101_f6a077b7-8741-4220-a68f-d4aea5d67db0.webp?v=1773086023,3,"",,,,,,,,,,,,,,,,,,,,,,,,,,,,,,,,,,,,,,,,,,,,,,,,,,,,,,,,,,,,,,,,,,,,,,,,,,,,,,,,,,,,,,,,,,,,,,,,,,,,,,,,,,,,,,,,,,,,,,,,,,,,,,,,,,,,,,,,,,,,,,,,,,,,,,,,,,
soporte-pinza-para-tablet-dinax,Soporte Pinza Universal para Tablet Dinax - Ajustable y Portátil,"<h2>Soporte Pinza Universal para Tablet Dinax</h2><p>Mantén tu tablet en la posición perfecta con este <strong>soporte pinza ajustable Dinax</strong>, ideal para escritorio, mesa o cualquier superficie plana.</p><h3>Características principales:</h3><ul>
<li>✅ <strong>Compatibilidad universal</strong> - Se adapta a tablets de diferentes tamaños</li>
<li>✅ <strong>Sistema de pinza ajustable</strong> - Sujeción firme y segura</li>
<li>✅ <strong>Diseño portátil</strong> - Fácil de transportar y usar en cualquier lugar</li>
<li>✅ <strong>Construcción resistente</strong> - Materiales de calidad Dinax</li>
<li>✅ <strong>Ángulo ajustable</strong> - Para visualización óptima</li>
</ul><h3>Ideal para:</h3><p>📱 Videollamadas y conferencias<br>📚 Lectura y estudio<br>🎬 Ver contenido multimedia<br>💼 Trabajo y productividad</p><p><strong>Marca:</strong> Dinax - Calidad garantizada en accesorios tecnológicos</p>",DINAX,Baby & Toddler > Baby Toys & Activity Equipment > Baby Mobile Accessories > Mobile Holders,Accesorios para Tablets,"accesorios, escritorio, mayorista, soporte, tablet",true,Title,Default Title,,,,,,,,DX-HOLPIN64,250.0,shopify,8,deny,manual,7700.00,,true,true,,,,,,https://cdn.shopify.com/s/files/1/0796/0703/8180/files/rn-image_picker_lib_temp_9c55d61e-c486-41c2-8c96-f8088b5bd290.webp?v=1773156207,1,"",false,Soporte Pinza Universal para Tablet Dinax | Ajustable y Portátil,"Soporte pinza ajustable Dinax para tablet. Compatible con múltiples tamaños, ángulo regulable, ideal para videollamadas, estudio y trabajo. Calidad garantizada.",,,,,,,,,,,,,,,,,,,,,,,,,,,,,,,,,,,,,,,,,,,negro,,,,,,,,,,,,,,,,,,,,,,,,,,,,,,,,,,,,,,,,,,,,,,,,,,,,,,,,,,,,,,,,,,,,,,,,,,,,,,,,,,,,,,,,,plastico,,,,,,,,,,,,,,,,g,,,active
soporte-para-tv-noga-fijo-de-14-hasta-42,"Soporte para TV Noga Fijo 14"" a 42"" - Montaje en Pared","<h2>Soporte Fijo para TV Noga 14"" a 42""</h2><p>Monta tu televisor de forma segura y profesional con este <strong>soporte fijo Noga</strong>, diseñado para pantallas de 14 a 42 pulgadas.</p><h3>Características principales:</h3><ul>
<li>✅ <strong>Compatibilidad universal</strong> - Para TVs de 14"" hasta 42""</li>
<li>✅ <strong>Montaje fijo en pared</strong> - Instalación firme y segura</li>
<li>✅ <strong>Diseño de bajo perfil</strong> - Mantiene tu TV cerca de la pared</li>
<li>✅ <strong>Construcción robusta</strong> - Soporta el peso de forma segura</li>
<li>✅ <strong>Fácil instalación</strong> - Incluye herrajes de montaje</li>
<li>✅ <strong>Acabado profesional</strong> - Aspecto limpio y moderno</li>
</ul><h3>Ideal para:</h3><p>🏠 Salas de estar y dormitorios<br>🏢 Oficinas y espacios comerciales<br>📺 Optimización de espacio<br>🎮 Gaming y entretenimiento</p><p><strong>Marca:</strong> Noga - Calidad y resistencia garantizada</p><p><em>Ahorra espacio y dale un aspecto profesional a tu ambiente con este soporte de pared.</em></p>",NOGA,Electronics > Video > Video Accessories > Television Parts & Accessories > TV & Monitor Mounts,Soportes para TV,"mayorista, montaje, pared, soporte, tv",true,Title,Default Title,,,,,,,,NGT-LT20,550.0,shopify,5,deny,manual,6276.00,,true,true,,,,,7798137715197,https://cdn.shopify.com/s/files/1/0796/0703/8180/files/ngt-lt20-7d38169c36730a0e3017381806264149-1024-1024_a8863a8a-6a67-4b7e-bc52-720f1d972adf.webp?v=1773177739,1,"",false,"Soporte para TV Noga Fijo 14-42"" | Montaje en Pared","Soporte fijo Noga para TV de 14 a 42 pulgadas. Montaje en pared seguro, bajo perfil, fácil instalación. Ideal para salas, dormitorios y oficinas.",,,,,,,,,,,,,,,,,,,,,,,,,,,,,,,,,,,,,,,,,,,negro,,,,,,,,,,,,,,,,,,,,,,,,,,,,,,,,,,,,,,,,,,,,,,,,,,facil-de-instalar,,,,,,,,,,,,,,,,,,,,,,,,,,,,,,,,,,,,,,,,,,,,,,,,,,,,,,,g,,,active
soporte-para-tv-noga-fijo-de-14-hasta-42,,,,,,,,,,,,,,,,,,,,,,,,,,,,,,,,https://cdn.shopify.com/s/files/1/0796/0703/8180/files/ngt-lt20-pack-38e3ca3f84962fc89317381806315385-1024-1024_9bb2a86a-a881-40c1-83a5-7c1aabe7193f.webp?v=1773177739,2,"",,,,,,,,,,,,,,,,,,,,,,,,,,,,,,,,,,,,,,,,,,,,,,,,,,,,,,,,,,,,,,,,,,,,,,,,,,,,,,,,,,,,,,,,,,,,,,,,,,,,,,,,,,,,,,,,,,,,,,,,,,,,,,,,,,,,,,,,,,,,,,,,,,,,,,,,,,
soporte-para-tv-noga-fijo-26-a-65,"Soporte para TV Noga Fijo 26"" a 65"" - Montaje en Pared","<h2>Soporte Fijo para TV Noga 26"" a 65""</h2><p>Instala tu televisor de gran formato de manera segura y profesional con este <strong>soporte fijo Noga</strong>, compatible con pantallas de 26 hasta 65 pulgadas.</p><h3>Características principales:</h3><ul>
<li>✅ <strong>Amplia compatibilidad</strong> - Para TVs de 26"" hasta 65""</li>
<li>✅ <strong>Montaje fijo ultra delgado</strong> - Mantiene tu TV pegada a la pared</li>
<li>✅ <strong>Construcción reforzada</strong> - Soporta televisores de gran tamaño con seguridad</li>
<li>✅ <strong>Sistema de montaje VESA</strong> - Compatible con estándares universales</li>
<li>✅ <strong>Instalación profesional</strong> - Incluye herrajes y tornillería</li>
<li>✅ <strong>Diseño discreto</strong> - Acabado negro que se integra con cualquier ambiente</li>
</ul><h3>Especificaciones:</h3><p>📐 <strong>Rango de pantallas:</strong> 26"" a 65""<br>🔧 <strong>Tipo:</strong> Montaje fijo en pared<br>💪 <strong>Capacidad de carga:</strong> Diseñado para TVs de gran formato<br>⚙️ <strong>Compatibilidad:</strong> VESA estándar</p><h3>Ideal para:</h3><p>🏠 Salas de estar y home theater<br>🏢 Salas de reuniones y oficinas<br>🎮 Gaming y entretenimiento<br>📺 Instalaciones comerciales</p><p><strong>Marca:</strong> Noga - Resistencia y calidad profesional garantizada</p><p><em>Maximiza tu espacio y disfruta de una instalación limpia y segura para tu TV de gran formato.</em></p>",NOGA,Electronics > Video > Video Accessories > Television Parts & Accessories > TV & Monitor Mounts,Soportes para TV,"65-pulgadas, mayorista, pared, soporte, tv",true,Title,Default Title,,,,,,,,NGT-LT52,1130.0,shopify,1,deny,manual,9500.00,,true,true,,,,,7798137715203,https://cdn.shopify.com/s/files/1/0796/0703/8180/files/ngt-lt52.webp?v=1773171079,1,"",false,"Soporte para TV Noga Fijo 26-65"" | Montaje en Pared","Soporte fijo Noga para TV de 26 a 65 pulgadas. Montaje ultra delgado en pared, construcción reforzada, compatible VESA. Ideal para TVs de gran formato.",,,,,,,,,,,,,,,,,,,,,,,,,,,,,,,,,,,,,,,,,,,negro,,,,,,,,,,,,,,,,,,,,,,,,,,,,,,,,,,,,,,,,,,,,,,,,,,,,,,,,,,,,,,,,,,,,,,,,,,,,,,,,,,,,,,,,,,,,,,,,,,,,,,,,,g,,,active
soporte-para-tv-noga-fijo-26-a-65,,,,,,,,,,,,,,,,,,,,,,,,,,,,,,,,https://cdn.shopify.com/s/files/1/0796/0703/8180/files/ngt-lt521.webp?v=1773171079,2,"",,,,,,,,,,,,,,,,,,,,,,,,,,,,,,,,,,,,,,,,,,,,,,,,,,,,,,,,,,,,,,,,,,,,,,,,,,,,,,,,,,,,,,,,,,,,,,,,,,,,,,,,,,,,,,,,,,,,,,,,,,,,,,,,,,,,,,,,,,,,,,,,,,,,,,,,,,
soporte-para-tv-fijo-de-14-a-42,"Soporte para TV Fijo 14"" a 42"" - Montaje en Pared Universal","<h2>Soporte Fijo Universal para TV 14"" a 42""</h2><p>Instala tu televisor de forma segura y económica con este <strong>soporte fijo universal</strong>, compatible con pantallas de 14 a 42 pulgadas.</p><h3>Características principales:</h3><ul>
<li>✅ <strong>Compatibilidad universal</strong> - Para TVs de 14"" hasta 42""</li>
<li>✅ <strong>Montaje fijo en pared</strong> - Instalación firme y estable</li>
<li>✅ <strong>Diseño compacto</strong> - Mantiene tu TV cerca de la pared</li>
<li>✅ <strong>Construcción resistente</strong> - Soporta el peso de forma segura</li>
<li>✅ <strong>Fácil instalación</strong> - Incluye herrajes necesarios</li>
<li>✅ <strong>Peso ligero</strong> - Solo 415 gramos</li>
</ul><h3>Especificaciones:</h3><p>📐 <strong>Rango de pantallas:</strong> 14"" a 42""<br>⚖️ <strong>Peso:</strong> 415 gramos<br>🔧 <strong>Tipo:</strong> Montaje fijo<br>📦 <strong>Incluye:</strong> Herrajes de montaje<br>🔢 <strong>Código de barras:</strong> 6974504506013</p><h3>Ideal para:</h3><p>🏠 Dormitorios y espacios pequeños<br>💼 Oficinas y consultorios<br>🎮 Gaming y entretenimiento<br>💰 Solución económica y funcional</p><p><em>La opción perfecta para montar tu TV de forma segura sin gastar de más.</em></p>",SIN MARCA,Electronics > Video > Video Accessories > Television Parts & Accessories > TV & Monitor Mounts,Soportes para TV,"mayorista, pared, soporte, tv, universal",true,Title,Default Title,,,,,,,,FC-01,415.0,shopify,2,deny,manual,4469.78,,true,true,,,,,6974504506013,https://cdn.shopify.com/s/files/1/0796/0703/8180/files/1_11.webp?v=1773171537,1,"",false,"Soporte para TV Fijo 14-42"" | Montaje en Pared Universal","Soporte fijo universal para TV de 14 a 42 pulgadas. Montaje en pared seguro, fácil instalación, incluye herrajes. Solución económica y funcional.",,,,,,,,,,,,,,,,,,,,,,,,,,,,,,,,,,,,,,,,,,,negro,,,,,,,,,,,,,,,,,,,,,,,,,,,,,,,,,,,,,,,,,,,,,,,,,,facil-de-instalar,,,,,,,,,,,,,,,,,,,,,,,,,,,,,,,,,,,,,,,,,,,,,,,,,,,,,,,g,,,active
soporte-para-tv-fijo-de-14-a-42,,,,,,,,,,,,,,,,,,,,,,,,,,,,,,,,https://cdn.shopify.com/s/files/1/0796/0703/8180/files/2_6974504506013_1-1.jpg?v=1773171537,2,"",,,,,,,,,,,,,,,,,,,,,,,,,,,,,,,,,,,,,,,,,,,,,,,,,,,,,,,,,,,,,,,,,,,,,,,,,,,,,,,,,,,,,,,,,,,,,,,,,,,,,,,,,,,,,,,,,,,,,,,,,,,,,,,,,,,,,,,,,,,,,,,,,,,,,,,,,,
soporte-noga-para-celular-para-auto-se-agarra-a-la-rejilla-del-auto,Soporte Noga para Celular Auto - Montaje en Rejilla de Ventilación,"<h2>Soporte Noga para Celular - Montaje en Rejilla de Auto</h2><p>Mantén tu celular siempre a la vista y al alcance mientras conduces con este <strong>soporte Noga para rejilla de ventilación</strong>, diseñado para una instalación rápida y segura.</p><h3>Características principales:</h3><ul>
<li>✅ <strong>Montaje en rejilla</strong> - Se fija firmemente a la rejilla de ventilación del auto</li>
<li>✅ <strong>Instalación sin herramientas</strong> - Colocación rápida y sencilla</li>
<li>✅ <strong>Compatibilidad universal</strong> - Para la mayoría de smartphones</li>
<li>✅ <strong>Sujeción segura</strong> - Mantiene tu celular firme incluso en caminos irregulares</li>
<li>✅ <strong>Diseño compacto</strong> - No obstruye la visibilidad ni ocupa espacio</li>
<li>✅ <strong>Rotación ajustable</strong> - Posiciona tu celular en el ángulo ideal</li>
</ul><h3>Beneficios:</h3><p>📱 <strong>Navegación GPS:</strong> Visualiza mapas y direcciones fácilmente<br>📞 <strong>Llamadas manos libres:</strong> Conduce de forma segura<br>🎵 <strong>Control de música:</strong> Cambia canciones sin distracciones<br>🚗 <strong>No daña el auto:</strong> Sin adhesivos ni perforaciones</p><h3>Ideal para:</h3><p>🚙 Viajes diarios al trabajo<br>🗺️ Navegación con GPS<br>🎧 Streaming de música y podcasts<br>👨‍👩‍👧 Viajes familiares</p><p><strong>Marca:</strong> Noga - Calidad y funcionalidad garantizada</p><p><em>La solución práctica para mantener tu celular accesible y seguro mientras conduces.</em></p>",NOGA,Electronics > Communications > Telephony > Mobile & Smart Phone Accessories > Mobile Phone Stands,Accesorios para Auto,"auto, celular, mayorista, rejilla, soporte",true,Title,Default Title,,,,,,,,NG-HOLD2,80.0,shopify,15,deny,manual,2170.00,,true,true,,,,,7798137710345,https://cdn.shopify.com/s/files/1/0796/0703/8180/files/ng-hold02_204be635-e913-47d9-bed8-c99495584524.webp?v=1773172122,1,"",false,Soporte Noga para Celular Auto | Montaje en Rejilla,"Soporte Noga para celular con montaje en rejilla de ventilación. Instalación rápida sin herramientas, compatible con smartphones, rotación ajustable.",,,,,,,,,,,,,,,,,,,,,,,,,,,,,,,,,,,,,,,,,,,negro,,,,,,,,,,,,,,,,,,,,,,,,,,,,,,,,,,,,,,,,,,,,,,,,,,angulo-regulable; facil-de-instalar; liberacion-rapida,,,,,,,,,,,,,,,,,,,,,,,,,,,,,,,,,,,,,,,,,,,,,,,,,,,,,,,g,,,active
soporte-noga-para-celular-para-auto-se-agarra-a-la-rejilla-del-auto,,,,,,,,,,,,,,,,,,,,,,,,,,,,,,,,https://cdn.shopify.com/s/files/1/0796/0703/8180/files/ng-hold02.webp?v=1773172122,2,"",,,,,,,,,,,,,,,,,,,,,,,,,,,,,,,,,,,,,,,,,,,,,,,,,,,,,,,,,,,,,,,,,,,,,,,,,,,,,,,,,,,,,,,,,,,,,,,,,,,,,,,,,,,,,,,,,,,,,,,,,,,,,,,,,,,,,,,,,,,,,,,,,,,,,,,,,,
soporte-noga-para-celular-para-auto-con-ventosa-universal,Soporte Noga para Celular Auto con Ventosa Universal - Parabrisas,"<h2>Soporte Noga para Celular con Ventosa Universal</h2><p>Conduce con seguridad y comodidad con este <strong>soporte Noga con ventosa universal</strong>, ideal para parabrisas o tablero, compatible con la mayoría de smartphones.</p><h3>Características principales:</h3><ul>
<li>✅ <strong>Ventosa de alta adherencia</strong> - Fijación ultra firme en parabrisas o tablero</li>
<li>✅ <strong>Compatibilidad universal</strong> - Se adapta a diferentes tamaños de celulares</li>
<li>✅ <strong>Brazo ajustable</strong> - Posiciona tu celular en el ángulo perfecto</li>
<li>✅ <strong>Rotación 360°</strong> - Vista horizontal o vertical según necesites</li>
<li>✅ <strong>Instalación sin herramientas</strong> - Coloca y remueve fácilmente</li>
<li>✅ <strong>Sujeción segura</strong> - Mantiene tu celular firme incluso en caminos irregulares</li>
<li>✅ <strong>No deja marcas</strong> - La ventosa no daña superficies</li>
</ul><h3>Especificaciones:</h3><p>📱 <strong>Compatibilidad:</strong> Universal para smartphones<br>🔧 <strong>Montaje:</strong> Ventosa para parabrisas o tablero<br>🔄 <strong>Rotación:</strong> 360 grados<br>📦 <strong>Código de barras:</strong> 7798137726179<br>🏷️ <strong>SKU:</strong> NG-HOLD 11</p><h3>Beneficios:</h3><p>🗺️ <strong>Navegación GPS:</strong> Visualiza mapas y direcciones con claridad<br>📞 <strong>Llamadas manos libres:</strong> Conduce de forma segura y legal<br>🎵 <strong>Control de música:</strong> Cambia canciones sin distracciones<br>🚗 <strong>Versatilidad:</strong> Úsalo en diferentes vehículos</p><h3>Ideal para:</h3><p>🚙 Viajes diarios y largos recorridos<br>🗺️ Navegación con GPS y Waze<br>🎧 Streaming de música y podcasts<br>👨‍👩‍👧 Viajes familiares y trabajo</p><p><strong>Marca:</strong> Noga - Calidad y resistencia garantizada</p><p><em>La solución práctica y segura para mantener tu celular visible y accesible mientras conduces.</em></p>",NOGA,Electronics > Communications > Telephony > Mobile & Smart Phone Accessories > Mobile Phone Stands,Accesorios para Auto,"auto, celular, mayorista, soporte, ventosa",true,Title,Default Title,,,,,,,,NG-HOLD 11,150.0,shopify,1,deny,manual,6720.00,,true,true,,,,,7798137726179,https://cdn.shopify.com/s/files/1/0796/0703/8180/files/1000_1300-ng-hold111.webp?v=1773173058,1,"",false,Soporte Noga para Celular Auto con Ventosa Universal,"Soporte Noga con ventosa universal para celular. Montaje en parabrisas o tablero, rotación 360°, compatible con smartphones. Navegación GPS segura.",,,,,,,,,,,,,,,,,,,,,,,,,,,,,,,,,,,,,,,,,,,negro,,,,,,,,,,,,,,,,,,,,,,,,,,,,,,,,,,,,,,,,,,,,plastico,,,,,,angulo-regulable; facil-de-instalar; portatil; rotacion-de-360-grados,,,,,,,,,,,,,,,,,,,,,,,,,,,,,,,,,,,,,,,,,,,,,,,,,,,,,,,g,,,active
soporte-noga-para-celular-para-auto-con-ventosa-universal,,,,,,,,,,,,,,,,,,,,,,,,,,,,,,,,https://cdn.shopify.com/s/files/1/0796/0703/8180/files/ng-hold11-pa.webp?v=1773173058,2,"",,,,,,,,,,,,,,,,,,,,,,,,,,,,,,,,,,,,,,,,,,,,,,,,,,,,,,,,,,,,,,,,,,,,,,,,,,,,,,,,,,,,,,,,,,,,,,,,,,,,,,,,,,,,,,,,,,,,,,,,,,,,,,,,,,,,,,,,,,,,,,,,,,,,,,,,,,
soporte-noga-para-celular-para-auto-con-ventosa-universal,,,,,,,,,,,,,,,,,,,,,,,,,,,,,,,,https://cdn.shopify.com/s/files/1/0796/0703/8180/files/1000_1300-ng-hold11.webp?v=1773172579,3,"",,,,,,,,,,,,,,,,,,,,,,,,,,,,,,,,,,,,,,,,,,,,,,,,,,,,,,,,,,,,,,,,,,,,,,,,,,,,,,,,,,,,,,,,,,,,,,,,,,,,,,,,,,,,,,,,,,,,,,,,,,,,,,,,,,,,,,,,,,,,,,,,,,,,,,,,,,
soporte-noga-para-celular-para-auto-con-ventosa-magnetico,Soporte Noga Magnético para Celular Auto con Ventosa - Sujeción Magnética,"<h2>Soporte Noga Magnético para Celular con Ventosa</h2><p>Experimenta la comodidad de la <strong>sujeción magnética</strong> con este soporte Noga de alta tecnología, que combina ventosa ultra adherente con sistema magnético para una instalación y uso ultra rápido.</p><h3>Características principales:</h3><ul>
<li>✅ <strong>Sistema magnético potente</strong> - Sujeta tu celular instantáneamente</li>
<li>✅ <strong>Ventosa de alta adherencia</strong> - Fijación ultra firme en parabrisas o tablero</li>
<li>✅ <strong>Colocación instantánea</strong> - Solo acerca tu celular y se adhiere automáticamente</li>
<li>✅ <strong>Rotación 360°</strong> - Ajusta el ángulo perfecto con una mano</li>
<li>✅ <strong>Incluye placa metálica</strong> - Para adherir a tu celular o funda</li>
<li>✅ <strong>Sujeción ultra segura</strong> - Mantiene tu celular firme incluso en caminos irregulares</li>
<li>✅ <strong>Diseño compacto</strong> - No obstruye la visibilidad</li>
</ul><h3>Especificaciones:</h3><p>🧲 <strong>Tecnología:</strong> Sujeción magnética<br>🔧 <strong>Montaje:</strong> Ventosa para parabrisas o tablero<br>🔄 <strong>Rotación:</strong> 360 grados<br>📱 <strong>Compatibilidad:</strong> Universal con placa metálica incluida<br>🏷️ <strong>SKU:</strong> NG-HOLD 12</p><h3>Ventajas del sistema magnético:</h3><p>⚡ <strong>Uso con una mano:</strong> Coloca y retira tu celular instantáneamente<br>🚗 <strong>Seguridad al conducir:</strong> Sin distracciones buscando el soporte<br>🔄 <strong>Cambio rápido de orientación:</strong> Horizontal o vertical en segundos<br>💪 <strong>Sujeción firme:</strong> Imanes potentes que no se sueltan</p><h3>Ideal para:</h3><p>🗺️ Navegación GPS y Waze<br>📞 Llamadas manos libres<br>🎵 Control de música y podcasts<br>🚙 Conductores que valoran la practicidad</p><p><strong>Marca:</strong> Noga - Tecnología y calidad garantizada</p><p><em>La forma más rápida y segura de montar tu celular en el auto. Solo acércalo y listo.</em></p>",NOGA,Electronics > Communications > Telephony > Mobile & Smart Phone Accessories > Mobile Phone Stands,Accesorios para Auto,"auto, celular, magnetico, mayorista, soporte",true,Title,Default Title,,,,,,,,NG-HOLD 12,100.0,shopify,2,deny,manual,7139.00,,true,true,,,,,,https://cdn.shopify.com/s/files/1/0796/0703/8180/files/1000_1300-ng-hold12.webp?v=1773173528,1,"",false,Soporte Noga Magnético para Celular Auto con Ventosa,"Soporte Noga magnético con ventosa para celular. Sujeción instantánea, rotación 360°, incluye placa metálica. Montaje en parabrisas o tablero.",,,,,,,,,,,,,,,,,,,,,,,,,,,,,,,,,,,,,,,,,,,negro,,,,,,,,,,,,,,,,,,,,,,,,,,,,,,,,,,,,,,,,,,,,,,,,,,rotacion-de-360-grados; facil-de-instalar; liberacion-rapida,,,,,,,,,,,,,,,,,,,,,,,,,,,,,,,,,,,,,,,,,,,,,,,,,,,,,,,g,,,active
soporte-noga-para-celular-para-auto-con-ventosa-magnetico,,,,,,,,,,,,,,,,,,,,,,,,,,,,,,,,https://cdn.shopify.com/s/files/1/0796/0703/8180/files/ng-hold12.webp?v=1773173528,2,"",,,,,,,,,,,,,,,,,,,,,,,,,,,,,,,,,,,,,,,,,,,,,,,,,,,,,,,,,,,,,,,,,,,,,,,,,,,,,,,,,,,,,,,,,,,,,,,,,,,,,,,,,,,,,,,,,,,,,,,,,,,,,,,,,,,,,,,,,,,,,,,,,,,,,,,,,,
soporte-noga-para-celular-para-auto-con-ventosa-magnetico,,,,,,,,,,,,,,,,,,,,,,,,,,,,,,,,https://cdn.shopify.com/s/files/1/0796/0703/8180/files/1000_1300-ng-hold121.webp?v=1773173528,3,"",,,,,,,,,,,,,,,,,,,,,,,,,,,,,,,,,,,,,,,,,,,,,,,,,,,,,,,,,,,,,,,,,,,,,,,,,,,,,,,,,,,,,,,,,,,,,,,,,,,,,,,,,,,,,,,,,,,,,,,,,,,,,,,,,,,,,,,,,,,,,,,,,,,,,,,,,,
soporte-doble-para-monitor-noga-hasta-9kg-de-17-a-27-rotacion-de-360,"Soporte Doble para Monitor Noga 17"" a 27"" - Brazo Articulado con Rotación 360°","<h2>Soporte Doble para Monitor Noga - Configuración Dual</h2><p>Maximiza tu productividad con este <strong>soporte doble Noga para monitores</strong>, diseñado para configuraciones de doble pantalla con brazos articulados y rotación completa de 360°.</p><h3>Características principales:</h3><ul>
<li>✅ <strong>Configuración dual</strong> - Soporta 2 monitores simultáneamente</li>
<li>✅ <strong>Compatibilidad amplia</strong> - Para monitores de 17"" hasta 27""</li>
<li>✅ <strong>Capacidad de carga</strong> - Hasta 9 kg por brazo</li>
<li>✅ <strong>Rotación 360°</strong> - Ajusta cada monitor independientemente</li>
<li>✅ <strong>Brazos articulados</strong> - Movimiento completo en múltiples ejes</li>
<li>✅ <strong>Ajuste de altura</strong> - Posiciona tus monitores a la altura ergonómica ideal</li>
<li>✅ <strong>Montaje VESA</strong> - Compatible con estándares VESA 75x75 y 100x100</li>
<li>✅ <strong>Construcción robusta</strong> - Materiales de alta resistencia</li>
</ul><h3>Especificaciones técnicas:</h3><p>🖥️ <strong>Cantidad de monitores:</strong> 2 (configuración dual)<br>📐 <strong>Tamaño compatible:</strong> 17"" a 27""<br>⚖️ <strong>Capacidad de carga:</strong> Hasta 9 kg por brazo<br>🔄 <strong>Rotación:</strong> 360 grados completos<br>⚙️ <strong>Compatibilidad VESA:</strong> 75x75mm y 100x100mm<br>🏷️ <strong>SKU:</strong> NGT-LT100</p><h3>Beneficios de la configuración dual:</h3><p>💼 <strong>Mayor productividad:</strong> Trabaja con múltiples aplicaciones simultáneamente<br>📊 <strong>Ideal para profesionales:</strong> Diseñadores, programadores, traders, editores<br>🎮 <strong>Gaming avanzado:</strong> Experiencia inmersiva con doble pantalla<br>📈 <strong>Multitarea eficiente:</strong> Compara documentos, monitorea datos en tiempo real<br>🧹 <strong>Ahorro de espacio:</strong> Libera espacio en tu escritorio</p><h3>Ajustes ergonómicos:</h3><p>↕️ Altura ajustable<br>↔️ Movimiento lateral<br>↪️ Inclinación (tilt)<br>🔄 Rotación (swivel)<br>🔃 Pivote vertical (portrait/landscape)</p><h3>Ideal para:</h3><p>💻 Estaciones de trabajo profesionales<br>🎨 Diseño gráfico y edición de video<br>💹 Trading y análisis financiero<br>👨‍💻 Programación y desarrollo<br>🎮 Gaming y streaming<br>🏢 Oficinas y home office</p><p><strong>Marca:</strong> Noga - Calidad profesional garantizada</p><p><em>Transforma tu espacio de trabajo con una configuración de doble monitor ergonómica y profesional.</em></p>",NOGA,Electronics > Video > Video Accessories > Television Parts & Accessories > TV & Monitor Mounts,Soportes para Monitor,"doble, escritorio, mayorista, monitor, soporte",true,Title,Default Title,,,,,,,,NGT-LT100,3100.0,shopify,6,deny,manual,66150.00,,true,true,,,,,,https://cdn.shopify.com/s/files/1/0796/0703/8180/files/D_NQ_NP.webp?v=1773174472,1,"",false,"Soporte Doble para Monitor Noga 17-27"" | Brazo Articulado 360°","Soporte doble Noga para 2 monitores de 17 a 27 pulgadas. Brazos articulados, rotación 360°, hasta 9kg por brazo, compatible VESA. Ideal para productividad.",,,,,,,,,,,,,,,,,,,,,,,,,,,,,,,,,,,,,,,,,,,negro,,,,,,,,,,,,,,,,,,,,,,,,,,,,,,,,,,,,,,,,,,,,,,,,,,rotacion-de-360-grados; angulo-regulable; dimensiones-regulables; giratorio,,,,,,,,,,,,,,,,,,,,,,,,,,,,,,,,,,,,,,,,,,,,,,,,,,,,,,,g,,,active
soporte-de-tablet-noga-para-auto,Soporte Noga para Tablet Auto - Montaje en Apoyacabezas,"<h2>Soporte Noga para Tablet en Auto</h2><p>Transforma tus viajes en experiencias de entretenimiento con este <strong>soporte Noga para tablet</strong>, diseñado para montaje en apoyacabezas, ideal para mantener a los pasajeros entretenidos durante el viaje.</p><h3>Características principales:</h3><ul>
<li>✅ <strong>Montaje en apoyacabezas</strong> - Instalación rápida y segura</li>
<li>✅ <strong>Compatibilidad universal</strong> - Se adapta a diferentes tamaños de tablets</li>
<li>✅ <strong>Ajuste flexible</strong> - Sujeción segura y ajustable</li>
<li>✅ <strong>Rotación ajustable</strong> - Posiciona la tablet en el ángulo ideal</li>
<li>✅ <strong>Construcción resistente</strong> - Soporta el uso continuo en viajes</li>
<li>✅ <strong>Fácil instalación</strong> - Sin herramientas necesarias</li>
<li>✅ <strong>Acceso a puertos</strong> - Permite cargar mientras se usa</li>
</ul><h3>Especificaciones:</h3><p>📱 <strong>Compatibilidad:</strong> Tablets de diferentes tamaños<br>🚗 <strong>Montaje:</strong> Apoyacabezas de asiento delantero<br>🔧 <strong>Instalación:</strong> Sin herramientas<br>🔄 <strong>Ajuste:</strong> Rotación y ángulo ajustable<br>🏷️ <strong>SKU:</strong> NG-HOLDPAD</p><h3>Beneficios:</h3><p>👶 <strong>Entretenimiento infantil:</strong> Mantén a los niños entretenidos en viajes largos<br>🎬 <strong>Películas y series:</strong> Disfruta de contenido multimedia en el asiento trasero<br>🎮 <strong>Juegos y apps:</strong> Acceso cómodo a aplicaciones<br>📚 <strong>Educación:</strong> Apps educativas durante el viaje<br>✌️ <strong>Viajes tranquilos:</strong> Reduce el aburrimiento en trayectos largos</p><h3>Ideal para:</h3><p>👨‍👩‍👧‍👦 Familias con niños<br>🚗 Viajes largos y vacaciones<br>🛣️ Trayectos diarios al colegio<br>🏖️ Road trips y aventuras<br>🚕 Servicios de transporte privado</p><h3>Posiciones de visualización:</h3><p>📺 Horizontal para películas<br>📱 Vertical para lectura y apps<br>🎮 Ajustable según la actividad</p><p><strong>Marca:</strong> Noga - Calidad y resistencia garantizada</p><p><em>Convierte tu auto en un centro de entretenimiento móvil para viajes más placenteros.</em></p>",NOGA,Vehicles & Parts > Vehicle Parts & Accessories > Motor Vehicle Electronics > Motor Vehicle Video Monitor Mounts > Dashboard Mounts,Accesorios para Auto,"apoyacabezas, auto, mayorista, soporte, tablet",true,Title,Default Title,,,,,,,,NG-HOLDPAD,230.0,shopify,8,deny,manual,9660.00,,true,true,,,,,7798137716996,https://cdn.shopify.com/s/files/1/0796/0703/8180/files/ng-holdpad.webp?v=1773175066,1,"",false,Soporte Noga para Tablet Auto | Montaje en Apoyacabezas,"Soporte Noga para tablet en auto. Montaje en apoyacabezas, compatible con tablets, rotación ajustable. Ideal para entretenimiento en viajes largos.",,,,,,,,,,,,,,,,,,,,,,,,,,,,,,,,,,,,,,,,,,,negro,,,,,,,,,,,,,,,,,,,,,,,,,,,,,,,,nuevo,,,,,,,,,,,genuino; oem; posventa; tercero,,,,,,plastico,,,,,,,,,,,,,,,,manual,,,,,,,,,,,,,,,,,,,,,,,,,,,,,,,,,,,,,,,,g,,,active
soporte-de-tablet-noga-para-auto,,,,,,,,,,,,,,,,,,,,,,,,,,,,,,,,https://cdn.shopify.com/s/files/1/0796/0703/8180/files/ng-holdpad11.webp?v=1773175066,2,"",,,,,,,,,,,,,,,,,,,,,,,,,,,,,,,,,,,,,,,,,,,,,,,,,,,,,,,,,,,,,,,,,,,,,,,,,,,,,,,,,,,,,,,,,,,,,,,,,,,,,,,,,,,,,,,,,,,,,,,,,,,,,,,,,,,,,,,,,,,,,,,,,,,,,,,,,,
soporte-de-tablet-noga-para-auto,,,,,,,,,,,,,,,,,,,,,,,,,,,,,,,,https://cdn.shopify.com/s/files/1/0796/0703/8180/files/ng-holdpad_d3a82b6b-29ea-4db6-a418-d5671367f251.webp?v=1773175066,3,"",,,,,,,,,,,,,,,,,,,,,,,,,,,,,,,,,,,,,,,,,,,,,,,,,,,,,,,,,,,,,,,,,,,,,,,,,,,,,,,,,,,,,,,,,,,,,,,,,,,,,,,,,,,,,,,,,,,,,,,,,,,,,,,,,,,,,,,,,,,,,,,,,,,,,,,,,,
soporte-de-tablet-noga-para-auto,,,,,,,,,,,,,,,,,,,,,,,,,,,,,,,,https://cdn.shopify.com/s/files/1/0796/0703/8180/files/ng-holdpad1.webp?v=1773175066,4,"",,,,,,,,,,,,,,,,,,,,,,,,,,,,,,,,,,,,,,,,,,,,,,,,,,,,,,,,,,,,,,,,,,,,,,,,,,,,,,,,,,,,,,,,,,,,,,,,,,,,,,,,,,,,,,,,,,,,,,,,,,,,,,,,,,,,,,,,,,,,,,,,,,,,,,,,,,
soporte-de-escritorio-o-mesa-para-microfono,Soporte de Escritorio para Micrófono - Brazo Articulado Ajustable,"<h2>Soporte de Escritorio para Micrófono - Brazo Articulado</h2><p>Mejora la calidad de tus grabaciones y transmisiones con este <strong>soporte articulado para micrófono</strong>, diseñado para posicionar tu micrófono en el ángulo perfecto y liberar espacio en tu escritorio.</p><h3>Características principales:</h3><ul>
<li>✅ <strong>Brazo articulado ajustable</strong> - Posiciona tu micrófono exactamente donde lo necesitas</li>
<li>✅ <strong>Montaje en escritorio o mesa</strong> - Instalación mediante pinza o abrazadera</li>
<li>✅ <strong>Construcción robusta</strong> - Soporta micrófonos de diferentes pesos</li>
<li>✅ <strong>Múltiples puntos de articulación</strong> - Flexibilidad total de movimiento</li>
<li>✅ <strong>Sistema de gestión de cables</strong> - Mantiene los cables organizados</li>
<li>✅ <strong>Compatibilidad universal</strong> - Rosca estándar para la mayoría de micrófonos</li>
<li>✅ <strong>Ahorro de espacio</strong> - Libera tu escritorio para otras tareas</li>
</ul><h3>Especificaciones:</h3><p>🎤 <strong>Tipo:</strong> Brazo articulado de escritorio<br>🔧 <strong>Montaje:</strong> Pinza para escritorio/mesa<br>🔩 <strong>Rosca:</strong> Estándar universal<br>📊 <strong>Ajuste:</strong> Múltiples puntos de articulación<br>🏷️ <strong>SKU:</strong> HD-71022</p><h3>Beneficios:</h3><p>🎧 <strong>Audio profesional:</strong> Posicionamiento óptimo para mejor calidad de sonido<br>💻 <strong>Espacio libre:</strong> Libera tu escritorio de soportes voluminosos<br>🎮 <strong>Flexibilidad:</strong> Ajusta la posición según tu actividad<br>🔇 <strong>Reducción de ruido:</strong> Aleja el micrófono de vibraciones del escritorio<br>⚙️ <strong>Fácil ajuste:</strong> Cambia la posición rápidamente cuando lo necesites</p><h3>Ideal para:</h3><p>🎥 Streaming y contenido en vivo<br>🎧 Podcasting y grabaciones de audio<br>📹 Creación de contenido para YouTube<br>📞 Videollamadas y conferencias profesionales<br>🎵 Grabación musical y voiceover<br>🎮 Gaming y comunicación en equipo<br>🏢 Home office y trabajo remoto</p><h3>Compatibilidad:</h3><p>✅ Micrófonos USB<br>✅ Micrófonos de condensador<br>✅ Micrófonos dinámicos<br>✅ Micrófonos con rosca estándar</p><p><strong>Nota:</strong> Verifica que tu micrófono tenga rosca estándar o adaptador compatible.</p><p><em>Eleva la calidad de tus producciones con un posicionamiento profesional de tu micrófono.</em></p>",GENERICA,Electronics > Audio > Audio Accessories > Microphone Accessories,Accesorios de Audio,"escritorio, mayorista, microfono, soporte, streaming",true,Title,Default Title,,,,,,,,HD-71022,900.0,shopify,14,deny,manual,23324.00,,true,true,,,,,,https://cdn.shopify.com/s/files/1/0796/0703/8180/files/D_NQ_NP_942412-MLA93296983870_092025-O.webp?v=1773175262,1,"",false,Soporte de Escritorio para Micrófono | Brazo Articulado,"Soporte articulado para micrófono de escritorio. Brazo ajustable, montaje en mesa, compatible con micrófonos USB y condensador. Ideal para streaming y podcast.",,,,,,,,,,,,,,,,,,,,,,,,,,,,,,,,,,,,,,,,,,,negro,,,,,,,,,,,,,,,,,,,,,,,,,,,,,,,,,,,,,,,,,,,,,,,,,,,,,,,,,,,,,,,,,,,,,,,,,,,,,,,,,,,,,,,,,,,,,,,,,,,,,,,,,g,,,active
soporte-de-escritorio-o-mesa-para-microfono,,,,,,,,,,,,,,,,,,,,,,,,,,,,,,,,https://cdn.shopify.com/s/files/1/0796/0703/8180/files/10581_xlarge.png?v=1773175262,2,"",,,,,,,,,,,,,,,,,,,,,,,,,,,,,,,,,,,,,,,,,,,,,,,,,,,,,,,,,,,,,,,,,,,,,,,,,,,,,,,,,,,,,,,,,,,,,,,,,,,,,,,,,,,,,,,,,,,,,,,,,,,,,,,,,,,,,,,,,,,,,,,,,,,,,,,,,,
soporte-de-celular-para-auto-magnetico-ventosa,Soporte Magnético para Celular Auto con Ventosa - Sujeción Instantánea,"<h2>Soporte Magnético para Celular con Ventosa</h2><p>Disfruta de la comodidad de la <strong>sujeción magnética instantánea</strong> con este soporte para auto que combina ventosa ultra adherente con tecnología magnética para un uso ultra rápido y seguro.</p><h3>Características principales:</h3><ul>
<li>✅ <strong>Sistema magnético potente</strong> - Sujeta tu celular al instante</li>
<li>✅ <strong>Ventosa de alta adherencia</strong> - Fijación ultra firme en parabrisas o tablero</li>
<li>✅ <strong>Colocación con una mano</strong> - Solo acerca tu celular y se adhiere automáticamente</li>
<li>✅ <strong>Rotación 360°</strong> - Ajusta el ángulo perfecto instantáneamente</li>
<li>✅ <strong>Incluye placa metálica</strong> - Para adherir a tu celular o funda</li>
<li>✅ <strong>Sujeción ultra segura</strong> - Mantiene tu celular firme incluso en caminos irregulares</li>
<li>✅ <strong>Diseño compacto</strong> - No obstruye la visibilidad</li>
<li>✅ <strong>No deja marcas</strong> - La ventosa no daña superficies</li>
</ul><h3>Especificaciones:</h3><p>🧲 <strong>Tecnología:</strong> Sujeción magnética<br>🔧 <strong>Montaje:</strong> Ventosa para parabrisas o tablero<br>🔄 <strong>Rotación:</strong> 360 grados<br>📱 <strong>Compatibilidad:</strong> Universal con placa metálica incluida<br>🏷️ <strong>SKU:</strong> ZJ-Q21</p><h3>Ventajas del sistema magnético:</h3><p>⚡ <strong>Uso con una mano:</strong> Coloca y retira tu celular instantáneamente mientras conduces<br>🚗 <strong>Seguridad al conducir:</strong> Sin distracciones buscando el soporte<br>🔄 <strong>Cambio rápido de orientación:</strong> Horizontal o vertical en un segundo<br>💪 <strong>Sujeción firme:</strong> Imanes potentes que no se sueltan<br>👌 <strong>Versatilidad:</strong> Usa en diferentes vehículos fácilmente</p><h3>Ideal para:</h3><p>🗺️ Navegación GPS y Waze<br>📞 Llamadas manos libres<br>🎵 Control de música y podcasts<br>🚙 Conductores que valoran la practicidad<br>🚕 Servicios de transporte (Uber, Cabify, etc.)</p><h3>Instalación:</h3><p>1️♣ Limpia la superficie donde colocarás la ventosa<br>2️♣ Presiona la ventosa firmemente contra el parabrisas o tablero<br>3️♣ Adhiere la placa metálica a tu celular o funda<br>4️♣ Acerca tu celular al soporte y listo</p><p><strong>Nota:</strong> La placa metálica puede colocarse entre el celular y la funda para mayor discreción.</p><p><em>La forma más rápida, segura y práctica de montar tu celular en el auto. Solo acércalo y listo.</em></p>",SIN MARCA,Electronics > Communications > Telephony > Mobile & Smart Phone Accessories > Mobile Phone Stands,Accesorios para Auto,"auto, celular, magnetico, mayorista, soporte",true,Title,Default Title,,,,,,,,ZJ-Q21,115.0,shopify,7,deny,manual,5263.50,,true,true,,,,,6290132587836,https://cdn.shopify.com/s/files/1/0796/0703/8180/files/57ccbe12ff285e1abd015e4415f611f8_812c0715-a2cd-47bb-9f79-872cd366c692.webp?v=1773175774,1,"",false,Soporte Magnético para Celular Auto con Ventosa,"Soporte magnético con ventosa para celular en auto. Sujeción instantánea, rotación 360°, incluye placa metálica. Montaje en parabrisas o tablero.",,,,,,,,,,,,,,,,,,,,,,,,,,,,,,,,,,,,,,,,,,,negro,,,,,,,,,,,,,,,,,,,,,,,,,,,,,,,,,,,,,,,,,,,,,,,,,,rotacion-de-360-grados; angulo-regulable; facil-de-instalar,,,,,,,,,,,,,,,,,,,,,,,,,,,,,,,,,,,,,,,,,,,,,,,,,,,,,,,g,,,active
soporte-de-celular-para-auto-magnetico-rejilla-de-auto,Soporte Magnético para Celular Auto - Montaje en Rejilla de Ventilación,"<h2>Soporte Magnético para Celular - Montaje en Rejilla</h2><p>Experimenta la máxima comodidad con este <strong>soporte magnético para rejilla de ventilación</strong>, que combina instalación ultra rápida con sujeción instantánea para un uso práctico y seguro.</p><h3>Características principales:</h3><ul>
<li>✅ <strong>Sistema magnético potente</strong> - Sujeta tu celular al instante</li>
<li>✅ <strong>Montaje en rejilla</strong> - Se fija firmemente a la rejilla de ventilación</li>
<li>✅ <strong>Instalación sin herramientas</strong> - Colocación rápida y sencilla</li>
<li>✅ <strong>Uso con una mano</strong> - Solo acerca tu celular y se adhiere automáticamente</li>
<li>✅ <strong>Rotación 360°</strong> - Ajusta el ángulo perfecto instantáneamente</li>
<li>✅ <strong>Incluye placa metálica</strong> - Para adherir a tu celular o funda</li>
<li>✅ <strong>Diseño compacto</strong> - No obstruye la visibilidad ni el flujo de aire</li>
<li>✅ <strong>Sujeción ultra segura</strong> - Mantiene tu celular firme incluso en caminos irregulares</li>
</ul><h3>Especificaciones:</h3><p>🧲 <strong>Tecnología:</strong> Sujeción magnética<br>🔧 <strong>Montaje:</strong> Clip para rejilla de ventilación<br>🔄 <strong>Rotación:</strong> 360 grados<br>📱 <strong>Compatibilidad:</strong> Universal con placa metálica incluida<br>🏷️ <strong>SKU:</strong> ZJ-F15</p><h3>Ventajas del sistema magnético en rejilla:</h3><p>⚡ <strong>Instalación instantánea:</strong> Sin adhesivos ni ventosas, solo clip en la rejilla<br>👌 <strong>Uso con una mano:</strong> Coloca y retira tu celular sin distracciones<br>🌬️ <strong>No bloquea el aire:</strong> Diseño que permite el flujo de ventilación<br>🔄 <strong>Cambio rápido:</strong> Horizontal o vertical en un segundo<br>💪 <strong>Sujeción firme:</strong> Imanes potentes que no se sueltan<br>🚗 <strong>Portable:</strong> Cambia fácilmente entre vehículos</p><h3>Ideal para:</h3><p>🗺️ Navegación GPS y Waze<br>📞 Llamadas manos libres<br>🎵 Control de música y podcasts<br>🚙 Conductores que valoran la practicidad<br>🚕 Servicios de transporte (Uber, Cabify, etc.)<br>🚗 Uso en múltiples vehículos</p><h3>Instalación:</h3><p>1️♣ Coloca el clip en la rejilla de ventilación<br>2️♣ Adhiere la placa metálica a tu celular o funda<br>3️♣ Acerca tu celular al soporte magnético y listo</p><p><strong>Nota:</strong> La placa metálica puede colocarse entre el celular y la funda para mayor discreción.</p><p><em>La solución más práctica y rápida para montar tu celular en el auto. Sin adhesivos, sin ventosas, solo clip y listo.</em></p>",SIN MARCA,Electronics > Communications > Telephony > Mobile & Smart Phone Accessories > Mobile Phone Stands,Accesorios para Auto,"auto, celular, magnetico, mayorista, soporte",true,Title,Default Title,,,,,,,,ZJ-F15,100.0,shopify,6,deny,manual,3999.97,,true,true,,,,,6290132587829,https://cdn.shopify.com/s/files/1/0796/0703/8180/files/de00602d6f77c9f6ae30dec0113344ad.webp?v=1773176737,1,"",false,Soporte Magnético para Celular Auto | Montaje en Rejilla,"Soporte magnético para celular con montaje en rejilla de ventilación. Instalación rápida, rotación 360°, incluye placa metálica. Sujeción instantánea.",,,,,,,,,,,,,,,,,,,,,,,,,,,,,,,,,,,,,,,,,,,negro,,,,,,,,,,,,,,,,,,,,,,,,,,,,,,,,,,,,,,,,,,,,,,,,,,rotacion-de-360-grados; angulo-regulable; facil-de-instalar; portatil,,,,,,,,,,,,,,,,,,,,,,,,,,,,,,,,,,,,,,,,,,,,,,,,,,,,,,,g,,,active
soporte-de-celular-noga-para-auto-con-carga-inalambrica-y-sensor-infrarojo,Soporte Noga para Celular Auto con Carga Inalámbrica y Sensor Infrarrojo,"<h2>Soporte Noga Premium con Carga Inalámbrica y Sensor Infrarrojo</h2><p>Experimenta la tecnología más avanzada en soportes para auto con este <strong>soporte Noga premium</strong> que combina carga inalámbrica rápida con sensor infrarrojo automático para una experiencia completamente manos libres.</p><h3>Características principales:</h3><ul>
<li>✅ <strong>Carga inalámbrica integrada</strong> - Carga tu celular mientras conduces</li>
<li>✅ <strong>Sensor infrarrojo automático</strong> - Abre y cierra automáticamente al detectar tu celular</li>
<li>✅ <strong>Sujeción automática</strong> - Solo acerca tu celular y se sujeta instantáneamente</li>
<li>✅ <strong>Liberación con un toque</strong> - Botón de liberación rápida</li>
<li>✅ <strong>Carga rápida Qi</strong> - Compatible con estándar de carga inalámbrica</li>
<li>✅ <strong>Montaje versátil</strong> - Para parabrisas, tablero o rejilla de ventilación</li>
<li>✅ <strong>Rotación 360°</strong> - Ajusta el ángulo perfecto</li>
<li>✅ <strong>Protección inteligente</strong> - Contra sobrecarga, sobrecalentamiento y cortocircuito</li>
</ul><h3>Especificaciones técnicas:</h3><p>⚡ <strong>Carga inalámbrica:</strong> Estándar Qi, hasta 15W<br>🔍 <strong>Sensor:</strong> Infrarrojo automático<br>🔧 <strong>Montaje:</strong> Ventosa o clip para rejilla (incluidos)<br>🔄 <strong>Rotación:</strong> 360 grados<br>📱 <strong>Compatibilidad:</strong> Celulares con carga inalámbrica Qi<br>🔌 <strong>Alimentación:</strong> USB (cable incluido)<br>🏷️ <strong>SKU:</strong> NG-Q10</p><h3>Tecnología avanzada:</h3><p>🤖 <strong>Sensor infrarrojo inteligente:</strong><br>- Detecta automáticamente tu celular<br>- Abre los brazos al acercarlo<br>- Cierra y sujeta firmemente<br>- Liberación con un toque del botón lateral</p><p>⚡ <strong>Carga inalámbrica rápida:</strong><br>- Compatible con Qi (iPhone, Samsung, Xiaomi, etc.)<br>- Hasta 15W de potencia<br>- Carga mientras navegas<br>- Protección contra sobrecarga</p><h3>Beneficios:</h3><p>🚗 <strong>Conducción segura:</strong> Manos completamente libres, sin cables sueltos<br>🔋 <strong>Siempre cargado:</strong> Llega a tu destino con batería completa<br>⏱️ <strong>Ahorro de tiempo:</strong> No más cables para conectar y desconectar<br>💪 <strong>Sujeción firme:</strong> Brazos automáticos que no se aflojan<br>🌟 <strong>Experiencia premium:</strong> Tecnología de última generación</p><h3>Ideal para:</h3><p>🗺️ Navegación GPS en viajes largos<br>🚕 Conductores profesionales (Uber, Cabify, etc.)<br>💼 Ejecutivos y profesionales<br>🚙 Uso diario intensivo<br>🎆 Quienes buscan la mejor tecnología</p><h3>Compatibilidad de carga inalámbrica:</h3><p>✅ iPhone 8 y posteriores<br>✅ Samsung Galaxy S6 y posteriores<br>✅ Xiaomi, Huawei, OnePlus con carga Qi<br>✅ Cualquier celular compatible con Qi</p><p><strong>Incluye:</strong><br>- Soporte con carga inalámbrica y sensor infrarrojo<br>- Base con ventosa<br>- Clip para rejilla de ventilación<br>- Cable USB de alimentación<br>- Manual de usuario</p><p><strong>Marca:</strong> Noga - Tecnología premium garantizada</p><p><em>La solución definitiva para conductores modernos: carga inalámbrica automática mientras conduces.</em></p>",NOGA,Electronics > Communications > Telephony > Mobile & Smart Phone Accessories > Mobile Phone Stands,Accesorios para Auto,"auto, carga-inalambrica, celular, mayorista, sensor",true,Title,Default Title,,,,,,,,NG-Q10,250.0,shopify,2,deny,manual,28000.00,,true,true,,,,,,https://cdn.shopify.com/s/files/1/0796/0703/8180/files/unnamed_9.jpg?v=1773177079,1,"",false,Soporte Noga con Carga Inalámbrica y Sensor Infrarrojo,"Soporte Noga premium con carga inalámbrica Qi y sensor infrarrojo automático. Sujeción manos libres, rotación 360°. Tecnología avanzada para tu auto.",,,,,,,,,,,,,,,,,,,,,,,,,,,,,,,,,,,,,,,,,,,negro,,,,,,,,,,,,,,,,,,,,,,,,,,,,,,,,,,,,,,,,,,,,,,,,,,rotacion-de-360-grados; angulo-regulable; liberacion-rapida; facil-de-instalar,,,,,,,,,,,,,,,,,,,,,,,,,,,,,,,,,,,,,,,,,,,,,,,,,,,,,,,g,,,active
soporte-de-celular-noga-para-auto-con-carga-inalambrica-y-sensor-infrarojo,,,,,,,,,,,,,,,,,,,,,,,,,,,,,,,,https://cdn.shopify.com/s/files/1/0796/0703/8180/files/2103261250054671_02_medium_14124f0d-641c-44bf-97ce-bd54bd8dff40.jpg?v=1773177079,2,"",,,,,,,,,,,,,,,,,,,,,,,,,,,,,,,,,,,,,,,,,,,,,,,,,,,,,,,,,,,,,,,,,,,,,,,,,,,,,,,,,,,,,,,,,,,,,,,,,,,,,,,,,,,,,,,,,,,,,,,,,,,,,,,,,,,,,,,,,,,,,,,,,,,,,,,,,,
soporte-de-celular-noga-para-auto-con-carga-inalambrica-y-sensor-infrarojo,,,,,,,,,,,,,,,,,,,,,,,,,,,,,,,,https://cdn.shopify.com/s/files/1/0796/0703/8180/files/2103261250054671_01_medium_cee74c54-e0e0-4540-8c7b-b5b4344619ae.jpg?v=1773177079,3,"",,,,,,,,,,,,,,,,,,,,,,,,,,,,,,,,,,,,,,,,,,,,,,,,,,,,,,,,,,,,,,,,,,,,,,,,,,,,,,,,,,,,,,,,,,,,,,,,,,,,,,,,,,,,,,,,,,,,,,,,,,,,,,,,,,,,,,,,,,,,,,,,,,,,,,,,,,
router-noga-repetidor-de-wifi-con-4-antenas-externas,Router Noga + Repetidor WiFi con 4 Antenas Externas - Amplificador de Señal,"<h2>Router Noga + Repetidor WiFi con 4 Antenas Externas</h2><p>Amplía la cobertura de tu red WiFi y elimina las zonas sin señal con este <strong>router y repetidor Noga</strong> equipado con 4 antenas externas de alta ganancia para máximo alcance y rendimiento.</p><h3>Características principales:</h3><ul>
<li>✅ <strong>Doble función</strong> - Router y repetidor WiFi en un solo dispositivo</li>
<li>✅ <strong>4 antenas externas</strong> - Mayor alcance y cobertura de señal</li>
<li>✅ <strong>Amplificador de señal</strong> - Extiende tu WiFi a toda la casa u oficina</li>
<li>✅ <strong>Fácil configuración</strong> - Setup rápido y sencillo</li>
<li>✅ <strong>Múltiples modos</strong> - Router, repetidor, punto de acceso</li>
<li>✅ <strong>Conexión estable</strong> - Tecnología de antenas múltiples para mejor rendimiento</li>
<li>✅ <strong>Compatibilidad universal</strong> - Funciona con cualquier proveedor de internet</li>
</ul><h3>Especificaciones técnicas:</h3><p>📡 <strong>Antenas:</strong> 4 antenas externas de alta ganancia<br>🔧 <strong>Modos:</strong> Router, Repetidor, Punto de Acceso<br>🌐 <strong>Estándares:</strong> Compatible con WiFi estándar<br>🔌 <strong>Puertos:</strong> Ethernet LAN/WAN<br>🏷️ <strong>SKU:</strong> NGA-REP2</p><h3>Modos de operación:</h3><p>🔷 <strong>Modo Router:</strong><br>Conecta tu módem de internet y distribuye WiFi a todos tus dispositivos</p><p>🔷 <strong>Modo Repetidor:</strong><br>Amplía la señal de tu router existente para eliminar zonas sin cobertura</p><p>🔷 <strong>Modo Punto de Acceso:</strong><br>Convierte una conexión por cable en WiFi inalámbrico</p><h3>Beneficios:</h3><p>📶 <strong>Cobertura total:</strong> Elimina zonas sin señal en tu hogar u oficina<br>🚀 <strong>Mejor rendimiento:</strong> 4 antenas para conexión más estable<br>💰 <strong>Ahorro:</strong> No necesitas comprar router y repetidor por separado<br>🏠 <strong>Ideal para casas grandes:</strong> Alcance extendido en múltiples pisos<br>👨‍👩‍👧‍👦 <strong>Múltiples dispositivos:</strong> Conecta celulares, tablets, laptops, smart TV</p><h3>Ideal para:</h3><p>🏠 Casas de múltiples pisos o ambientes grandes<br>🏢 Oficinas y espacios comerciales<br>📱 Hogares con múltiples dispositivos conectados<br>🎮 Gaming y streaming sin interrupciones<br>💼 Home office y trabajo remoto<br>🏘️ Eliminar zonas sin cobertura WiFi</p><h3>Aplicaciones comunes:</h3><p>✓ Extender WiFi al patio, garage o habitaciones lejanas<br>✓ Mejorar señal en segundo o tercer piso<br>✓ Crear red WiFi en oficina o local comercial<br>✓ Ampliar cobertura en departamentos grandes<br>✓ Conectar dispositivos en zonas sin señal</p><h3>Instalación:</h3><p>1️⃣ Conecta el dispositivo a la corriente<br>2️⃣ Selecciona el modo de operación (Router o Repetidor)<br>3️⃣ Configura mediante interfaz web o app<br>4️⃣ Conecta tus dispositivos y disfruta</p><p><strong>Incluye:</strong><br>- Router/Repetidor Noga con 4 antenas externas<br>- Cable de red Ethernet<br>- Adaptador de corriente<br>- Manual de usuario</p><p><strong>Marca:</strong> Noga - Conectividad confiable garantizada</p><p><em>Transforma tu conectividad con cobertura WiFi completa en cada rincón de tu hogar u oficina.</em></p>",NOGA,Electronics > Networking > Bridges & Routers > Wireless Routers,Redes y Conectividad,"antenas, mayorista, repetidor, router, wifi",true,Title,Default Title,,,,,,,,NGA-REP2,215.0,shopify,1,deny,manual,56000.00,,true,true,,,,,7798137724632,https://cdn.shopify.com/s/files/1/0796/0703/8180/files/nga-rep2.webp?v=1773177712,1,"",false,Router Noga + Repetidor WiFi con 4 Antenas Externas,"Router y repetidor WiFi Noga con 4 antenas externas. Amplía cobertura, elimina zonas sin señal, múltiples modos. Ideal para casas grandes y oficinas.",,,,,,,,,,,,,,,,omnidireccional,,,,,,,,,,,,,,,,,,,,,,,,,,,blanco,,,,,,,ethernet; wi-fi,,,,,,,,,,,,,,,ethernet; gigabit,,,,,,,,,,,,,,,,,,,,,,,,,,,,,,,,,,,tcp-ip; dhcp; wi-fi-ieee-802-11,ieee-802-11b; ieee-802-11g; ieee-802-11n,,,,,,,alimentado-por-ca,,,,,,,,wpa2; wpa3,,,,,,,,,,,,,,,,,,,,,,,,,,,,,banda-dual-2-4-ghz-5-ghz,802-11b; 802-11g; 802-11n,,g,,,active
router-noga-repetidor-de-wifi-con-4-antenas-externas,,,,,,,,,,,,,,,,,,,,,,,,,,,,,,,,https://cdn.shopify.com/s/files/1/0796/0703/8180/files/nga-rep2_44488f35-2b09-4707-9f6a-531acee75171.webp?v=1773177712,2,"",,,,,,,,,,,,,,,,,,,,,,,,,,,,,,,,,,,,,,,,,,,,,,,,,,,,,,,,,,,,,,,,,,,,,,,,,,,,,,,,,,,,,,,,,,,,,,,,,,,,,,,,,,,,,,,,,,,,,,,,,,,,,,,,,,,,,,,,,,,,,,,,,,,,,,,,,,
router-noga-repetidor-de-wifi-con-4-antenas-externas,,,,,,,,,,,,,,,,,,,,,,,,,,,,,,,,https://cdn.shopify.com/s/files/1/0796/0703/8180/files/nga-rep2_011.webp?v=1773177712,3,"",,,,,,,,,,,,,,,,,,,,,,,,,,,,,,,,,,,,,,,,,,,,,,,,,,,,,,,,,,,,,,,,,,,,,,,,,,,,,,,,,,,,,,,,,,,,,,,,,,,,,,,,,,,,,,,,,,,,,,,,,,,,,,,,,,,,,,,,,,,,,,,,,,,,,,,,,,
router-noga-repetidor-de-wifi-con-4-antenas-externas,,,,,,,,,,,,,,,,,,,,,,,,,,,,,,,,https://cdn.shopify.com/s/files/1/0796/0703/8180/files/nga-rep21.webp?v=1773177712,4,"",,,,,,,,,,,,,,,,,,,,,,,,,,,,,,,,,,,,,,,,,,,,,,,,,,,,,,,,,,,,,,,,,,,,,,,,,,,,,,,,,,,,,,,,,,,,,,,,,,,,,,,,,,,,,,,,,,,,,,,,,,,,,,,,,,,,,,,,,,,,,,,,,,,,,,,,,,
reloj-smart-watch-noga-bluetooth-rosa-redondo-carga-iman,Smartwatch Noga NG-SW05 Bluetooth Rosa con Carga Magnética,"<h3>Smartwatch Noga NG-SW05 - Tecnología y Estilo en tu Muñeca</h3>

<p>Descubrí el equilibrio perfecto entre funcionalidad y diseño con el <strong>Smartwatch Noga NG-SW05</strong>. Este reloj inteligente en elegante color rosa combina tecnología Bluetooth avanzada con un sistema de carga magnética ultra conveniente.</p>

<h4>Características Principales:</h4>
<ul>
<li>
<strong>Conectividad Bluetooth:</strong> Sincronización rápida y estable con tu smartphone</li>
<li>
<strong>Diseño Redondo Elegante:</strong> Pantalla circular moderna en acabado rosa</li>
<li>
<strong>Carga Magnética:</strong> Sistema de carga por imán, sin cables complicados</li>
<li>
<strong>Marca Confiable:</strong> Calidad garantizada por NOGA</li>
<li>
<strong>Modelo NG-SW05RS:</strong> Última generación en tecnología wearable</li>
</ul>

<h4>¿Por Qué Elegir Este Smartwatch?</h4>
<p>Imaginate comenzar tu día con todas tus notificaciones al alcance de tu muñeca, sin necesidad de sacar el teléfono constantemente. El NG-SW05 te mantiene conectado mientras agregás un toque de color y estilo a tu outfit diario.</p>

<p><strong>Ideal para:</strong> Uso diario, actividad física, seguimiento de salud y estilo de vida activo.</p>",NOGA,Apparel & Accessories > Jewelry > Smart Watches,Smartwatch,"bluetooth, mayorista, noga, reloj-inteligente, smartwatch, wearable",true,Title,Default Title,,,,,,,,NG-SW05RS,135.0,shopify,1,deny,manual,68600.00,,true,true,,,,,7798137718143,https://cdn.shopify.com/s/files/1/0796/0703/8180/files/1073-producto-1-3896.jpg?v=1773326529,1,"",false,Smartwatch Noga NG-SW05 Bluetooth Rosa | Carga Magnética,"Smartwatch Noga NG-SW05 con Bluetooth, diseño redondo rosa y carga magnética. Tecnología wearable de calidad para mantenerte conectado con estilo. ¡Comprá ahora!",,,,,,,,,,,,,,,adultos,,,,,,,,,,,,,,,,,,,,,,,,,,,,,,,,,,,,bluetooth,,,,,,,,,,,,,,,,,,,,,,,,,,,,,,,,,,,,,,,,,,,,,,,,,,,,,,,,,,,,,,,,,,,,,monitor-de-ritmo-cardiaco; contador-de-pasos; rastreador-de-actividad-fisica; alarma; esferas-de-reloj-personalizables; pantalla-tactil; vibracion; funcion-de-ubicacion-del-dispositivo; rastreador-de-sueno; impermeable,,,,,,,,,,femenino; unisex,,,,,,,,,,,,,digital,,,,,g,,,active
reloj-smart-watch-noga-bluetooth-rosa-redondo-carga-iman,,,,,,,,,,,,,,,,,,,,,,,,,,,,,,,,https://cdn.shopify.com/s/files/1/0796/0703/8180/files/NG-SW05.webp?v=1773326529,2,"",,,,,,,,,,,,,,,,,,,,,,,,,,,,,,,,,,,,,,,,,,,,,,,,,,,,,,,,,,,,,,,,,,,,,,,,,,,,,,,,,,,,,,,,,,,,,,,,,,,,,,,,,,,,,,,,,,,,,,,,,,,,,,,,,,,,,,,,,,,,,,,,,,,,,,,,,,
reloj-smart-watch-noga-bluetooth-ninos,Smartwatch Noga NG-SW21 Bluetooth para Niños,"<h3>Smartwatch Noga NG-SW21 - Tecnología Pensada para los Más Chicos</h3>

<p>Presentamos el <strong>Smartwatch Noga NG-SW21</strong>, el reloj inteligente diseñado especialmente para niños. Con conectividad Bluetooth y funciones adaptadas a su edad, es el compañero perfecto para mantenerlos conectados de forma segura.</p>

<h4>Características Principales:</h4>
<ul>
<li>
<strong>Diseño Infantil:</strong> Ergonómico y resistente, pensado para el uso diario de los niños</li>
<li>
<strong>Conectividad Bluetooth:</strong> Sincronización fácil con dispositivos móviles</li>
<li>
<strong>Funciones Educativas:</strong> Ideal para aprender a gestionar el tiempo y mantenerse activos</li>
<li>
<strong>Marca Confiable:</strong> Calidad NOGA garantizada</li>
<li>
<strong>Modelo NG-SW21:</strong> Tecnología wearable adaptada a niños</li>
<li>
<strong>Disponible en Varios Colores:</strong> Elegí el favorito de tu hijo/a</li>
</ul>

<h4>¿Por Qué Elegir Este Smartwatch para Niños?</h4>
<p>Imaginate la tranquilidad de mantener a tus hijos conectados mientras desarrollan autonomía y responsabilidad. El NG-SW21 combina diversión con funcionalidad, permitiéndoles explorar la tecnología de forma segura y apropiada para su edad.</p>

<p><strong>Ideal para:</strong> Niños de 6 a 12 años, actividades escolares, deportes y uso diario.</p>

<p><em>Nota: Seleccioná el color de tu preferencia en las opciones de variantes.</em></p>",NOGA,Apparel & Accessories > Jewelry > Smart Watches,Smartwatch,"bluetooth, mayorista, ninos, noga, reloj-inteligente, smartwatch",true,Color de la correa,rosa,product.metafields.shopify.band-color,,,,,,,NG-SW21,150.0,shopify,1,deny,manual,56000.00,,true,true,,,,,7798137723505,https://cdn.shopify.com/s/files/1/0796/0703/8180/files/ng-sw21-ng-angulo-c2a9837e771664b67417068152178396-1024-1024.webp?v=1773326872,1,"",false,Smartwatch Noga NG-SW21 Bluetooth para Niños | Reloj Inteligente,"Smartwatch Noga NG-SW21 con Bluetooth para niños. Reloj inteligente resistente y funcional, disponible en varios colores. Tecnología segura y divertida. ¡Comprá ahora!",,,,,,,,,,,,,,,ninos,,,,,,,,rosa; negro,,,,,,,,,,,,,,,,,,,,,,,,,,,,bluetooth,,,,,,,,,,,,,,,,,,,,,,,,,,,,,,,,,,,,,,,,,,,,,,,,,,,,,,,,,,,,,,,,,,,,,alarma; contador-de-pasos; monitor-de-ritmo-cardiaco,,,,,,,,,,unisex,,,,,,,,,,,,,digital,,,,https://cdn.shopify.com/s/files/1/0796/0703/8180/files/ng-sw21-rs-angulo-f903e4e747fd79402917068152365641-1024-1024.webp?v=1773326872,g,,,active
reloj-smart-watch-noga-bluetooth-ninos,,,,,,,,,negro,,,,,,,,NG-SW21,150.0,shopify,2,deny,manual,56000.00,,true,true,,,,,7798137723475,https://cdn.shopify.com/s/files/1/0796/0703/8180/files/ng-sw21-ng-pack-d7b566e1e852d71a2617068152445211-1024-1024a.webp?v=1773326872,2,"",,,,,,,,,,,,,,,,,,,,,,,,,,,,,,,,,,,,,,,,,,,,,,,,,,,,,,,,,,,,,,,,,,,,,,,,,,,,,,,,,,,,,,,,,,,,,,,,,,,,,,,,,,,,,,,,,,,,,,,,,,,,,,,,,,,,,,,,,,,,,,,,,,,,,,https://cdn.shopify.com/s/files/1/0796/0703/8180/files/ng-sw21-ng-angulo-c2a9837e771664b67417068152178396-1024-1024.webp?v=1773326872,g,,,
reloj-smart-watch-noga-bluetooth-ninos,,,,,,,,,,,,,,,,,,,,,,,,,,,,,,,,https://cdn.shopify.com/s/files/1/0796/0703/8180/files/ng-sw21-rs-angulo-f903e4e747fd79402917068152365641-1024-1024.webp?v=1773326872,3,"",,,,,,,,,,,,,,,,,,,,,,,,,,,,,,,,,,,,,,,,,,,,,,,,,,,,,,,,,,,,,,,,,,,,,,,,,,,,,,,,,,,,,,,,,,,,,,,,,,,,,,,,,,,,,,,,,,,,,,,,,,,,,,,,,,,,,,,,,,,,,,,,,,,,,,,,,,
reloj-smart-watch-noga-bluetooth-carga-magnetica-mallas-extra,Smartwatch Noga NG-SW11 Bluetooth con Carga Magnética + 2 Mallas Extra,"<h3>Smartwatch Noga NG-SW11 - Estilo Personalizable con Mallas Intercambiables</h3>

<p>Descubrí el <strong>Smartwatch Noga NG-SW11</strong>, el reloj inteligente que se adapta a tu estilo. Incluye <strong>3 mallas intercambiables de tela</strong> para que combines según tu outfit o actividad del día.</p>

<h4>Características Principales:</h4>
<ul>
<li>
<strong>3 Mallas de Tela Incluidas:</strong> Cambiá de estilo en segundos con las mallas intercambiables</li>
<li>
<strong>Carga Magnética:</strong> Sistema de carga por imán, rápido y conveniente</li>
<li>
<strong>Conectividad Bluetooth:</strong> Sincronización estable con tu smartphone</li>
<li>
<strong>Mallas de Tela Cómodas:</strong> Material suave y transpirable para uso prolongado</li>
<li>
<strong>Marca Confiable:</strong> Calidad garantizada por NOGA</li>
<li>
<strong>Modelo NG-SW11:</strong> Diseño versátil y funcional</li>
</ul>

<h4>¿Por Qué Elegir Este Smartwatch?</h4>
<p>Imaginate tener un reloj diferente cada día sin comprar múltiples dispositivos. El NG-SW11 te ofrece versatilidad total con sus mallas intercambiables, permitiendo que tu smartwatch se adapte a cualquier ocasión: trabajo, gym, salidas casuales o eventos especiales.</p>

<p><strong>Incluye:</strong></p>
<ul>
<li>1 Smartwatch Noga NG-SW11</li>
<li>3 Mallas de tela intercambiables en diferentes colores</li>
<li>Cable de carga magnética</li>
</ul>

<p><strong>Ideal para:</strong> Uso diario, actividad física, seguimiento de salud y quienes buscan personalizar su estilo.</p>

<p><em>Nota: Seleccioná la combinación de colores de bisel y mallas en las opciones de variantes.</em></p>",NOGA,Apparel & Accessories > Jewelry > Smart Watches,Smartwatch,"bluetooth, mallas-intercambiables, mayorista, noga, reloj-inteligente, smartwatch",true,Color del dial,plateado,product.metafields.shopify.dial-color,,,,,,,NG-SW11 NVRN-1,150.0,shopify,1,deny,manual,49000.00,,true,true,,,,,7798137722645,https://cdn.shopify.com/s/files/1/0796/0703/8180/files/WhatsAppImage2026-03-12at11.58.38_2.jpg?v=1773327554,1,"",false,Smartwatch Noga NG-SW11 Bluetooth + 3 Mallas | Carga Magnética,"Smartwatch Noga NG-SW11 con Bluetooth, carga magnética y 3 mallas intercambiables de tela. Personalizá tu estilo cada día. Calidad NOGA. ¡Comprá ahora!",,,,,,,,,,,,,,,adultos,,,,,,,,rosa; negro; blanco,,,,,,,,,,,,,,,,,,,,,,,,,,,,bluetooth,,,,,,,,plateado; negro,,,,,,,,,,,,,,,,,,,,,,,,,,,,,,,,,,,,,,,,,,,,,,,,,,,,,,,,,,,,,esferas-de-reloj-personalizables; monitor-de-ritmo-cardiaco; contador-de-pasos,,,,,,,,,,unisex,,,,,,,,,,,,,digital,,,,https://cdn.shopify.com/s/files/1/0796/0703/8180/files/smartwatch-reloj-inteligente-noga-ng-sw11s-resistente-al-agua-silicona.jpg?v=1773327554,g,,,active
reloj-smart-watch-noga-bluetooth-carga-magnetica-mallas-extra,,,,,,,,,negro,,,,,,,,NG-SW11 NVRN-2,150.0,shopify,2,deny,manual,49000.00,,true,true,,,,,7798137722652,https://cdn.shopify.com/s/files/1/0796/0703/8180/files/WhatsAppImage2026-03-12at11.58.38_1.jpg?v=1773327554,2,"",,,,,,,,,,,,,,,,,,,,,,,,,,,,,,,,,,,,,,,,,,,,,,,,,,,,,,,,,,,,,,,,,,,,,,,,,,,,,,,,,,,,,,,,,,,,,,,,,,,,,,,,,,,,,,,,,,,,,,,,,,,,,,,,,,,,,,,,,,,,,,,,,,,,,,https://cdn.shopify.com/s/files/1/0796/0703/8180/files/WhatsAppImage2026-03-12at11.58.38_2.jpg?v=1773327554,g,,,
reloj-smart-watch-noga-bluetooth-carga-magnetica-mallas-extra,,,,,,,,,,,,,,,,,,,,,,,,,,,,,,,,https://cdn.shopify.com/s/files/1/0796/0703/8180/files/WhatsAppImage2026-03-12at11.58.38.jpg?v=1773327554,3,"",,,,,,,,,,,,,,,,,,,,,,,,,,,,,,,,,,,,,,,,,,,,,,,,,,,,,,,,,,,,,,,,,,,,,,,,,,,,,,,,,,,,,,,,,,,,,,,,,,,,,,,,,,,,,,,,,,,,,,,,,,,,,,,,,,,,,,,,,,,,,,,,,,,,,,,,,,
reloj-smart-watch-noga-bluetooth-carga-magnetica-mallas-extra,,,,,,,,,,,,,,,,,,,,,,,,,,,,,,,,https://cdn.shopify.com/s/files/1/0796/0703/8180/files/WhatsAppImage2026-03-12at11.58.37_1.jpg?v=1773327554,4,"",,,,,,,,,,,,,,,,,,,,,,,,,,,,,,,,,,,,,,,,,,,,,,,,,,,,,,,,,,,,,,,,,,,,,,,,,,,,,,,,,,,,,,,,,,,,,,,,,,,,,,,,,,,,,,,,,,,,,,,,,,,,,,,,,,,,,,,,,,,,,,,,,,,,,,,,,,
reloj-smart-watch-noga-bluetooth-carga-magnetica-mallas-extra,,,,,,,,,,,,,,,,,,,,,,,,,,,,,,,,https://cdn.shopify.com/s/files/1/0796/0703/8180/files/WhatsAppImage2026-03-12at11.58.37.jpg?v=1773327554,5,"",,,,,,,,,,,,,,,,,,,,,,,,,,,,,,,,,,,,,,,,,,,,,,,,,,,,,,,,,,,,,,,,,,,,,,,,,,,,,,,,,,,,,,,,,,,,,,,,,,,,,,,,,,,,,,,,,,,,,,,,,,,,,,,,,,,,,,,,,,,,,,,,,,,,,,,,,,
reloj-smart-watch-noga-bluetooth-carga-magnetica-mallas-extra,,,,,,,,,,,,,,,,,,,,,,,,,,,,,,,,https://cdn.shopify.com/s/files/1/0796/0703/8180/files/smartwatch-reloj-inteligente-noga-ng-sw11s-resistente-al-agua-silicona.jpg?v=1773327554,6,"",,,,,,,,,,,,,,,,,,,,,,,,,,,,,,,,,,,,,,,,,,,,,,,,,,,,,,,,,,,,,,,,,,,,,,,,,,,,,,,,,,,,,,,,,,,,,,,,,,,,,,,,,,,,,,,,,,,,,,,,,,,,,,,,,,,,,,,,,,,,,,,,,,,,,,,,,,
raqueta-mata-insectos-recargable,Raqueta Mata Insectos Eléctrica Recargable,"<h3>Raqueta Mata Insectos Eléctrica Recargable - Protección Efectiva y Ecológica</h3>

<p>Eliminá mosquitos, moscas y otros insectos voladores de forma rápida y efectiva con esta <strong>raqueta eléctrica recargable</strong>. Sin químicos, sin olores, solo una solución práctica y segura para tu hogar.</p>

<h4>Características Principales:</h4>
<ul>
<li>
<strong>Recargable:</strong> Batería interna que se carga por USB, sin necesidad de pilas desechables</li>
<li>
<strong>Efectividad Instantánea:</strong> Descarga eléctrica que elimina insectos al contacto</li>
<li>
<strong>Ecológica:</strong> Sin químicos tóxicos ni aerosoles, segura para toda la familia</li>
<li>
<strong>Diseño Ergonómico:</strong> Mango cómodo para uso prolongado</li>
<li>
<strong>Uso Interior y Exterior:</strong> Ideal para casa, jardín, camping o asados</li>
<li>
<strong>Modelo QR-91028:</strong> Calidad y durabilidad garantizada</li>
</ul>

<h4>¿Por Qué Elegir Esta Raqueta Eléctrica?</h4>
<p>Imaginate disfrutar de tus tardes al aire libre sin la molestia de mosquitos y moscas. Con esta raqueta recargable, tenés el control total: sin esperar que actúen los repelentes, sin manchas de insecticida en las paredes. Solo un movimiento rápido y problema resuelto.</p>

<p><strong>Ventajas:</strong></p>
<ul>
<li>Ahorro a largo plazo (no necesitás comprar pilas ni aerosoles constantemente)</li>
<li>Segura para niños y mascotas (sin químicos en el ambiente)</li>
<li>Fácil de limpiar y mantener</li>
<li>Portátil y liviana</li>
</ul>

<p><strong>Ideal para:</strong> Hogares, jardines, terrazas, camping, pesca, asados y cualquier actividad al aire libre.</p>

<p><em>Nota: Seleccioná el color de tu preferencia en las opciones de variantes.</em></p>",SIN MARCA,Home & Garden > Household Supplies > Pest Control > Fly Swatters,Control de Plagas,"control-plagas, mata-insectos, mayorista, raqueta-electrica, recargable, sin-quimicos",true,Color,azul,product.metafields.shopify.color-pattern,,,,,,,QR-91028,150.0,shopify,0,deny,manual,8085.00,,true,true,,,,,"",https://cdn.shopify.com/s/files/1/0796/0703/8180/files/D_NQ_NP_785661-MLA89001544152_082025-O.webp?v=1773328207,1,"",false,Raqueta Mata Insectos Eléctrica Recargable | Sin Químicos,"Raqueta mata insectos eléctrica recargable QR-91028. Elimina mosquitos y moscas sin químicos. Ecológica, efectiva y segura. Disponible en varios colores. ¡Comprá!",,,,,,,,,,,,,,,,,,,,,,,,,,,,,,,,,,,,,,,,,,,azul; blanco,,,,,,,,,,,,,,,,,,,,,,,,,,,,,,,,,,,,,,,,,,,,,,,,,,,,,,,,,,,,,,,,,recargable; usb,,,,,,,,,,,,,,,,,,,,,,,,,,,,,,,,,,,,,,,https://cdn.shopify.com/s/files/1/0796/0703/8180/files/D_NQ_NP_785661-MLA89001544152_082025-O.webp?v=1773328207,g,,,active
raqueta-mata-insectos-recargable,,,,,,,,,blanco,,,,,,,,QR-91029,150.0,shopify,2,deny,manual,8085.00,,true,true,,,,,"",https://cdn.shopify.com/s/files/1/0796/0703/8180/files/D_NQ_NP_861962-MLA82093608280_022025-O.webp?v=1773328207,2,"",,,,,,,,,,,,,,,,,,,,,,,,,,,,,,,,,,,,,,,,,,,,,,,,,,,,,,,,,,,,,,,,,,,,,,,,,,,,,,,,,,,,,,,,,,,,,,,,,,,,,,,,,,,,,,,,,,,,,,,,,,,,,,,,,,,,,,,,,,,,,,,,,,,,,,https://cdn.shopify.com/s/files/1/0796/0703/8180/files/D_NQ_NP_785661-MLA89001544152_082025-O.webp?v=1773328207,g,,,
radio-portatil-daihatsu-recargable-linterna-am-fm-usb,Radio Portátil Daihatsu D-RP50USB Recargable AM/FM con Linterna,"<h3>Radio Portátil Daihatsu D-RP50USB - Tu Compañera de Aventuras</h3>

<p>Descubrí la <strong>Radio Portátil Daihatsu D-RP50USB</strong>, el dispositivo multifunción perfecto para mantenerte informado y entretenido en cualquier lugar. Con linterna integrada y batería recargable, es ideal para emergencias, camping o uso diario.</p>

<h4>Características Principales:</h4>
<ul>
<li>
<strong>Bandas AM/FM:</strong> Sintonizá tus estaciones de radio favoritas con excelente recepción</li>
<li>
<strong>Recargable por USB:</strong> Batería interna que se carga fácilmente, incluye cable USB</li>
<li>
<strong>Linterna Integrada:</strong> Iluminación LED para emergencias o uso nocturno</li>
<li>
<strong>Diseño Compacto:</strong> Medidas 11cm x 19cm, fácil de transportar</li>
<li>
<strong>Portátil y Liviana:</strong> Llevála a donde quieras sin ocupar espacio</li>
<li>
<strong>Marca Confiable:</strong> Calidad Daihatsu garantizada</li>
<li>
<strong>Modelo D-RP50USB:</strong> Tecnología y funcionalidad en un solo dispositivo</li>
</ul>

<h4>¿Por Qué Elegir Esta Radio Portátil?</h4>
<p>Imaginate estar en un camping, en la playa o simplemente en casa durante un corte de luz. Con la Daihatsu D-RP50USB tenés entretenimiento, información y luz en un solo dispositivo. No dependés de pilas desechables ni de conexiones eléctricas: cargá por USB desde cualquier fuente y estás listo.</p>

<p><strong>Incluye:</strong></p>
<ul>
<li>Radio portátil Daihatsu D-RP50USB</li>
<li>Cable de carga USB</li>
</ul>

<p><strong>Ideal para:</strong> Camping, pesca, emergencias, uso doméstico, viajes, actividades al aire libre y como radio de respaldo.</p>",DAIHATSU,Electronics > Audio > Audio Players & Recorders > Radios > AM/FM Radios,Radio Portátil,"am-fm, daihatsu, linterna, mayorista, radio-portatil, recargable",true,Title,Default Title,,,,,,,,D-RP50USB,470.0,shopify,0,deny,manual,26482.00,,true,true,,,,,7798019951675,https://cdn.shopify.com/s/files/1/0796/0703/8180/files/d-rp50usb-b676e205dd3731771c17569897666993-1024-1024.webp?v=1773328382,1,"",false,Radio Portátil Daihatsu D-RP50USB AM/FM Recargable + Linterna,"Radio portátil Daihatsu D-RP50USB recargable por USB con linterna LED. Bandas AM/FM, compacta 11x19cm. Ideal para camping, emergencias y uso diario. ¡Comprá!",,,,,,,,,,,,,,,,,,,,,,,,,,,,,,,,,,,,,,,,,,,negro,,,,,,,usb,usb,,,,,,,,,,,,,,,,,,am; fm,,,,,,,,,,,,,,,,,,,,,,,,,,,,,,,,,,,,,,,recargable; usb,,,,,,,,,,,,,,,,,,,,,,,,,am-fm,,,,,,,,,,,,,,,g,,,active
radio-portatil-daihatsu-recargable-linterna-am-fm-usb,,,,,,,,,,,,,,,,,,,,,,,,,,,,,,,,https://cdn.shopify.com/s/files/1/0796/0703/8180/files/30212_1.jpg?v=1773328431,2,"",,,,,,,,,,,,,,,,,,,,,,,,,,,,,,,,,,,,,,,,,,,,,,,,,,,,,,,,,,,,,,,,,,,,,,,,,,,,,,,,,,,,,,,,,,,,,,,,,,,,,,,,,,,,,,,,,,,,,,,,,,,,,,,,,,,,,,,,,,,,,,,,,,,,,,,,,,
radio-bolsillo-daihatsu-pocket-am-fm-compacta,Radio de Bolsillo Daihatsu D-RK4 Pocket AM/FM Ultra Compacta,"<h3>Radio de Bolsillo Daihatsu D-RK4 - Entretenimiento en tu Bolsillo</h3>

<p>Conocé la <strong>Radio de Bolsillo Daihatsu D-RK4</strong>, la solución perfecta para quienes buscan entretenimiento portátil sin sacrificar calidad. Con su diseño ultra compacto de solo 6cm x 10cm, cabe en cualquier bolsillo o cartera.</p>

<h4>Características Principales:</h4>
<ul>
<li>
<strong>Ultra Compacta:</strong> Medidas 6cm x 10cm, la radio más portátil del mercado</li>
<li>
<strong>Bandas AM/FM:</strong> Sintonizá tus estaciones favoritas con excelente recepción</li>
<li>
<strong>Diseño Pocket:</strong> Cabe literalmente en tu bolsillo</li>
<li>
<strong>Liviana:</strong> Llevála a todos lados sin sentir el peso</li>
<li>
<strong>Auriculares Incluidos:</strong> Escuchá tu música y programas favoritos en privado</li>
<li>
<strong>Marca Confiable:</strong> Calidad Daihatsu garantizada</li>
<li>
<strong>Modelo D-RK4:</strong> Tecnología compacta y funcional</li>
</ul>

<h4>¿Por Qué Elegir Esta Radio de Bolsillo?</h4>
<p>Imaginate estar en el transporte público, haciendo ejercicio en el parque o esperando en cualquier lugar. Con la Daihatsu D-RK4 Pocket tenés entretenimiento instantáneo sin depender de internet, datos móviles o baterías que se agotan rápido. Es la compañera perfecta para quienes valoran la simplicidad y la portabilidad.</p>

<p><strong>Ventajas:</strong></p>
<ul>
<li>No consume datos móviles</li>
<li>Batería de larga duración</li>
<li>Fácil de usar, sin configuraciones complicadas</li>
<li>Perfecta para emergencias (información en tiempo real)</li>
</ul>

<p><strong>Ideal para:</strong> Viajes, transporte público, caminatas, gimnasio, trabajo, uso diario y como radio de emergencia.</p>",DAIHATSU,Electronics > Audio > Audio Players & Recorders > Radios > AM/FM Radios,Radio Portátil,"am-fm, compacta, daihatsu, mayorista, portatil, radio-bolsillo",true,Title,Default Title,,,,,,,,D-RK4,80.0,shopify,1,deny,manual,18176.00,,true,true,,,,,7798019950647,https://cdn.shopify.com/s/files/1/0796/0703/8180/files/d-rk4-31755df2574814d81317719400342584-640-0.webp?v=1773328764,1,"",false,Radio de Bolsillo Daihatsu D-RK4 AM/FM | Ultra Compacta 6x10cm,Radio de bolsillo Daihatsu D-RK4 ultra compacta 6x10cm. AM/FM portátil con auriculares. Perfecta para viajes y uso diario. Calidad Daihatsu. ¡Comprá ahora!,,,,,,,,,,,,,,,,,,,,,,,,,,,,,,,,,,,,,,,,,,,negro,,,,,,,auxiliar,cableado,,,,,,,,,,,,,,,,,,am; fm,,,,,,,,,,,,,,,,,,,,,,,,,,,,,,,,,,,,,,,funciona-con-baterias,,,,,,,,,,,,,,,,,,,,,,,,,am-fm,,,,,,,,,,,,,,,g,,,active
radio-bolsillo-daihatsu-pocket-am-fm-compacta,,,,,,,,,,,,,,,,,,,,,,,,,,,,,,,,https://cdn.shopify.com/s/files/1/0796/0703/8180/files/Radio-Portatil-Daihatsu-Pocket-D-RK4-AMFM-Negro-3.webp?v=1773328764,2,"",,,,,,,,,,,,,,,,,,,,,,,,,,,,,,,,,,,,,,,,,,,,,,,,,,,,,,,,,,,,,,,,,,,,,,,,,,,,,,,,,,,,,,,,,,,,,,,,,,,,,,,,,,,,,,,,,,,,,,,,,,,,,,,,,,,,,,,,,,,,,,,,,,,,,,,,,,
radio-bolsillo-daihatsu-d-rk2-pocket-am-fm,Radio de Bolsillo Daihatsu D-RK2 Pocket AM/FM Compacta,"<h3>Radio de Bolsillo Daihatsu D-RK2 - Portabilidad y Calidad de Audio</h3>

<p>Descubrí la <strong>Radio de Bolsillo Daihatsu D-RK2</strong>, el equilibrio perfecto entre portabilidad y calidad de sonido. Con sus medidas de 13cm x 8cm, es lo suficientemente compacta para llevar a todos lados y lo suficientemente grande para ofrecer un audio claro y potente.</p>

<h4>Características Principales:</h4>
<ul>
<li>
<strong>Tamaño Compacto:</strong> Medidas 13cm x 8cm, fácil de transportar</li>
<li>
<strong>Bandas AM/FM:</strong> Sintonizá tus estaciones favoritas con excelente recepción</li>
<li>
<strong>Audio Mejorado:</strong> Parlante de mayor tamaño para mejor calidad de sonido</li>
<li>
<strong>Diseño Pocket:</strong> Cabe en bolsos, mochilas y carteras</li>
<li>
<strong>Auriculares Incluidos:</strong> Escuchá en privado o usá el parlante integrado</li>
<li>
<strong>Marca Confiable:</strong> Calidad Daihatsu garantizada</li>
<li>
<strong>Modelo D-RK2:</strong> Diseño ergonómico y funcional</li>
</ul>

<h4>¿Por Qué Elegir Esta Radio de Bolsillo?</h4>
<p>Imaginate tener la libertad de escuchar tus programas favoritos sin depender de internet o datos móviles. La Daihatsu D-RK2 te ofrece entretenimiento instantáneo con mejor calidad de audio que las radios más pequeñas, manteniendo un tamaño portátil ideal para el día a día.</p>

<p><strong>Ventajas:</strong></p>
<ul>
<li>Mejor calidad de audio que modelos más pequeños</li>
<li>No consume datos móviles ni requiere conexión a internet</li>
<li>Batería de larga duración</li>
<li>Doble opción: auriculares o parlante</li>
<li>Perfecta para emergencias (información en tiempo real)</li>
</ul>

<p><strong>Ideal para:</strong> Viajes, transporte público, playa, parque, gimnasio, trabajo, uso diario y como radio de emergencia.</p>",DAIHATSU,Electronics > Audio > Audio Players & Recorders > Radios > AM/FM Radios,Radio Portátil,"am-fm, compacta, daihatsu, mayorista, portatil, radio-bolsillo",true,Title,Default Title,,,,,,,,D-RK2,120.0,shopify,1,deny,manual,21399.40,,true,true,,,,,7798019955291,https://cdn.shopify.com/s/files/1/0796/0703/8180/files/WhatsAppImage2026-03-12at12.25.13.jpg?v=1773329201,1,"",false,Radio de Bolsillo Daihatsu D-RK2 AM/FM | Compacta 13x8cm,Radio de bolsillo Daihatsu D-RK2 compacta 13x8cm. AM/FM portátil con auriculares y parlante. Calidad de audio superior. Marca Daihatsu. ¡Comprá ahora!,,,,,,,,,,,,,,,,,,,,,,,,,,,,,,,,,,,,,,,,,,,negro,,,,,,,auxiliar,cableado,,,,,,,,,,,,,,,,,,am; fm,,,,,,,,,,,,,,,,,,,,,,,,,,,,,,,,,,,,,,,funciona-con-baterias,,,,,,,,,,,,,,,,,,,,,,,,,am-fm,,,,,,,,,,,,,,,g,,,active
radio-bolsillo-daihatsu-d-rk2-pocket-am-fm,,,,,,,,,,,,,,,,,,,,,,,,,,,,,,,,https://cdn.shopify.com/s/files/1/0796/0703/8180/files/WhatsAppImage2026-03-12at12.24.57.jpg?v=1773329201,2,"",,,,,,,,,,,,,,,,,,,,,,,,,,,,,,,,,,,,,,,,,,,,,,,,,,,,,,,,,,,,,,,,,,,,,,,,,,,,,,,,,,,,,,,,,,,,,,,,,,,,,,,,,,,,,,,,,,,,,,,,,,,,,,,,,,,,,,,,,,,,,,,,,,,,,,,,,,
placa-expansion-pci-e-2-puertos-usb-3-0,Placa de Expansión PCI-E con 2 Puertos USB 3.0 KW-PE404,"<h3>Placa de Expansión PCI-E USB 3.0 KW-PE404 - Ampliá la Conectividad de tu PC</h3>

<p>Expandi las capacidades de tu computadora con la <strong>Placa de Expansión PCI-E KW-PE404</strong>. Agregá 2 puertos USB 3.0 de alta velocidad a tu PC de escritorio y disfrutá de transferencias ultra rápidas y mayor conectividad.</p>

<h4>Características Principales:</h4>
<ul>
<li>
<strong>2 Puertos USB 3.0:</strong> Velocidades de transferencia de hasta 5 Gbps (10 veces más rápido que USB 2.0)</li>
<li>
<strong>Interfaz PCI-E:</strong> Compatible con ranuras PCI Express x1, x4, x8 y x16</li>
<li>
<strong>Plug and Play:</strong> Instalación sencilla, reconocimiento automático en Windows</li>
<li>
<strong>Retrocompatible:</strong> Funciona con dispositivos USB 2.0 y USB 1.1</li>
<li>
<strong>Diseño Compacto:</strong> Perfil estándar que se adapta a la mayoría de gabinetes</li>
<li>
<strong>Modelo KW-PE404:</strong> Calidad y confiabilidad garantizada</li>
</ul>

<h4>¿Por Qué Necesitás Esta Placa de Expansión?</h4>
<p>Si tu PC se quedó sin puertos USB o solo tenés USB 2.0, esta placa es la solución perfecta. Imaginate transferir archivos pesados, videos 4K o backups completos en una fracción del tiempo. Con USB 3.0, lo que antes tardaba minutos ahora tarda segundos.</p>

<p><strong>Ventajas de USB 3.0:</strong></p>
<ul>
<li>Transferencias hasta 10 veces más rápidas que USB 2.0</li>
<li>Ideal para discos externos, pendrives de alta capacidad y cámaras</li>
<li>Mayor eficiencia energética</li>
<li>Carga más rápida de dispositivos móviles</li>
</ul>

<p><strong>Compatibilidad:</strong></p>
<ul>
<li>Windows 10, 8, 7, Vista, XP</li>
<li>Requiere ranura PCI-E disponible en la motherboard</li>
</ul>

<p><strong>Ideal para:</strong> Actualización de PCs antiguas, estaciones de trabajo, gaming, edición de video y cualquier usuario que necesite más puertos USB de alta velocidad.</p>",NOGA,Electronics > Electronics Accessories > Computer Components > I/O Cards & Adapters > Computer Interface Cards & Adapters,Componente de PC,"componente-pc, conectividad, expansion, mayorista, placa-pci-e, usb-3-0",true,Title,Default Title,,,,,,,,KW-PE404,30.0,shopify,3,deny,manual,6336.50,,true,true,,,,,7798137702210,https://cdn.shopify.com/s/files/1/0796/0703/8180/files/placa-pci-e-a-2-puertos-usb-30-high-noga-kw-pe404.jpg?v=1773330276,1,"",false,Placa PCI-E 2 Puertos USB 3.0 KW-PE404 | Expansión PC,"Placa de expansión PCI-E con 2 puertos USB 3.0. Velocidad 5 Gbps, plug and play, compatible con Windows. Ampliá la conectividad de tu PC. ¡Comprá ahora!",,,,,,,,,,,,,,,,,,,,,,,,,,,,,,,,,,,,,,,,interno,,,verde,,,,,,,,,,,,,,pcie; usb,,,,,,,,,,,,,,,,,,,,,,,,,,,,,,,,,,,,,,,,,,,,,,,,,,,,,,,,,,,,,,,,,,,,,,,,,,,,,,,,,,,,,,,,,,,g,,,active
placa-expansion-pci-e-2-puertos-usb-3-0,,,,,,,,,,,,,,,,,,,,,,,,,,,,,,,,https://cdn.shopify.com/s/files/1/0796/0703/8180/files/WhatsApp_Image_2026-03-12_at_12.48.06.jpg?v=1773330507,2,"",,,,,,,,,,,,,,,,,,,,,,,,,,,,,,,,,,,,,,,,,,,,,,,,,,,,,,,,,,,,,,,,,,,,,,,,,,,,,,,,,,,,,,,,,,,,,,,,,,,,,,,,,,,,,,,,,,,,,,,,,,,,,,,,,,,,,,,,,,,,,,,,,,,,,,,,,,
placa-sonido-usb-7-1-canales-time,Placa de Sonido USB 7.1 Canales Time - Audio Envolvente,"<h3>Placa de Sonido USB 7.1 Time - Audio Profesional para tu PC</h3>

<p>Transformá la experiencia de audio de tu computadora con la <strong>Placa de Sonido USB 7.1 Time</strong>. Disfrutá de sonido envolvente de alta calidad, ideal para gaming, películas, música y videoconferencias.</p>

<h4>Características Principales:</h4>
<ul>
<li>
<strong>Audio 7.1 Canales:</strong> Sonido envolvente virtual para una experiencia inmersiva</li>
<li>
<strong>Conexión USB:</strong> Plug and play, sin necesidad de abrir tu PC</li>
<li>
<strong>Compatible Universal:</strong> Funciona con Windows, Mac y Linux</li>
<li>
<strong>Salida de Auriculares y Micrófono:</strong> Conectores jack 3.5mm estándar</li>
<li>
<strong>Control de Volumen Integrado:</strong> Ajustá el volumen fácilmente</li>
<li>
<strong>Diseño Compacto:</strong> Portátil y fácil de transportar</li>
<li>
<strong>Marca Time:</strong> Modelo TMPAS 8410</li>
</ul>

<h4>¿Por Qué Necesitás Esta Placa de Sonido?</h4>
<p>Si tu PC tiene problemas de audio, la placa de sonido integrada no funciona bien, o simplemente querés mejorar la calidad del sonido, esta placa USB es la solución perfecta. Imaginate escuchar cada detalle en tus juegos favoritos, sentir la profundidad del audio en películas o tener videoconferencias con audio cristalino.</p>

<p><strong>Ventajas:</strong></p>
<ul>
<li>Mejora instantánea de la calidad de audio</li>
<li>Solución rápida para placas de sonido dañadas</li>
<li>No requiere instalación de hardware interno</li>
<li>Ideal para notebooks sin entrada de micrófono separada</li>
<li>Reduce interferencias eléctricas del interior de la PC</li>
</ul>

<p><strong>Usos Ideales:</strong></p>
<ul>
<li>Gaming: escuchá a tus enemigos con precisión posicional</li>
<li>Películas: disfrutá de audio envolvente como en el cine</li>
<li>Música: apreciación de audio de alta fidelidad</li>
<li>Videoconferencias: audio claro para reuniones y clases online</li>
<li>Streaming: calidad profesional para tus transmisiones</li>
</ul>

<p><strong>Compatibilidad:</strong> Windows 10/8/7/Vista/XP, Mac OS, Linux (plug and play)</p>",TIME,Electronics > Electronics Accessories > Computer Components > I/O Cards & Adapters > Audio Cards & Adapters,Componente de PC,"audio-7-1, gaming, mayorista, placa-sonido, time, usb",true,Title,Default Title,,,,,,,,TMPAS 8410,25.0,shopify,15,deny,manual,2205.00,,true,true,,,,,723540565531,https://cdn.shopify.com/s/files/1/0796/0703/8180/files/D_NQ_NP_678864-MLA88991689139_072025-O_2cf07037-9d40-4248-9ed4-2252a9e90b5d.webp?v=1773331209,1,"",false,Placa de Sonido USB 7.1 Time | Audio Envolvente PC,"Placa de sonido USB 7.1 canales Time. Audio envolvente, plug and play, compatible con Windows/Mac/Linux. Ideal para gaming, películas y música. ¡Comprá!",,,,,,,,,,,,,,,,,,7-1,,,,,,,,,,,,,,,,,,,,,,externo,,,negro,,,,,,,,,,,,,,usb; 3-5-mm,,,,,,,,,,,,,,,,,,,,,,,,,,,,,,,,,,,,,,,,,,,,,,,,,,,,,,,,,,,,,,,,,,,,,,,,,,,,,,,,,,,,,,,,,,,g,,,active
placa-sonido-usb-7-1-canales-time,,,,,,,,,,,,,,,,,,,,,,,,,,,,,,,,https://cdn.shopify.com/s/files/1/0796/0703/8180/files/dt62bo-placasonidotime_d87b8975-bcf4-448d-a012-7b294decaafe.jpg?v=1773331210,2,"",,,,,,,,,,,,,,,,,,,,,,,,,,,,,,,,,,,,,,,,,,,,,,,,,,,,,,,,,,,,,,,,,,,,,,,,,,,,,,,,,,,,,,,,,,,,,,,,,,,,,,,,,,,,,,,,,,,,,,,,,,,,,,,,,,,,,,,,,,,,,,,,,,,,,,,,,,
pizarra-magica-lcd-8-5-pulgadas-ninos,"Pizarra Mágica LCD 8.5"" para Niños - Tableta de Escritura Digital","<h3>Pizarra Mágica LCD 8.5"" - Diversión y Aprendizaje Sin Límites</h3>
<p>Descubrí la <strong>Pizarra Mágica LCD de 8.5 pulgadas</strong>, la tableta de escritura digital perfecta para niños y adultos. Escribí, dibújá y borrá instantáneamente miles de veces sin gastar papel.</p>
<h4>Características Principales:</h4>
<ul>
<li>
<strong>Pantalla LCD 8.5"":</strong> Tamaño ideal de 23cm x 15cm para dibujar cómodamente</li>
<li>
<strong>Borrado Instantáneo:</strong> Un botón borra todo al instante</li>
<li>
<strong>Ecológica:</strong> Reemplaza miles de hojas de papel, cuida el medio ambiente</li>
<li>
<strong>Batería de Larga Duración:</strong> Hasta 100,000 borrados con una sola pila</li>
<li>
<strong>Diseño Atractivo:</strong> Viene con diseños coloridos que encantan a los niños</li>
<li>
<strong>Liviana y Portátil:</strong> Llevála a cualquier lado</li>
<li>
<strong>Sin Luz Azul:</strong> Protege la vista de los niños, sin emisión de luz</li>
</ul>
<h4>¿Por Qué Elegir Esta Pizarra Mágica?</h4>
<p>Imaginate a tus hijos dibujando, practicando letras y números, o jugando sin ensuciar paredes ni gastar cientos de hojas de papel. La pizarra LCD es la solución perfecta para mantenerlos entretenidos de forma creativa y educativa, en casa, en el auto o en cualquier lugar.</p>
<p><strong>Beneficios:</strong></p>
<ul>
<li>Estimula la creatividad y el aprendizaje</li>
<li>Ahorro económico: no necesitás comprar papel constantemente</li>
<li>Ecológica: reduce el consumo de papel</li>
<li>Silenciosa: perfecta para viajes largos</li>
<li>Segura: sin bordes filosos, resistente a caídas</li>
</ul>
<p><strong>Usos Ideales:</strong></p>
<ul>
<li>Dibujo y arte para niños</li>
<li>Práctica de escritura y matemáticas</li>
<li>Notas rápidas y listas de tareas</li>
<li>Juegos de dibujo en familia</li>
<li>Entretenimiento en viajes</li>
<li>Comunicación visual (mensajes, recordatorios)</li>
</ul>
<p><strong>Incluye:</strong> Pizarra LCD 8.5"", lápiz óptico, batería incluida</p>
<p><strong>Edad recomendada:</strong> A partir de 3 años</p>",SIN MARCA,Toys & Games > Toys > Art & Drawing Toys > Toy Drawing Tablets,Juguete Educativo,"ecologico, educativo, mayorista, ninos, pizarra-lcd, tableta-escritura",true,Title,Default Title,,,,,,,,,105.0,shopify,2,deny,manual,2646.00,,true,true,,,,,,https://cdn.shopify.com/s/files/1/0796/0703/8180/files/WhatsAppImage2026-03-12at13.11.50_1.jpg?v=1773335409,1,"",false,"Pizarra Mágica LCD 8.5"" para Niños | Tableta de Escritura","Pizarra mágica LCD 8.5"" para niños. Tableta de escritura digital ecológica, borrado instantáneo, sin luz azul. Ideal para dibujar y aprender. ¡Comprá!",,,,,,,,,,,,,,,,,,,,,,,,,,,,,,,,,,,,,,,,,,,celeste; negro; geometrico,,,,,,,,,,,,,,,,,,,,,,,,,,,,,,,,,,,,,,,,,,,,,,,,,,,,,,,,,,,,,,,,,,,,3-anos-o-mas,,,,,,,,,,,,,,,,,,,,,plastico,,,,,,,,,,,,,,,,g,,,active
pizarra-magica-lcd-8-5-pulgadas-ninos,,,,,,,,,,,,,,,,,,,,,,,,,,,,,,,,https://cdn.shopify.com/s/files/1/0796/0703/8180/files/WhatsAppImage2026-03-12at13.11.50.jpg?v=1773335429,2,"",,,,,,,,,,,,,,,,,,,,,,,,,,,,,,,,,,,,,,,,,,,,,,,,,,,,,,,,,,,,,,,,,,,,,,,,,,,,,,,,,,,,,,,,,,,,,,,,,,,,,,,,,,,,,,,,,,,,,,,,,,,,,,,,,,,,,,,,,,,,,,,,,,,,,,,,,,
pizarra-magica-lcd-8-5-pulgadas-escritura-digital,"Pizarra Mágica LCD 8.5"" - Tableta de Escritura Digital Ecológica","<h3>Pizarra Mágica LCD 8.5"" - Escribí, Dibujá y Borrá Sin Límites</h3>

<p>Descubrí la <strong>Pizarra Mágica LCD de 8.5 pulgadas</strong>, la tableta de escritura digital versátil para toda la familia. Perfecta para niños, estudiantes, profesionales y cualquiera que necesite tomar notas rápidas o expresar su creatividad.</p>

<h4>Características Principales:</h4>
<ul>
<li>
<strong>Pantalla LCD 8.5"":</strong> Área de escritura de 23cm x 15cm, tamaño ideal</li>
<li>
<strong>Borrado Instantáneo:</strong> Un solo botón borra toda la pantalla al instante</li>
<li>
<strong>Ultra Ecológica:</strong> Reemplaza más de 100,000 hojas de papel</li>
<li>
<strong>Batería de Larga Duración:</strong> Hasta 2 años de uso con una sola pila</li>
<li>
<strong>Trazo Sensible a la Presión:</strong> Líneas más gruesas o finas según la presión</li>
<li>
<strong>Liviana y Resistente:</strong> Diseño duradero de solo 120 gramos</li>
<li>
<strong>Sin Luz Azul:</strong> Cuida la vista, no emite radiación</li>
<li>
<strong>Modelo BB8501:</strong> Calidad garantizada</li>
</ul>

<h4>¿Por Qué Necesitás Esta Pizarra LCD?</h4>
<p>Ya sea que necesites tomar notas rápidas en la oficina, ayudar a tus hijos con la tarea, hacer listas de compras o simplemente dibujar, esta pizarra mágica es la herramienta perfecta. Sin gastar papel, sin ensuciar, sin complicaciones. Escribís, borrás y volvés a empezar instantáneamente.</p>

<p><strong>Beneficios:</strong></p>
<ul>
<li>Ahorro económico: elimina el gasto en papel y lápices</li>
<li>Amigable con el medio ambiente: reduce tu huella de carbono</li>
<li>Silenciosa: perfecta para bibliotecas, oficinas y viajes</li>
<li>Segura para niños: sin bordes filosos, resistente a golpes</li>
<li>Versátil: sirve para todas las edades y usos</li>
</ul>

<p><strong>Usos Múltiples:</strong></p>
<ul>
<li>
<strong>Para Niños:</strong> Dibujo, práctica de escritura, juegos educativos</li>
<li>
<strong>Para Estudiantes:</strong> Notas rápidas, cálculos, borradores</li>
<li>
<strong>Para Profesionales:</strong> Listas de tareas, recordatorios, brainstorming</li>
<li>
<strong>Para el Hogar:</strong> Mensajes familiares, listas de compras, recetas</li>
<li>
<strong>Para Viajes:</strong> Entretenimiento en auto, avión o sala de espera</li>
</ul>

<p><strong>Incluye:</strong> Pizarra LCD 8.5"", lápiz óptico, batería CR2016 incluida</p>

<p><strong>Especificaciones:</strong></p>
<ul>
<li>Tamaño: 23cm x 15cm</li>
<li>Peso: 120 gramos</li>
<li>Duración de batería: hasta 100,000 borrados</li>
</ul>",SIN MARCA,Toys & Games > Toys > Art & Drawing Toys > Toy Drawing Tablets,Juguete Educativo,"digital, ecologico, mayorista, pizarra-lcd, reutilizable, tableta-escritura",true,Title,Default Title,,,,,,,,BB8501,120.0,shopify,3,deny,manual,2646.00,,true,true,,,,,,https://cdn.shopify.com/s/files/1/0796/0703/8180/files/WhatsAppImage2026-03-12at13.11.51.jpg?v=1773335741,1,"",false,"Pizarra Mágica LCD 8.5"" | Tableta Escritura Ecológica","Pizarra mágica LCD 8.5"" ecológica. Tableta de escritura digital, borrado instantáneo, sin luz azul. Para niños, estudiantes y profesionales. ¡Comprá!",,,,,,,,,,,,,,,,,,,,,,,,,,,,,,,,,,,,,,,,,,,celeste; geometrico,,,,,,,,,,,,,,,,,,,,,,,,,,,,,,,,,,,,,,,,,,,,,,,,,,,,,,,,,,,,,,,,,,,,todas-las-edades,,,,,,,,,,,,,,,,,,,,,plastico,,,,,,,,,,,,,,,,g,,,active
pizarra-magica-lcd-8-5-pulgadas-escritura-digital,,,,,,,,,,,,,,,,,,,,,,,,,,,,,,,,https://cdn.shopify.com/s/files/1/0796/0703/8180/files/WhatsAppImage2026-03-12at13.11.51_2.jpg?v=1773335755,2,"",,,,,,,,,,,,,,,,,,,,,,,,,,,,,,,,,,,,,,,,,,,,,,,,,,,,,,,,,,,,,,,,,,,,,,,,,,,,,,,,,,,,,,,,,,,,,,,,,,,,,,,,,,,,,,,,,,,,,,,,,,,,,,,,,,,,,,,,,,,,,,,,,,,,,,,,,,
pizarra-magica-lcd-12-pulgadas-escritura-digital,"Pizarra Mágica LCD 12"" - Tableta de Escritura Digital Tamaño Grande","<h3>Pizarra Mágica LCD 12"" - Más Espacio para tu Creatividad</h3>

<p>Descubrí la <strong>Pizarra Mágica LCD de 12 pulgadas</strong>, la tableta de escritura digital de tamaño grande ideal para quienes necesitan más espacio. Perfecta para dibujos detallados, notas extensas, presentaciones y uso profesional.</p>

<h4>Características Principales:</h4>
<ul>
<li>
<strong>Pantalla LCD 12"" Extra Grande:</strong> Mayor área de trabajo para proyectos más ambiciosos</li>
<li>
<strong>Borrado Instantáneo:</strong> Un solo botón borra toda la pantalla al instante</li>
<li>
<strong>Ultra Ecológica:</strong> Reemplaza más de 100,000 hojas de papel</li>
<li>
<strong>Batería de Larga Duración:</strong> Hasta 2 años de uso con una sola pila</li>
<li>
<strong>Trazo Sensible a la Presión:</strong> Líneas más gruesas o finas según la presión</li>
<li>
<strong>Diseño Resistente:</strong> Construcción duradera para uso intensivo</li>
<li>
<strong>Sin Luz Azul:</strong> Cuida la vista, no emite radiación</li>
</ul>

<h4>¿Por Qué Elegir el Tamaño de 12""?</h4>
<p>El tamaño de 12 pulgadas te ofrece <strong>40% más espacio</strong> que las pizarras de 8.5"", ideal para dibujos más elaborados, esquemas complejos, presentaciones visuales o cuando necesitás escribir más información sin borrar. Es la opción perfecta para artistas, estudiantes universitarios, profesionales y oficinas.</p>

<p><strong>Beneficios:</strong></p>
<ul>
<li>Mayor área de trabajo para proyectos complejos</li>
<li>Ideal para presentaciones y reuniones</li>
<li>Ahorro económico: elimina el gasto en papel y pizarras</li>
<li>Amigable con el medio ambiente: reduce tu huella de carbono</li>
<li>Perfecta para uso profesional y educativo</li>
<li>Versátil: sirve para todas las edades y usos</li>
</ul>

<p><strong>Usos Múltiples:</strong></p>
<ul>
<li>
<strong>Para Artistas:</strong> Bocetos, diseños, ilustraciones con más detalle</li>
<li>
<strong>Para Estudiantes:</strong> Apuntes extensos, diagramas, mapas conceptuales</li>
<li>
<strong>Para Profesionales:</strong> Presentaciones, brainstorming, planificación de proyectos</li>
<li>
<strong>Para Oficinas:</strong> Pizarra de escritorio, mensajes, recordatorios visuales</li>
<li>
<strong>Para Educadores:</strong> Explicaciones visuales, demostraciones</li>
<li>
<strong>Para el Hogar:</strong> Mensajes familiares, listas, organización</li>
</ul>

<p><strong>Incluye:</strong> Pizarra LCD 12"", lápiz óptico, batería CR2016 incluida</p>

<p><strong>Especificaciones:</strong></p>
<ul>
<li>Tamaño de pantalla: 12 pulgadas</li>
<li>Peso: aproximadamente 150 gramos</li>
<li>Duración de batería: hasta 100,000 borrados</li>
<li>Tecnología: LCD sin luz de fondo</li>
</ul>",SIN MARCA,Electronics > Electronics Accessories > Computer Components > Input Devices > Graphics Tablets,Juguete Educativo,"12-pulgadas, ecologico, mayorista, pizarra-lcd, profesional, tableta-escritura",true,Title,Default Title,,,,,,,,,150.0,shopify,2,deny,manual,4410.00,,true,true,,,,,,https://cdn.shopify.com/s/files/1/0796/0703/8180/files/WhatsAppImage2026-03-12at13.11.51_1.jpg?v=1773332232,1,"",false,"Pizarra Mágica LCD 12"" Grande | Tableta Escritura Digital","Pizarra mágica LCD 12"" tamaño grande. Tableta de escritura digital ecológica, 40% más espacio. Ideal para profesionales, artistas y estudiantes. ¡Comprá!",,,,,,,,,,,,,,,,,,,,,,,,,,,,,,,,,,,,,,,,,,,geometrico; negro,,,,,,,,,,,,,,,,,,,,,,,,,,,,,,,,,,,,,,,,,,,,,,,,,,,,,,,,,,,,,,,,,,,,ninos-en-edad-escolar; 6-anos-o-mas; todas-las-edades,,,,,,,,,,,,,,,,,,,,,plastico,,,,,,,,,,,,,,,,g,,,active
pizarra-magica-lcd-12-pulgadas-escritura-digital,,,,,,,,,,,,,,,,,,,,,,,,,,,,,,,,https://cdn.shopify.com/s/files/1/0796/0703/8180/files/WhatsAppImage2026-03-12at13.11.52.jpg?v=1773332232,2,"",,,,,,,,,,,,,,,,,,,,,,,,,,,,,,,,,,,,,,,,,,,,,,,,,,,,,,,,,,,,,,,,,,,,,,,,,,,,,,,,,,,,,,,,,,,,,,,,,,,,,,,,,,,,,,,,,,,,,,,,,,,,,,,,,,,,,,,,,,,,,,,,,,,,,,,,,,
pizarra-led-luminosa-20x30cm-marcadores,Pizarra LED Luminosa 20x30cm con Marcadores - Mensajes que Brillan,"<h3>Pizarra LED Luminosa 20x30cm - Mensajes que Capturan la Atención</h3>

<p>Descubrí la <strong>Pizarra LED Luminosa de 20x30cm</strong>, la forma más llamativa de comunicar mensajes, promociones o decorar tu espacio. Con iluminación LED integrada, tus mensajes brillan y se destacan, perfecta para negocios, bares, eventos o el hogar.</p>

<h4>Características Principales:</h4>
<ul>
<li>
<strong>Iluminación LED Integrada:</strong> Tus mensajes brillan y se ven desde lejos</li>
<li>
<strong>Tamaño 20x30cm:</strong> Dimensiones ideales para mostrador, vidriera o pared</li>
<li>
<strong>Incluye Marcadores:</strong> Marcadores especiales de neón para escribir</li>
<li>
<strong>Superficie Borrable:</strong> Escribí y borrá fácilmente con paño húmedo</li>
<li>
<strong>Múltiples Modos de Luz:</strong> Diferentes efectos luminosos para mayor impacto</li>
<li>
<strong>Alimentación USB o Pilas:</strong> Flexibilidad de uso en cualquier lugar</li>
<li>
<strong>Diseño Atractivo:</strong> Marco elegante que combina con cualquier decoración</li>
<li>
<strong>Modelo LED-83053:</strong> Calidad garantizada</li>
</ul>

<h4>¿Por Qué Elegir una Pizarra LED?</h4>
<p>A diferencia de las pizarras tradicionales, la pizarra LED <strong>llama la atención instantáneamente</strong> gracias a su iluminación. Imaginate tener un cartel luminoso personalizable que podés cambiar todos los días según tus necesidades. Perfecta para destacar promociones, menús del día, mensajes especiales o simplemente decorar con estilo.</p>

<p><strong>Beneficios:</strong></p>
<ul>
<li>Mayor visibilidad: se destaca incluso en ambientes iluminados</li>
<li>Versatilidad: cambiá el mensaje cuantas veces quieras</li>
<li>Ahorro: no necesitás imprimir carteles constantemente</li>
<li>Impacto visual: atrae miradas y aumenta la atención</li>
<li>Fácil de usar: escribí como en cualquier pizarra</li>
</ul>

<p><strong>Usos Ideales:</strong></p>
<ul>
<li>
<strong>Negocios:</strong> Promociones, ofertas del día, horarios especiales</li>
<li>
<strong>Gastronomía:</strong> Menú del día, especiales, bebidas destacadas</li>
<li>
<strong>Bares y Cafés:</strong> Happy hour, eventos, mensajes creativos</li>
<li>
<strong>Eventos:</strong> Señalización, bienvenida, indicaciones</li>
<li>
<strong>Oficinas:</strong> Recordatorios, motivación, anuncios</li>
<li>
<strong>Hogar:</strong> Mensajes familiares, decoración, listas</li>
<li>
<strong>Vidrieras:</strong> Atraer clientes con mensajes luminosos</li>
</ul>

<p><strong>Incluye:</strong></p>
<ul>
<li>Pizarra LED 20x30cm</li>
<li>Marcadores de neón (colores variados)</li>
<li>Cable USB para alimentación</li>
<li>Soporte para colgar o apoyar</li>
</ul>

<p><strong>Especificaciones:</strong></p>
<ul>
<li>Tamaño: 20cm x 30cm</li>
<li>Alimentación: USB o pilas (opcionales)</li>
<li>Iluminación: LED de bajo consumo</li>
<li>Superficie: Borrable con paño húmedo</li>
</ul>",SIN MARCA,Office Supplies > Presentation Supplies > Dry-Erase Boards,Carteleria,"carteleria, decoracion, luminosa, mayorista, negocios, pizarra-led",true,Title,Default Title,,,,,,,,LED-83053,430.0,shopify,7,deny,manual,10559.50,,true,true,,,,,723540564589,https://cdn.shopify.com/s/files/1/0796/0703/8180/files/PizarraLED1.webp?v=1773336638,1,"",false,Pizarra LED Luminosa 20x30cm con Marcadores | Mensajes Brillantes,"Pizarra LED luminosa 20x30cm con marcadores incluidos. Mensajes que brillan, borrable, múltiples modos de luz. Ideal para negocios, bares y hogar. ¡Comprá!",,,,,,,,,,,,,,,,,,,,,,,,,,,,,,,,,,,,,,,,,,,dorado; blanco; geometrico,,,,,,,,,,,,,,,,,publicidad; personalizado,led,,,,,,,,,,,,,,,,,,,,,,,,,,,,,,,,,,,,,,,,,,,,,,portatil,,,,,,,,,,,,,,,,,,,,interior,,,,,,,,,,,,,,,,,,,,,g,,,active
pizarra-led-luminosa-20x30cm-marcadores,,,,,,,,,,,,,,,,,,,,,,,,,,,,,,,,https://cdn.shopify.com/s/files/1/0796/0703/8180/files/LED-83039.jpg?v=1773336638,2,"",,,,,,,,,,,,,,,,,,,,,,,,,,,,,,,,,,,,,,,,,,,,,,,,,,,,,,,,,,,,,,,,,,,,,,,,,,,,,,,,,,,,,,,,,,,,,,,,,,,,,,,,,,,,,,,,,,,,,,,,,,,,,,,,,,,,,,,,,,,,,,,,,,,,,,,,,,
pizarra-led-luminosa-20x30cm-marcadores,,,,,,,,,,,,,,,,,,,,,,,,,,,,,,,,https://cdn.shopify.com/s/files/1/0796/0703/8180/files/pizarron-magico-led-20x30cm-pizarra-colores-luminosos-7-marcadores.jpg?v=1773336604,3,"",,,,,,,,,,,,,,,,,,,,,,,,,,,,,,,,,,,,,,,,,,,,,,,,,,,,,,,,,,,,,,,,,,,,,,,,,,,,,,,,,,,,,,,,,,,,,,,,,,,,,,,,,,,,,,,,,,,,,,,,,,,,,,,,,,,,,,,,,,,,,,,,,,,,,,,,,,
pizarra-led-luminosa-15x15cm-compacta-marcadores,Pizarra LED Luminosa 15x15cm Compacta con Marcadores - Formato Cuadrado,"<h3>Pizarra LED Luminosa 15x15cm - Compacta y Llamativa</h3>

<p>Descubrí la <strong>Pizarra LED Luminosa de 15x15cm</strong>, el formato compacto perfecto para espacios reducidos. Con iluminación LED integrada y diseño cuadrado, es ideal para mostradores, escritorios, mesas o cualquier lugar donde necesites destacar mensajes sin ocupar mucho espacio.</p>

<h4>Características Principales:</h4>
<ul>
<li>
<strong>Formato Compacto 15x15cm:</strong> Tamaño cuadrado perfecto para espacios pequeños</li>
<li>
<strong>Iluminación LED Integrada:</strong> Tus mensajes brillan y capturan la atención</li>
<li>
<strong>Incluye Marcadores:</strong> Marcadores especiales de neón para escribir</li>
<li>
<strong>Superficie Borrable:</strong> Escribí y borrá fácilmente con paño húmedo</li>
<li>
<strong>Múltiples Modos de Luz:</strong> Diferentes efectos luminosos</li>
<li>
<strong>Alimentación USB o Pilas:</strong> Flexibilidad total de ubicación</li>
<li>
<strong>Ultra Liviana:</strong> Fácil de mover y reposicionar</li>
<li>
<strong>Diseño Cuadrado:</strong> Estética moderna y versátil</li>
</ul>

<h4>¿Por Qué Elegir el Formato Compacto?</h4>
<p>El tamaño de 15x15cm es perfecto cuando tenés espacio limitado pero no querés sacrificar impacto visual. Su formato cuadrado la hace ideal para <strong>mostradores de caja, escritorios, mesas de bar, estanterías o como cartel de mesa</strong>. A pesar de su tamaño compacto, la iluminación LED garantiza que tus mensajes se vean claramente.</p>

<p><strong>Beneficios:</strong></p>
<ul>
<li>Ahorra espacio sin perder visibilidad</li>
<li>Perfecta para puntos de venta en mostradores</li>
<li>Fácil de transportar y reposicionar</li>
<li>Impacto visual garantizado por la iluminación LED</li>
<li>Versatilidad: cambiá el mensaje cuando quieras</li>
</ul>

<p><strong>Usos Ideales:</strong></p>
<ul>
<li>
<strong>Mostradores:</strong> Promociones, métodos de pago, ofertas especiales</li>
<li>
<strong>Bares y Cafés:</strong> Especiales del día, happy hour, mensajes de mesa</li>
<li>
<strong>Comercios:</strong> Precios destacados, productos en oferta</li>
<li>
<strong>Escritorios:</strong> Recordatorios personales, motivación</li>
<li>
<strong>Eventos:</strong> Números de mesa, señalización compacta</li>
<li>
<strong>Hogar:</strong> Mensajes decorativos, recordatorios luminosos</li>
<li>
<strong>Recepciones:</strong> Horarios, avisos, bienvenida</li>
</ul>

<p><strong>Incluye:</strong></p>
<ul>
<li>Pizarra LED 15x15cm</li>
<li>Marcadores de neón (colores variados)</li>
<li>Cable USB para alimentación</li>
<li>Soporte para colgar o apoyar</li>
</ul>

<p><strong>Especificaciones:</strong></p>
<ul>
<li>Tamaño: 15cm x 15cm (formato cuadrado)</li>
<li>Alimentación: USB o pilas (opcionales)</li>
<li>Iluminación: LED de bajo consumo</li>
<li>Superficie: Borrable con paño húmedo</li>
<li>Peso: aproximadamente 250 gramos</li>
</ul>",SIN MARCA,Office Supplies > Presentation Supplies > Dry-Erase Boards,Carteleria,"carteleria, compacta, luminosa, mayorista, mostrador, pizarra-led",true,Title,Default Title,,,,,,,,LED-83038,250.0,shopify,2,deny,manual,8575.00,,true,true,,,,,,https://cdn.shopify.com/s/files/1/0796/0703/8180/files/053670.-1.webp?v=1773337839,1,"",false,Pizarra LED 15x15cm Compacta con Marcadores | Formato Cuadrado,Pizarra LED luminosa 15x15cm compacta con marcadores. Formato cuadrado ideal para mostradores y espacios pequeños. Mensajes que brillan. ¡Comprá ahora!,,,,,,,,,,,,,,,,,,,,,,,,,,,,independiente,,,,,,,,,,,,,,,,,,,,,,,,,,,,,,,,,,,,,,,,sin-marco,,,,,,,,,,,,,,,,,,,,,,,,,,,,,,,,,,,,,,,,,superficie-borrable; liviano,,,,,,,,,,,,,,,,,,,,,,,,,,,,,,,,,,,,,,,g,,,active
pizarra-led-luminosa-15x15cm-compacta-marcadores,,,,,,,,,,,,,,,,,,,,,,,,,,,,,,,,https://cdn.shopify.com/s/files/1/0796/0703/8180/files/pizarra15x15cm-709a4f3c5073b6b0ef17472342395583-1024-1024.webp?v=1773337839,2,"",,,,,,,,,,,,,,,,,,,,,,,,,,,,,,,,,,,,,,,,,,,,,,,,,,,,,,,,,,,,,,,,,,,,,,,,,,,,,,,,,,,,,,,,,,,,,,,,,,,,,,,,,,,,,,,,,,,,,,,,,,,,,,,,,,,,,,,,,,,,,,,,,,,,,,,,,,
pizarra-led-luminosa-15x15cm-compacta-marcadores,,,,,,,,,,,,,,,,,,,,,,,,,,,,,,,,https://cdn.shopify.com/s/files/1/0796/0703/8180/files/IMG_9414.jpg?v=1773337839,3,"",,,,,,,,,,,,,,,,,,,,,,,,,,,,,,,,,,,,,,,,,,,,,,,,,,,,,,,,,,,,,,,,,,,,,,,,,,,,,,,,,,,,,,,,,,,,,,,,,,,,,,,,,,,,,,,,,,,,,,,,,,,,,,,,,,,,,,,,,,,,,,,,,,,,,,,,,,
pilas-recargables-noga-aaa-1100mah-pack-x2,Pilas Recargables Noga AAA 1100mAh - Pack x2 Unidades,"<h3>Pilas Recargables Noga AAA 1100mAh - Ahorro y Ecología</h3>

<p>Descubrí las <strong>Pilas Recargables Noga AAA de 1100mAh</strong>, la solución inteligente para ahorrar dinero y cuidar el medio ambiente. Este pack de 2 unidades te permite recargar tus pilas hasta 1000 veces, reemplazando miles de pilas desechables.</p>

<h4>Características Principales:</h4>
<ul>
<li>
<strong>Capacidad 1100mAh:</strong> Alta capacidad para mayor duración entre cargas</li>
<li>
<strong>Tipo AAA (Triple A):</strong> Tamaño estándar compatible con miles de dispositivos</li>
<li>
<strong>Pack x2 Unidades:</strong> Dos pilas recargables en blister sellado</li>
<li>
<strong>Hasta 1000 Recargas:</strong> Reutilizables miles de veces</li>
<li>
<strong>Tecnología Ni-MH:</strong> Níquel-Metal Hidruro, sin efecto memoria</li>
<li>
<strong>Precargadas:</strong> Listas para usar desde el primer momento</li>
<li>
<strong>Marca Noga:</strong> Calidad y confiabilidad garantizada</li>
<li>
<strong>Modelo NP-AAAM 1100B:</strong> Especificación técnica certificada</li>
</ul>

<h4>¿Por Qué Elegir Pilas Recargables?</h4>
<p>Imaginate el ahorro: <strong>2 pilas recargables reemplazan hasta 2000 pilas desechables</strong>. Además de ahorrar dinero a largo plazo, estás contribuyendo al cuidado del medio ambiente al reducir drásticamente los residuos tóxicos. Las pilas Noga AAA son perfectas para dispositivos de uso frecuente como controles remotos, juguetes, linternas, cámaras y más.</p>

<p><strong>Beneficios:</strong></p>
<ul>
<li>Ahorro económico: recuperás la inversión en pocas recargas</li>
<li>Ecológicas: reducen residuos tóxicos en el medio ambiente</li>
<li>Sin efecto memoria: podés recargarlas en cualquier momento</li>
<li>Mayor rendimiento: mantienen voltaje estable por más tiempo</li>
<li>Listas para usar: vienen precargadas de fábrica</li>
</ul>

<p><strong>Compatibilidad:</strong></p>
<ul>
<li>Controles remotos (TV, aire acondicionado, equipos de audio)</li>
<li>Juguetes electrónicos</li>
<li>Linternas y faroles LED</li>
<li><strong>Cámaras digitales</strong></li>
<li>Relojes de pared</li>
<li>Ratones y teclados inalámbricos</li>
<li>Termostatos y sensores</li>
<li>Cualquier dispositivo que use pilas AAA</li>
</ul>

<p><strong>Recomendaciones de Uso:</strong></p>
<ul>
<li>Usar con cargador de pilas Ni-MH (no incluido)</li>
<li>Cargar completamente antes del primer uso para máximo rendimiento</li>
<li>Guardar en lugar fresco y seco cuando no estén en uso</li>
<li>Recargar cuando el dispositivo muestre baja batería</li>
</ul>

<p><strong>Especificaciones Técnicas:</strong></p>
<ul>
<li>Tipo: AAA (Triple A / HR03)</li>
<li>Capacidad: 1100mAh</li>
<li>Voltaje: 1.2V</li>
<li>Tecnología: Ni-MH (Níquel-Metal Hidruro)</li>
<li>Ciclos de recarga: hasta 1000 veces</li>
<li>Contenido: 2 pilas en blister</li>
</ul>",NOGA,Electronics > Electronics Accessories > Power > Batteries > General Purpose Batteries,Baterías y Pilas,"aaa, ecologicas, mayorista, ni-mh, noga, pilas-recargables",true,Title,Default Title,,,,,,,,NP-AAAM 1100B,20.0,shopify,1,deny,manual,4200.00,,true,true,,,,,7798137380753,https://cdn.shopify.com/s/files/1/0796/0703/8180/files/np-aaam-1100b-b16bdeb93768a1c1f617567508002827-1024-1024.webp?v=1773338011,1,"",false,Pilas Recargables Noga AAA 1100mAh x2 | Ni-MH Ecológicas,"Pilas recargables Noga AAA 1100mAh pack x2. Ni-MH, hasta 1000 recargas, sin efecto memoria. Ahorro económico y ecológicas. Calidad Noga. ¡Comprá ahora!",,,,,,,,,,,,,,,,,,,,,,,,carga-rapida; vida-util-alta; proteccion-contra-sobrecarga,aaa,niquel-hidruro-metalico-nimh,recargable,,,,,,,,,,,,,,,,negro; plateado; blanco,,,,,,,,,,,,,,,,,,,,,,,,,,,,,,,,,,,,,,,,,,,,,,,,,,,,,,,,,,,,,,,,,,,,,,,,,,,,,,,,,,,,,,,,,,,,,,,,,,,,,,,,,g,,,active
pilas-recargables-noga-aaa-1100mah-pack-x2,,,,,,,,,,,,,,,,,,,,,,,,,,,,,,,,https://cdn.shopify.com/s/files/1/0796/0703/8180/files/np-aaam-pilas-e8c8bd745ae581106a17292782236311-1024-1024.webp?v=1773338011,2,"",,,,,,,,,,,,,,,,,,,,,,,,,,,,,,,,,,,,,,,,,,,,,,,,,,,,,,,,,,,,,,,,,,,,,,,,,,,,,,,,,,,,,,,,,,,,,,,,,,,,,,,,,,,,,,,,,,,,,,,,,,,,,,,,,,,,,,,,,,,,,,,,,,,,,,,,,,
pila-litio-maxell-cr2032-3v-blister-x5,Pila de Litio Maxell CR2032 3V - Blister x5 Unidades,"<h3>Pila de Litio Maxell CR2032 - Blister x5 Unidades</h3>

<p>Descubrí el <strong>Blister de Pilas de Litio Maxell CR2032</strong> con 5 unidades, la pila de botón más utilizada del mundo. Con tecnología de litio de alta calidad, ofrece 3V de potencia constante y larga duración para tus dispositivos electrónicos más importantes.</p>

<h4>Características Principales:</h4>
<ul>
<li>
<strong>Blister x5 Unidades:</strong> Pack sellado con 5 pilas CR2032</li>
<li>
<strong>Tipo CR2032:</strong> Pila de botón de litio estándar universal</li>
<li>
<strong>Voltaje 3V:</strong> Potencia constante y estable</li>
<li>
<strong>Marca Maxell:</strong> Líder mundial en baterías de litio</li>
<li>
<strong>Larga Duración:</strong> Hasta 10 años de vida útil en almacenamiento</li>
<li>
<strong>Tecnología de Litio:</strong> Mayor densidad energética que pilas alcalinas</li>
<li>
<strong>Resistente a Temperaturas:</strong> Funciona en condiciones extremas (-30°C a +60°C)</li>
<li>
<strong>Libre de Mercurio:</strong> Amigable con el medio ambiente</li>
</ul>

<h4>¿Por Qué Elegir el Blister x5 de Maxell CR2032?</h4>
<p>Maxell es sinónimo de calidad y confiabilidad en baterías de litio. Este blister con 5 unidades te permite tener <strong>stock de repuesto</strong> para todos tus dispositivos. La CR2032 es la pila de botón más común y versátil, compatible con miles de dispositivos. Su tecnología de litio garantiza rendimiento superior y vida útil prolongada.</p>

<p><strong>Compatibilidad y Usos:</strong></p>
<ul>
<li>
<strong>Relojes:</strong> Relojes de pulsera, relojes de pared</li>
<li>
<strong>Llaves de Auto:</strong> Controles remotos de vehículos</li>
<li>
<strong>Calculadoras:</strong> Científicas, financieras, básicas</li>
<li>
<strong>Dispositivos Médicos:</strong> Glucómetros, termómetros digitales</li>
<li>
<strong>Electrónica:</strong> Motherboards de PC (BIOS), balanzas digitales</li>
<li>
<strong>Juguetes:</strong> Juguetes electrónicos pequeños</li>
<li>
<strong>Sensores:</strong> Sensores de movimiento, alarmas</li>
<li>
<strong>Luces LED:</strong> Velas LED, luces decorativas</li>
<li>
<strong>Controles Remotos:</strong> Diversos dispositivos electrónicos</li>
</ul>

<p><strong>Ventajas de las Pilas de Litio:</strong></p>
<ul>
<li>Mayor duración que pilas alcalinas</li>
<li>Voltaje constante durante toda su vida útil</li>
<li>Excelente rendimiento en temperaturas extremas</li>
<li>Baja tasa de autodescarga (10 años de almacenamiento)</li>
<li>Peso ligero y diseño compacto</li>
</ul>

<p><strong>Contenido del Paquete:</strong></p>
<ul>
<li>5 pilas de litio Maxell CR2032</li>
<li>Blister sellado para protección y frescura</li>
</ul>

<p><strong>Especificaciones Técnicas:</strong></p>
<ul>
<li>Modelo: CR2032</li>
<li>Voltaje nominal: 3V</li>
<li>Capacidad: 220mAh (aproximada)</li>
<li>Química: Litio (Li-MnO2)</li>
<li>Diámetro: 20mm</li>
<li>Espesor: 3.2mm</li>
<li>Peso por pila: aproximadamente 3 gramos</li>
<li>Temperatura de operación: -30°C a +60°C</li>
<li>Contenido: 5 unidades por blister</li>
</ul>",MAXELL,Electronics > Electronics Accessories > Power > Batteries > General Purpose Batteries,Baterías y Pilas,"3v, cr2032, litio, maxell, mayorista, pila-boton",true,Title,Default Title,,,,,,,,CR2032,15.0,shopify,4,deny,manual,3550.00,,true,true,,,,,4902580131258,https://cdn.shopify.com/s/files/1/0796/0703/8180/files/pilas-cr2032.webp?v=1773338582,1,"",false,Pila Litio Maxell CR2032 3V Blister x5 | Original,"Blister x5 pilas de litio Maxell CR2032 3V originales. Larga duración, compatible con relojes, llaves de auto, calculadoras. Calidad Maxell. ¡Comprá!",,,,,,,,,,,,,,,,,,,,,,,,vida-util-alta; proteccion-contra-sobrecarga,cr2032,litio,desechables,,,,,,,,,,,,,,,,negro; plateado,,,,,,,,,,,,,,,,,,,,,,,,,,,,,,,,,,,,,,,,,,,,,,,,,,,,,,,,,,,,,,,,,,,producto-ecologico,,,,,,,,,,,,,,,,,,,,,,,,,,,,,,,,,,,,,,g,,,active
pila-litio-maxell-cr2032-3v-blister-x5,,,,,,,,,,,,,,,,,,,,,,,,,,,,,,,,https://cdn.shopify.com/s/files/1/0796/0703/8180/files/pila-de-litio-3v-160-165mah-cr20321-bb6dbace1f6fb25c5316321406340637-1024-1024.png?v=1773338581,2,"",,,,,,,,,,,,,,,,,,,,,,,,,,,,,,,,,,,,,,,,,,,,,,,,,,,,,,,,,,,,,,,,,,,,,,,,,,,,,,,,,,,,,,,,,,,,,,,,,,,,,,,,,,,,,,,,,,,,,,,,,,,,,,,,,,,,,,,,,,,,,,,,,,,,,,,,,,
pila-litio-maxell-cr2025-3v-blister-x5,Pila de Litio Maxell CR2025 3V - Blister x5 Unidades,"<h3>Pila de Litio Maxell CR2025 - Blister x5 Unidades</h3>

<p>Descubrí el <strong>Blister de Pilas de Litio Maxell CR2025</strong> con 5 unidades, la pila de botón más delgada y compacta. Con tecnología de litio de alta calidad, ofrece 3V de potencia constante y larga duración para dispositivos que requieren un perfil ultra fino.</p>

<h4>Características Principales:</h4>
<ul>
<li>
<strong>Blister x5 Unidades:</strong> Pack sellado con 5 pilas CR2025</li>
<li>
<strong>Tipo CR2025:</strong> Pila de botón de litio ultra delgada (2.5mm)</li>
<li>
<strong>Voltaje 3V:</strong> Potencia constante y estable</li>
<li>
<strong>Marca Maxell:</strong> Líder mundial en baterías de litio</li>
<li>
<strong>Larga Duración:</strong> Hasta 10 años de vida útil en almacenamiento</li>
<li>
<strong>Tecnología de Litio:</strong> Mayor densidad energética que pilas alcalinas</li>
<li>
<strong>Resistente a Temperaturas:</strong> Funciona en condiciones extremas (-30°C a +60°C)</li>
<li>
<strong>Libre de Mercurio:</strong> Amigable con el medio ambiente</li>
</ul>

<h4>¿Cuál es la Diferencia entre CR2025 y CR2032?</h4>
<p>La CR2025 es <strong>más delgada (2.5mm vs 3.2mm)</strong> que la CR2032, lo que la hace ideal para dispositivos ultra compactos como relojes finos, llaves de auto modernas y dispositivos médicos portátiles. Aunque tiene menor capacidad (165mAh vs 220mAh), su perfil reducido es esencial para ciertos dispositivos que no aceptan pilas más gruesas.</p>

<p><strong>Compatibilidad y Usos:</strong></p>
<ul>
<li>
<strong>Relojes Finos:</strong> Relojes de pulsera delgados, relojes de diseño</li>
<li>
<strong>Llaves de Auto:</strong> Controles remotos de vehículos modernos</li>
<li>
<strong>Calculadoras Compactas:</strong> Calculadoras ultra delgadas</li>
<li>
<strong>Dispositivos Médicos:</strong> Glucómetros portátiles, termómetros digitales</li>
<li>
<strong>Organizadores Electrónicos:</strong> Agendas digitales, PDAs</li>
<li>
<strong>Juguetes Compactos:</strong> Juguetes electrónicos pequeños</li>
<li>
<strong>Sensores Delgados:</strong> Sensores de movimiento ultra compactos</li>
<li>
<strong>Luces LED Pequeñas:</strong> Velas LED ultra delgadas</li>
<li>
<strong>Dispositivos Wearables:</strong> Algunos fitness trackers y dispositivos portátiles</li>
</ul>

<p><strong>Ventajas de las Pilas de Litio:</strong></p>
<ul>
<li>Mayor duración que pilas alcalinas</li>
<li>Voltaje constante durante toda su vida útil</li>
<li>Excelente rendimiento en temperaturas extremas</li>
<li>Baja tasa de autodescarga (10 años de almacenamiento)</li>
<li>Peso ligero y diseño ultra compacto</li>
</ul>

<p><strong>Contenido del Paquete:</strong></p>
<ul>
<li>5 pilas de litio Maxell CR2025</li>
<li>Blister sellado para protección y frescura</li>
</ul>

<p><strong>Especificaciones Técnicas:</strong></p>
<ul>
<li>Modelo: CR2025</li>
<li>Voltaje nominal: 3V</li>
<li>Capacidad: 165mAh (aproximada)</li>
<li>Química: Litio (Li-MnO2)</li>
<li>Diámetro: 20mm</li>
<li>
<strong>Espesor: 2.5mm</strong> (más delgada que CR2032)</li>
<li>Peso por pila: aproximadamente 2.5 gramos</li>
<li>Temperatura de operación: -30°C a +60°C</li>
<li>Contenido: 5 unidades por blister</li>
</ul>

<p><strong>Importante:</strong> Verificá el modelo exacto de pila que requiere tu dispositivo. La CR2025 NO es intercambiable con la CR2032 debido a la diferencia de espesor.</p>",MAXELL,Electronics > Electronics Accessories > Power > Batteries > General Purpose Batteries,Baterías y Pilas,"3v, cr2025, litio, maxell, mayorista, pila-boton",true,Title,Default Title,,,,,,,,CR2025,12.0,shopify,28,deny,manual,3550.00,,true,true,,,,,4902580131265,https://cdn.shopify.com/s/files/1/0796/0703/8180/files/bateria-litio-pila-cr2025_b5960771-bc7c-490b-a1e7-b73107aeba53.webp?v=1773340415,1,"",false,Pila Litio Maxell CR2025 3V Blister x5 | Ultra Delgada,"Blister x5 pilas de litio Maxell CR2025 3V ultra delgadas (2.5mm). Compatible con relojes finos, llaves de auto. Calidad Maxell original. ¡Comprá!",,,,,,,,,,,,,,,,,,,,,,,,vida-util-alta; proteccion-contra-sobrecarga,cr2025,litio,desechables,,,,,,,,,,,,,,,,plateado; negro,,,,,,,,,,,,,,,,,,,,,,,,,,,,,,,,,,,,,,,,,,,,,,,,,,,,,,,,,,,,,,,,,,,producto-ecologico,,,,,,,,,,,,,,,,,,,,,,,,,,,,,,,,,,,,,,g,,,active
pila-litio-maxell-cr2025-3v-blister-x5,,,,,,,,,,,,,,,,,,,,,,,,,,,,,,,,https://cdn.shopify.com/s/files/1/0796/0703/8180/files/17671-500x500_a8ef22ec-02e1-4bdd-8930-dc1132a34595.jpg?v=1773340415,2,"",,,,,,,,,,,,,,,,,,,,,,,,,,,,,,,,,,,,,,,,,,,,,,,,,,,,,,,,,,,,,,,,,,,,,,,,,,,,,,,,,,,,,,,,,,,,,,,,,,,,,,,,,,,,,,,,,,,,,,,,,,,,,,,,,,,,,,,,,,,,,,,,,,,,,,,,,,
pila-litio-maxell-cr2016-3v-blister-x5,Pila de Litio Maxell CR2016 3V - Blister x5 Unidades,"<h3>Pila de Litio Maxell CR2016 - Blister x5 Unidades</h3>

<p>Descubrí el <strong>Blister de Pilas de Litio Maxell CR2016</strong> con 5 unidades, la pila de botón más delgada de la familia CR20xx. Con tecnología de litio de alta calidad, ofrece 3V de potencia constante en un perfil ultra compacto de solo 1.6mm de espesor.</p>

<h4>Características Principales:</h4>
<ul>
<li>
<strong>Blister x5 Unidades:</strong> Pack sellado con 5 pilas CR2016</li>
<li>
<strong>Tipo CR2016:</strong> La pila de botón más delgada (solo 1.6mm)</li>
<li>
<strong>Voltaje 3V:</strong> Potencia constante y estable</li>
<li>
<strong>Marca Maxell:</strong> Líder mundial en baterías de litio</li>
<li>
<strong>Larga Duración:</strong> Hasta 10 años de vida útil en almacenamiento</li>
<li>
<strong>Tecnología de Litio:</strong> Mayor densidad energética que pilas alcalinas</li>
<li>
<strong>Resistente a Temperaturas:</strong> Funciona en condiciones extremas (-30°C a +60°C)</li>
<li>
<strong>Libre de Mercurio:</strong> Amigable con el medio ambiente</li>
</ul>

<h4>Comparación de Modelos CR20xx:</h4>
<p>La familia CR20xx comparte el mismo diámetro (20mm) pero varía en espesor y capacidad:</p>
<ul>
<li>
<strong>CR2016:</strong> 1.6mm de espesor, 90mAh - La más delgada</li>
<li>
<strong>CR2025:</strong> 2.5mm de espesor, 165mAh - Equilibrio entre tamaño y capacidad</li>
<li>
<strong>CR2032:</strong> 3.2mm de espesor, 220mAh - La de mayor capacidad</li>
</ul>

<p><strong>¿Cuándo Usar CR2016?</strong></p>
<p>La CR2016 es ideal para dispositivos <strong>ultra delgados</strong> que requieren el menor espesor posible, como relojes de diseño premium, llaves de auto de última generación y dispositivos wearables compactos. Su perfil de solo 1.6mm la hace insustituible en aplicaciones donde las CR2025 o CR2032 no caben.</p>

<p><strong>Compatibilidad y Usos:</strong></p>
<ul>
<li>
<strong>Relojes Ultra Delgados:</strong> Relojes de pulsera premium y de diseño</li>
<li>
<strong>Llaves de Auto Modernas:</strong> Controles remotos de vehículos de última generación</li>
<li>
<strong>Calculadoras Ultra Compactas:</strong> Calculadoras de tarjeta</li>
<li>
<strong>Dispositivos Médicos Portátiles:</strong> Glucómetros ultra compactos</li>
<li>
<strong>Wearables:</strong> Algunos fitness trackers y smartwatches delgados</li>
<li>
<strong>Organizadores Electrónicos:</strong> Agendas digitales ultra delgadas</li>
<li>
<strong>Sensores Miniatura:</strong> Sensores de movimiento ultra compactos</li>
<li>
<strong>Dispositivos de Seguridad:</strong> Algunos sistemas de alarma compactos</li>
</ul>

<p><strong>Ventajas de las Pilas de Litio:</strong></p>
<ul>
<li>Mayor duración que pilas alcalinas</li>
<li>Voltaje constante durante toda su vida útil</li>
<li>Excelente rendimiento en temperaturas extremas</li>
<li>Baja tasa de autodescarga (10 años de almacenamiento)</li>
<li>Peso ultra ligero y diseño miniatura</li>
</ul>

<p><strong>Contenido del Paquete:</strong></p>
<ul>
<li>5 pilas de litio Maxell CR2016</li>
<li>Blister sellado para protección y frescura</li>
</ul>

<p><strong>Especificaciones Técnicas:</strong></p>
<ul>
<li>Modelo: CR2016</li>
<li>Voltaje nominal: 3V</li>
<li>Capacidad: 90mAh (aproximada)</li>
<li>Química: Litio (Li-MnO2)</li>
<li>Diámetro: 20mm</li>
<li>
<strong>Espesor: 1.6mm</strong> (la más delgada de la familia CR20xx)</li>
<li>Peso por pila: aproximadamente 1.8 gramos</li>
<li>Temperatura de operación: -30°C a +60°C</li>
<li>Contenido: 5 unidades por blister</li>
</ul>

<p><strong>Importante:</strong> Verificá el modelo exacto de pila que requiere tu dispositivo. La CR2016 NO es intercambiable con CR2025 o CR2032 debido a las diferencias de espesor.</p>",MAXELL,Electronics > Electronics Accessories > Power > Batteries > General Purpose Batteries,Baterías y Pilas,"cr2016, litio, maxell, mayorista, pila-boton, ultra-delgada",true,Title,Default Title,,,,,,,,CR2016,9.0,shopify,2,deny,manual,3550.00,,true,true,,,,,025215736469,https://cdn.shopify.com/s/files/1/0796/0703/8180/files/Maxell-CR2016-3-Volt-Lithium-10-Batteries.avif?v=1773341128,1,"",false,Pila Litio Maxell CR2016 3V Blister x5 | Más Delgada,Blister x5 pilas de litio Maxell CR2016 3V ultra delgadas (1.6mm). La más fina de la familia CR20xx. Compatible con relojes premium. Calidad Maxell. ¡Comprá!,,,,,,,,,,,,,,,,,,,,,,,,vida-util-alta; proteccion-contra-sobrecarga,cr2016,litio,desechables,,,,,,,,,,,,,,,,negro,,,,,,,,,,,,,,,,,,,,,,,,,,,,,,,,,,,,,,,,,,,,,,,,,,,,,,,,,,,,,,,,,,,producto-ecologico,,,,,,,,,,,,,,,,,,,,,,,,,,,,,,,,,,,,,,g,,,active
pila-litio-maxell-cr1620-3v-blister-x5,Pila de Litio Maxell CR1620 3V - Blister x5 Unidades,"<h3>Pila de Litio Maxell CR1620 - Blister x5 Unidades</h3>

<p>Descubrí el <strong>Blister de Pilas de Litio Maxell CR1620</strong> con 5 unidades, la pila de botón compacta de 16mm de diámetro. Con tecnología de litio de alta calidad, ofrece 3V de potencia constante en un formato más pequeño que las pilas CR20xx.</p>

<h4>Características Principales:</h4>
<ul>
<li>
<strong>Blister x5 Unidades:</strong> Pack sellado con 5 pilas CR1620</li>
<li>
<strong>Tipo CR1620:</strong> Pila de botón compacta de 16mm de diámetro</li>
<li>
<strong>Voltaje 3V:</strong> Potencia constante y estable</li>
<li>
<strong>Marca Maxell:</strong> Líder mundial en baterías de litio</li>
<li>
<strong>Larga Duración:</strong> Hasta 10 años de vida útil en almacenamiento</li>
<li>
<strong>Tecnología de Litio:</strong> Mayor densidad energética que pilas alcalinas</li>
<li>
<strong>Resistente a Temperaturas:</strong> Funciona en condiciones extremas (-30°C a +60°C)</li>
<li>
<strong>Libre de Mercurio:</strong> Amigable con el medio ambiente</li>
</ul>

<h4>¿Cuál es la Diferencia entre CR1620 y CR20xx?</h4>
<p>La CR1620 tiene un <strong>diámetro más pequeño (16mm vs 20mm)</strong> que las pilas CR2016/CR2025/CR2032, lo que la hace ideal para dispositivos miniatura y espacios ultra reducidos. Su espesor de 2.0mm la posiciona entre la CR2016 y la CR2025 en términos de capacidad.</p>

<p><strong>Comparación de Tamaños:</strong></p>
<ul>
<li>
<strong>CR1620:</strong> 16mm diámetro, 2.0mm espesor, 75mAh - Compacta</li>
<li>
<strong>CR2016:</strong> 20mm diámetro, 1.6mm espesor, 90mAh - Más delgada</li>
<li>
<strong>CR2025:</strong> 20mm diámetro, 2.5mm espesor, 165mAh - Equilibrio</li>
<li>
<strong>CR2032:</strong> 20mm diámetro, 3.2mm espesor, 220mAh - Mayor capacidad</li>
</ul>

<p><strong>¿Cuándo Usar CR1620?</strong></p>
<p>La CR1620 es esencial para dispositivos <strong>miniatura</strong> que requieren un diámetro reducido de 16mm, como relojes pequeños, llaves de auto compactas, dispositivos médicos portátiles y algunos juguetes electrónicos. No es intercambiable con las pilas CR20xx debido a su menor diámetro.</p>

<p><strong>Compatibilidad y Usos:</strong></p>
<ul>
<li>
<strong>Relojes Pequeños:</strong> Relojes de pulsera compactos y de diseño</li>
<li>
<strong>Llaves de Auto Compactas:</strong> Controles remotos de vehículos miniatura</li>
<li>
<strong>Calculadoras Miniatura:</strong> Calculadoras de bolsillo ultra compactas</li>
<li>
<strong>Dispositivos Médicos:</strong> Glucómetros y termómetros portátiles</li>
<li>
<strong>Juguetes Electrónicos:</strong> Juguetes miniatura con luces o sonidos</li>
<li>
<strong>Organizadores Compactos:</strong> Agendas digitales pequeñas</li>
<li>
<strong>Sensores Miniatura:</strong> Sensores de movimiento compactos</li>
<li>
<strong>Luces LED Pequeñas:</strong> Luces decorativas miniatura</li>
<li>
<strong>Dispositivos Portátiles:</strong> Algunos wearables y dispositivos compactos</li>
</ul>

<p><strong>Ventajas de las Pilas de Litio:</strong></p>
<ul>
<li>Mayor duración que pilas alcalinas</li>
<li>Voltaje constante durante toda su vida útil</li>
<li>Excelente rendimiento en temperaturas extremas</li>
<li>Baja tasa de autodescarga (10 años de almacenamiento)</li>
<li>Peso ultra ligero y diseño miniatura</li>
</ul>

<p><strong>Contenido del Paquete:</strong></p>
<ul>
<li>5 pilas de litio Maxell CR1620</li>
<li>Blister sellado para protección y frescura</li>
</ul>

<p><strong>Especificaciones Técnicas:</strong></p>
<ul>
<li>Modelo: CR1620</li>
<li>Voltaje nominal: 3V</li>
<li>Capacidad: 75mAh (aproximada)</li>
<li>Química: Litio (Li-MnO2)</li>
<li>
<strong>Diámetro: 16mm</strong> (más pequeña que CR20xx)</li>
<li>Espesor: 2.0mm</li>
<li>Peso por pila: aproximadamente 1.3 gramos</li>
<li>Temperatura de operación: -30°C a +60°C</li>
<li>Contenido: 5 unidades por blister</li>
</ul>

<p><strong>Importante:</strong> Verificá el modelo exacto de pila que requiere tu dispositivo. La CR1620 NO es intercambiable con CR2016/CR2025/CR2032 debido a su menor diámetro (16mm vs 20mm).</p>",MAXELL,Electronics > Electronics Accessories > Power > Batteries > General Purpose Batteries,Baterías y Pilas,"compacta, cr1620, litio, maxell, mayorista, pila-boton",true,Title,Default Title,,,,,,,,,12.0,shopify,4,deny,manual,10500.00,,true,true,,,,,,https://cdn.shopify.com/s/files/1/0796/0703/8180/files/productos3_54105.webp?v=1773861194,1,"",false,Pila Litio Maxell CR1620 3V Blister x5 | Compacta 16mm,"Blister x5 pilas de litio Maxell CR1620 3V compactas (16mm diámetro). Compatible con relojes pequeños, llaves de auto. Calidad Maxell original. ¡Comprá!",,,,,,,,,,,,,,,,,,,,,,,,vida-util-alta; proteccion-contra-sobrecarga,cr1620,litio,desechables,,,,,,,,,,,,,,,,plateado,,,,,,,,,,,,,,,,,,,,,,,,,,,,,,,,,,,,,,,,,,,,,,,,,,,,,,,,,,,,,,,,,,,producto-ecologico,,,,,,,,,,,,,,,,,,,,,,,,,,,,,,,,,,,,,,g,,,active
pila-litio-maxell-cr1220-3v-blister-x5,Pila de Litio Maxell CR1220 3V - Blister x5 Unidades,"<h3>Pila de Litio Maxell CR1220 - Blister x5 Unidades</h3>

<p>Descubrí el <strong>Blister de Pilas de Litio Maxell CR1220</strong> con 5 unidades, la pila de botón miniatura de solo 12mm de diámetro. Con tecnología de litio de alta calidad, ofrece 3V de potencia constante en el formato más compacto disponible.</p>

<h4>Características Principales:</h4>
<ul>
<li>
<strong>Blister x5 Unidades:</strong> Pack sellado con 5 pilas CR1220</li>
<li>
<strong>Tipo CR1220:</strong> Pila de botón miniatura de 12mm de diámetro</li>
<li>
<strong>Voltaje 3V:</strong> Potencia constante y estable</li>
<li>
<strong>Marca Maxell:</strong> Líder mundial en baterías de litio</li>
<li>
<strong>Larga Duración:</strong> Hasta 10 años de vida útil en almacenamiento</li>
<li>
<strong>Tecnología de Litio:</strong> Mayor densidad energética que pilas alcalinas</li>
<li>
<strong>Resistente a Temperaturas:</strong> Funciona en condiciones extremas (-30°C a +60°C)</li>
<li>
<strong>Libre de Mercurio:</strong> Amigable con el medio ambiente</li>
</ul>

<h4>¿Por Qué la CR1220 es Especial?</h4>
<p>La CR1220 es la <strong>pila de botón más pequeña</strong> de uso común, con solo 12mm de diámetro y 2.0mm de espesor. Es esencial para dispositivos ultra miniatura donde las pilas más grandes simplemente no caben. A pesar de su tamaño reducido, ofrece energía confiable para dispositivos de bajo consumo.</p>

<p><strong>Comparación de Tamaños de Pilas de Botón:</strong></p>
<ul>
<li>
<strong>CR1220:</strong> 12mm diámetro, 2.0mm espesor, 40mAh - Miniatura</li>
<li>
<strong>CR1620:</strong> 16mm diámetro, 2.0mm espesor, 75mAh - Compacta</li>
<li>
<strong>CR2016:</strong> 20mm diámetro, 1.6mm espesor, 90mAh - Más delgada</li>
<li>
<strong>CR2025:</strong> 20mm diámetro, 2.5mm espesor, 165mAh - Equilibrio</li>
<li>
<strong>CR2032:</strong> 20mm diámetro, 3.2mm espesor, 220mAh - Mayor capacidad</li>
</ul>

<p><strong>¿Cuándo Usar CR1220?</strong></p>
<p>La CR1220 es indispensable para dispositivos <strong>ultra miniatura</strong> que requieren el menor diámetro posible (12mm), como relojes muy pequeños, llaves de auto miniatura, dispositivos médicos compactos y algunos juguetes electrónicos diminutos. No es intercambiable con otras pilas debido a su tamaño único.</p>

<p><strong>Compatibilidad y Usos:</strong></p>
<ul>
<li>
<strong>Relojes Miniatura:</strong> Relojes de pulsera muy pequeños y delicados</li>
<li>
<strong>Llaves de Auto Miniatura:</strong> Controles remotos ultra compactos</li>
<li>
<strong>Calculadoras Miniatura:</strong> Calculadoras de tarjeta ultra delgadas</li>
<li>
<strong>Dispositivos Médicos Compactos:</strong> Algunos glucómetros y termómetros miniatura</li>
<li>
<strong>Juguetes Electrónicos Pequeños:</strong> Juguetes miniatura con luces o sonidos</li>
<li>
<strong>Organizadores Ultra Compactos:</strong> Dispositivos electrónicos miniatura</li>
<li>
<strong>Sensores Miniatura:</strong> Sensores de movimiento ultra pequeños</li>
<li>
<strong>Luces LED Miniatura:</strong> Luces decorativas diminutas</li>
<li>
<strong>Dispositivos Wearables:</strong> Algunos fitness trackers ultra compactos</li>
</ul>

<p><strong>Ventajas de las Pilas de Litio:</strong></p>
<ul>
<li>Mayor duración que pilas alcalinas</li>
<li>Voltaje constante durante toda su vida útil</li>
<li>Excelente rendimiento en temperaturas extremas</li>
<li>Baja tasa de autodescarga (10 años de almacenamiento)</li>
<li>Peso ultra ligero y diseño miniatura</li>
</ul>

<p><strong>Contenido del Paquete:</strong></p>
<ul>
<li>5 pilas de litio Maxell CR1220</li>
<li>Blister sellado para protección y frescura</li>
</ul>

<p><strong>Especificaciones Técnicas:</strong></p>
<ul>
<li>Modelo: CR1220</li>
<li>Voltaje nominal: 3V</li>
<li>Capacidad: 40mAh (aproximada)</li>
<li>Química: Litio (Li-MnO2)</li>
<li>
<strong>Diámetro: 12mm</strong> (la más pequeña de uso común)</li>
<li>Espesor: 2.0mm</li>
<li>Peso por pila: aproximadamente 0.8 gramos</li>
<li>Temperatura de operación: -30°C a +60°C</li>
<li>Contenido: 5 unidades por blister</li>
</ul>

<p><strong>Importante:</strong> Verificá el modelo exacto de pila que requiere tu dispositivo. La CR1220 NO es intercambiable con otras pilas de botón debido a su diámetro único de 12mm.</p>",MAXELL,Electronics > Electronics Accessories > Power > Batteries > General Purpose Batteries,Baterías y Pilas,"cr1220, litio, maxell, mayorista, miniatura, pila-boton",true,Title,Default Title,,,,,,,,CR1220,4.0,shopify,0,deny,manual,4856.40,,true,true,,,,,4902580131289,https://cdn.shopify.com/s/files/1/0796/0703/8180/files/450803_1.webp?v=1773341545,1,"",false,Pila Litio Maxell CR1220 3V Blister x5 | Miniatura 12mm,Blister x5 pilas de litio Maxell CR1220 3V miniatura (12mm diámetro). La más pequeña. Compatible con relojes miniatura. Calidad Maxell original. ¡Comprá!,,,,,,,,,,,,,,,,,,,,,,,,vida-util-alta; proteccion-contra-sobrecarga,cr1220,litio,desechables,,,,,,,,,,,,,,,,negro; plateado,,,,,,,,,,,,,,,,,,,,,,,,,,,,,,,,,,,,,,,,,,,,,,,,,,,,,,,,,,,,,,,,,,,producto-ecologico,,,,,,,,,,,,,,,,,,,,,,,,,,,,,,,,,,,,,,g,,,active
pilas-energizer-aaa-alcalinas-tira-x10,Pilas Energizer AAA Alcalinas - Tira x10 Unidades,"<h3>Pilas Energizer AAA Alcalinas - Tira x10 Unidades</h3>

<p>Descubrí la <strong>Tira de Pilas Energizer AAA Alcalinas</strong> con 10 unidades, la elección de millones de personas en todo el mundo. Con tecnología alcalina de alta calidad, ofrece energía duradera y confiable para todos tus dispositivos de uso diario.</p>

<h4>Características Principales:</h4>
<ul>
<li>
<strong>Tira x10 Unidades:</strong> Pack conveniente con 10 pilas AAA</li>
<li>
<strong>Marca Energizer:</strong> Líder mundial en baterías alcalinas</li>
<li>
<strong>Tipo AAA (Triple A):</strong> Tamaño estándar compatible con miles de dispositivos</li>
<li>
<strong>Tecnología Alcalina:</strong> Mayor duración que pilas comunes de zinc-carbón</li>
<li>
<strong>Larga Vida Útil:</strong> Hasta 10 años de almacenamiento</li>
<li>
<strong>Protección contra Derrames:</strong> Diseño que previene fugas</li>
<li>
<strong>Voltaje 1.5V:</strong> Potencia estándar para máxima compatibilidad</li>
<li>
<strong>Libre de Mercurio:</strong> Amigable con el medio ambiente</li>
</ul>

<h4>¿Por Qué Elegir Energizer?</h4>
<p>Energizer es sinónimo de <strong>calidad y confiabilidad</strong>. Sus pilas alcalinas ofrecen hasta 7 veces más duración que pilas comunes de zinc-carbón, lo que significa menos cambios de pilas y mayor ahorro a largo plazo. La tira de 10 unidades te permite tener <strong>stock de repuesto</strong> para todos tus dispositivos.</p>

<p><strong>Compatibilidad Universal:</strong></p>
<ul>
<li>
<strong>Controles Remotos:</strong> TV, aire acondicionado, equipos de audio</li>
<li>
<strong>Juguetes:</strong> Juguetes electrónicos, autos a control remoto</li>
<li>
<strong>Linternas:</strong> Linternas LED y tradicionales</li>
<li>
<strong>Cámaras Digitales:</strong> Cámaras compactas y flashes</li>
<li>
<strong>Relojes de Pared:</strong> Relojes analógicos y digitales</li>
<li>
<strong>Dispositivos Inalámbricos:</strong> Ratones, teclados, controles de gaming</li>
<li>
<strong>Radios Portátiles:</strong> Radios AM/FM</li>
<li>
<strong>Termostatos:</strong> Termostatos digitales y sensores</li>
<li>
<strong>Detectores de Humo:</strong> Alarmas y sensores de seguridad</li>
<li><strong>Cualquier dispositivo que use pilas AAA</strong></li>
</ul>

<p><strong>Ventajas de las Pilas Alcalinas Energizer:</strong></p>
<ul>
<li>Hasta 7 veces más duración que pilas comunes</li>
<li>Rendimiento superior en dispositivos de alto consumo</li>
<li>Protección contra derrames por hasta 2 años</li>
<li>Funcionamiento confiable en temperaturas extremas</li>
<li>Marca reconocida mundialmente por su calidad</li>
<li>Formato en tira para fácil almacenamiento</li>
</ul>

<p><strong>Diferencia entre Pilas Alcalinas y Recargables:</strong></p>
<ul>
<li>
<strong>Alcalinas:</strong> Mayor capacidad inicial, ideales para dispositivos de bajo consumo o uso ocasional, no requieren cargador</li>
<li>
<strong>Recargables:</strong> Menor capacidad pero reutilizables hasta 1000 veces, ideales para dispositivos de alto consumo y uso frecuente</li>
</ul>

<p><strong>Contenido del Paquete:</strong></p>
<ul>
<li>10 pilas Energizer AAA alcalinas</li>
<li>Presentación en tira para fácil almacenamiento</li>
</ul>

<p><strong>Especificaciones Técnicas:</strong></p>
<ul>
<li>Tipo: AAA (Triple A / LR03)</li>
<li>Voltaje: 1.5V</li>
<li>Tecnología: Alcalina</li>
<li>Marca: Energizer</li>
<li>Vida útil en almacenamiento: hasta 10 años</li>
<li>Peso por pila: aproximadamente 11 gramos</li>
<li>Contenido: 10 unidades en tira</li>
</ul>

<p><strong>Recomendación:</strong> Para dispositivos de uso frecuente como controles remotos de gaming o juguetes que se usan diariamente, considerá pilas recargables. Para dispositivos de uso ocasional como controles remotos de TV o relojes, las pilas alcalinas son la mejor opción.</p>",ENERGIZER,Electronics > Electronics Accessories > Power > Batteries > General Purpose Batteries,Baterías y Pilas,"1-5v, alcalina, desechable, energizer, mayorista, pila-aaa",true,Title,Default Title,,,,,,,,,110.0,shopify,4,deny,manual,10650.00,,true,true,,,,,8999002672068,https://cdn.shopify.com/s/files/1/0796/0703/8180/files/01100134_pilas_energizer_aaa_x1_1.jpg?v=1773342210,1,"",false,Pilas Energizer AAA Alcalinas Tira x10 | Marca Líder,"Tira x10 pilas Energizer AAA alcalinas originales. Hasta 7x más duración, protección contra derrames. Compatible con controles, juguetes. ¡Comprá ahora!",,,,,,,,,,,,,,,,,,,,,,,,vida-util-alta,aaa,,desechables,,,,,,,,,,,,,,,,geometrico; blanco; a-rayas,,,,,,,,,,,,,,,,,,,,,,,,,,,,,,,,,,,,,,,,,,,,,,,,,,,,,,,,,,,,,,,,,,,producto-ecologico,,,,,,,,,,,,,,,,,,,,,,,,,,,,,,,,,,,,,,g,,,active
pilas-energizer-aaa-alcalinas-tira-x10,,,,,,,,,,,,,,,,,,,,,,,,,,,,,,,,https://cdn.shopify.com/s/files/1/0796/0703/8180/files/174987-800-800.webp?v=1773342210,2,"",,,,,,,,,,,,,,,,,,,,,,,,,,,,,,,,,,,,,,,,,,,,,,,,,,,,,,,,,,,,,,,,,,,,,,,,,,,,,,,,,,,,,,,,,,,,,,,,,,,,,,,,,,,,,,,,,,,,,,,,,,,,,,,,,,,,,,,,,,,,,,,,,,,,,,,,,,
pilas-energizer-aa-alcalinas-tira-x10,Pilas Energizer AA Alcalinas - Tira x10 Unidades,"<h3>Pilas Energizer AA Alcalinas - Tira x10 Unidades</h3>

<p>Descubrí la <strong>Tira de Pilas Energizer AA Alcalinas</strong> con 10 unidades, la elección de millones de personas en todo el mundo. Con tecnología alcalina de alta calidad y mayor capacidad que las AAA, ofrece energía duradera y confiable para dispositivos de mayor consumo.</p>

<h4>Características Principales:</h4>
<ul>
<li>
<strong>Tira x10 Unidades:</strong> Pack conveniente con 10 pilas AA</li>
<li>
<strong>Marca Energizer:</strong> Líder mundial en baterías alcalinas</li>
<li>
<strong>Tipo AA (Doble A):</strong> Tamaño estándar, el más usado en el mundo</li>
<li>
<strong>Mayor Capacidad:</strong> Más energía que las pilas AAA para dispositivos de alto consumo</li>
<li>
<strong>Tecnología Alcalina:</strong> Mayor duración que pilas comunes de zinc-carbón</li>
<li>
<strong>Larga Vida Útil:</strong> Hasta 10 años de almacenamiento</li>
<li>
<strong>Protección contra Derrames:</strong> Diseño que previene fugas</li>
<li>
<strong>Voltaje 1.5V:</strong> Potencia estándar para máxima compatibilidad</li>
<li>
<strong>Libre de Mercurio:</strong> Amigable con el medio ambiente</li>
</ul>

<h4>¿Por Qué Elegir Energizer AA?</h4>
<p>Las pilas AA son las <strong>más utilizadas en el mundo</strong> por su equilibrio perfecto entre tamaño y capacidad. Energizer ofrece hasta 7 veces más duración que pilas comunes de zinc-carbón, lo que significa menos cambios de pilas y mayor ahorro a largo plazo. La tira de 10 unidades te permite tener stock de repuesto para todos tus dispositivos.</p>

<p><strong>Compatibilidad Universal:</strong></p>
<ul>
<li>
<strong>Juguetes:</strong> Autos a control remoto, robots, juguetes electrónicos de alto consumo</li>
<li>
<strong>Cámaras Digitales:</strong> Cámaras compactas y flashes profesionales</li>
<li>
<strong>Linternas:</strong> Linternas LED de alta potencia y tradicionales</li>
<li>
<strong>Controles Remotos:</strong> TV, aire acondicionado, equipos de audio</li>
<li>
<strong>Radios Portátiles:</strong> Radios AM/FM y equipos de comunicación</li>
<li>
<strong>Dispositivos Inalámbricos:</strong> Ratones, teclados, controles de gaming</li>
<li>
<strong>Relojes de Pared:</strong> Relojes analógicos y digitales grandes</li>
<li>
<strong>Equipos de Audio:</strong> Reproductores portátiles, grabadoras</li>
<li>
<strong>Detectores de Humo:</strong> Alarmas y sensores de seguridad</li>
<li><strong>Cualquier dispositivo que use pilas AA</strong></li>
</ul>

<p><strong>Diferencia entre AA y AAA:</strong></p>
<ul>
<li>
<strong>AA (Doble A):</strong> Más grandes, mayor capacidad (2500-3000 mAh), ideales para dispositivos de alto consumo como cámaras, linternas potentes y juguetes</li>
<li>
<strong>AAA (Triple A):</strong> Más pequeñas, menor capacidad (1000-1200 mAh), ideales para dispositivos compactos de bajo consumo como controles remotos</li>
</ul>

<p><strong>Ventajas de las Pilas Alcalinas Energizer:</strong></p>
<ul>
<li>Hasta 7 veces más duración que pilas comunes</li>
<li>Rendimiento superior en dispositivos de alto consumo</li>
<li>Protección contra derrames por hasta 2 años</li>
<li>Funcionamiento confiable en temperaturas extremas</li>
<li>Marca reconocida mundialmente por su calidad</li>
<li>Formato en tira para fácil almacenamiento</li>
</ul>

<p><strong>Contenido del Paquete:</strong></p>
<ul>
<li>10 pilas Energizer AA alcalinas</li>
<li>Presentación en tira para fácil almacenamiento</li>
</ul>

<p><strong>Especificaciones Técnicas:</strong></p>
<ul>
<li>Tipo: AA (Doble A / LR6)</li>
<li>Voltaje: 1.5V</li>
<li>Capacidad aproximada: 2500-3000 mAh</li>
<li>Tecnología: Alcalina</li>
<li>Marca: Energizer</li>
<li>Vida útil en almacenamiento: hasta 10 años</li>
<li>Peso por pila: aproximadamente 23 gramos</li>
<li>Contenido: 10 unidades en tira</li>
</ul>

<p><strong>Recomendación:</strong> Para dispositivos de uso frecuente y alto consumo como cámaras digitales o juguetes que se usan diariamente, considerá pilas recargables AA. Para dispositivos de uso ocasional, las pilas alcalinas Energizer son la mejor opción.</p>",ENERGIZER,Electronics > Electronics Accessories > Power > Batteries > General Purpose Batteries,Baterías y Pilas,"1-5v, alcalina, desechable, energizer, mayorista, pila-aa",true,Title,Default Title,,,,,,,,,230.0,shopify,4,deny,manual,10650.00,,true,true,,,,,8999002671962,https://cdn.shopify.com/s/files/1/0796/0703/8180/files/pila-aa-energizer-max-por-unidad.jpg?v=1773342437,1,"",false,Pilas Energizer AA Alcalinas Tira x10 | Mayor Capacidad,"Tira x10 pilas Energizer AA alcalinas originales. Mayor capacidad que AAA, hasta 7x más duración. Ideal para cámaras, juguetes, linternas. ¡Comprá!",,,,,,,,,,,,,,,,,,,,,,,,vida-util-alta,aa,,desechables,,,,,,,,,,,,,,,,negro; rojo,,,,,,,,,,,,,,,,,,,,,,,,,,,,,,,,,,,,,,,,,,,,,,,,,,,,,,,,,,,,,,,,,,,producto-ecologico,,,,,,,,,,,,,,,,,,,,,,,,,,,,,,,,,,,,,,g,,,active
pilas-energizer-aa-alcalinas-tira-x10,,,,,,,,,,,,,,,,,,,,,,,,,,,,,,,,https://cdn.shopify.com/s/files/1/0796/0703/8180/files/aa1-dc191a2dee295c2bc317483588039588-1024-1024.webp?v=1773342437,2,"",,,,,,,,,,,,,,,,,,,,,,,,,,,,,,,,,,,,,,,,,,,,,,,,,,,,,,,,,,,,,,,,,,,,,,,,,,,,,,,,,,,,,,,,,,,,,,,,,,,,,,,,,,,,,,,,,,,,,,,,,,,,,,,,,,,,,,,,,,,,,,,,,,,,,,,,,,
pilas-a23-vinnic-alcalinas-12v-tira-x5,Pilas A23 Vinnic Alcalinas 12V - Tira x5 Unidades,"<h3>Pilas A23 Vinnic Alcalinas 12V - Tira x5 Unidades</h3>

<p>Descubrí la <strong>Tira de Pilas A23 Vinnic Alcalinas</strong> con 5 unidades, la pila especializada de 12V para controles remotos, alarmas y dispositivos de seguridad. Con tecnología alcalina de alta calidad, ofrece energía confiable para tus dispositivos más importantes.</p>

<h4>Características Principales:</h4>
<ul>
<li>
<strong>Tira x5 Unidades:</strong> Pack conveniente con 5 pilas A23</li>
<li>
<strong>Voltaje 12V:</strong> Alto voltaje para dispositivos especializados</li>
<li>
<strong>Tipo A23:</strong> También conocida como 23A, MN21, L1028</li>
<li>
<strong>Marca Vinnic:</strong> Calidad confiable en baterías alcalinas</li>
<li>
<strong>Tecnología Alcalina:</strong> Mayor duración y rendimiento estable</li>
<li>
<strong>Formato Compacto:</strong> Pequeña pero potente (28.5mm x 10.3mm)</li>
<li>
<strong>Larga Vida Útil:</strong> Hasta 3 años de almacenamiento</li>
<li>
<strong>Libre de Mercurio:</strong> Amigable con el medio ambiente</li>
</ul>

<h4>¿Qué es una Pila A23?</h4>
<p>La pila A23 es una <strong>pila alcalina de 12V</strong> con formato cilíndrico compacto. A diferencia de las pilas AA o AAA que son de 1.5V, la A23 proporciona 12V en un tamaño pequeño, lo que la hace ideal para dispositivos que requieren mayor voltaje como controles remotos de portones, alarmas y sistemas de seguridad.</p>

<p><strong>Compatibilidad y Usos Específicos:</strong></p>
<ul>
<li>
<strong>Controles Remotos de Portones:</strong> Portones automáticos, barreras vehiculares</li>
<li>
<strong>Alarmas de Auto:</strong> Controles remotos de alarmas vehiculares</li>
<li>
<strong>Sistemas de Seguridad:</strong> Controles de alarmas domésticas</li>
<li>
<strong>Timbres Inalámbricos:</strong> Timbres y campanillas sin cables</li>
<li>
<strong>Controles de Garaje:</strong> Abre-puertas de cochera</li>
<li>
<strong>Llaves de Auto:</strong> Algunos controles remotos de vehículos</li>
<li>
<strong>Dispositivos de Seguridad:</strong> Sensores y detectores inalámbricos</li>
<li>
<strong>Controles Remotos RF:</strong> Dispositivos de radiofrecuencia</li>
<li>
<strong>Collares Electrónicos:</strong> Algunos collares de adiestramiento para mascotas</li>
</ul>

<p><strong>Nombres Alternativos de la A23:</strong></p>
<p>Esta pila también se conoce como: 23A, MN21, L1028, V23GA, GP23A, K23A, LRV08, 8LR932, 8LR23. Si tu dispositivo requiere alguno de estos modelos, la A23 es compatible.</p>

<p><strong>Ventajas de las Pilas A23 Alcalinas:</strong></p>
<ul>
<li>Alto voltaje (12V) en formato compacto</li>
<li>Mayor duración que pilas de zinc-carbón</li>
<li>Rendimiento estable durante toda su vida útil</li>
<li>Ideal para dispositivos de seguridad críticos</li>
<li>Formato en tira para fácil almacenamiento</li>
</ul>

<p><strong>Contenido del Paquete:</strong></p>
<ul>
<li>5 pilas A23 Vinnic alcalinas de 12V</li>
<li>Presentación en tira para fácil almacenamiento</li>
</ul>

<p><strong>Especificaciones Técnicas:</strong></p>
<ul>
<li>Modelo: A23 (23A, MN21, L1028)</li>
<li>Voltaje: 12V</li>
<li>Tecnología: Alcalina</li>
<li>Marca: Vinnic</li>
<li>Dimensiones: 28.5mm de largo x 10.3mm de diámetro</li>
<li>Vida útil en almacenamiento: hasta 3 años</li>
<li>Peso por pila: aproximadamente 8 gramos</li>
<li>Contenido: 5 unidades en tira</li>
</ul>

<p><strong>Importante:</strong> Verificá que tu dispositivo requiera específicamente pilas A23 de 12V. No son intercambiables con pilas AA, AAA u otros formatos.</p>",VINNIC,Electronics > Electronics Accessories > Power > Batteries > General Purpose Batteries,Baterías y Pilas,"12v, alcalina, control-remoto, mayorista, pila-a23, vinnic",true,Title,Default Title,,,,,,,,,40.0,shopify,0,deny,manual,3607.00,,true,true,,,,,4898338006438,https://cdn.shopify.com/s/files/1/0796/0703/8180/files/230_06-01-2023-11-01-47-pila-v23a-3.jpg?v=1773342673,1,"",false,Pilas A23 Vinnic Alcalinas 12V Tira x5 | Controles y Alarmas,"Tira x5 pilas A23 Vinnic alcalinas 12V. Ideales para controles de portones, alarmas de auto, timbres inalámbricos. Calidad Vinnic. ¡Comprá ahora!",,,,,,,,,,,,,,,,,,,,,,,,vida-util-alta,a23,alcalino,desechables,,,,,,,,,,,,,,,,celeste,,,,,,,,,,,,,,,,,,,,,,,,,,,,,,,,,,,,,,,,,,,,,,,,,,,,,,,,,,,,,,,,,,,producto-ecologico,,,,,,,,,,,,,,,,,,,,,,,,,,,,,,,,,,,,,,g,,,active
pilas-a23-vinnic-alcalinas-12v-tira-x5,,,,,,,,,,,,,,,,,,,,,,,,,,,,,,,,https://cdn.shopify.com/s/files/1/0796/0703/8180/files/vin-23a_1.jpg?v=1773342673,2,"",,,,,,,,,,,,,,,,,,,,,,,,,,,,,,,,,,,,,,,,,,,,,,,,,,,,,,,,,,,,,,,,,,,,,,,,,,,,,,,,,,,,,,,,,,,,,,,,,,,,,,,,,,,,,,,,,,,,,,,,,,,,,,,,,,,,,,,,,,,,,,,,,,,,,,,,,,
pilas-a23-energizer-alcalinas-12v-tira-x5,Pilas A23 Energizer Alcalinas 12V - Tira x5 Unidades,"<h3>Pilas A23 Energizer Alcalinas 12V - Tira x5 Unidades</h3>

<p>Descubrí la <strong>Tira de Pilas A23 Energizer Alcalinas</strong> con 5 unidades, la pila especializada de 12V de la marca líder mundial. Ideal para controles remotos, alarmas y dispositivos de seguridad que requieren máxima confiabilidad.</p>

<h4>Características Principales:</h4>
<ul>
<li>
<strong>Tira x5 Unidades:</strong> Pack conveniente con 5 pilas A23</li>
<li>
<strong>Marca Energizer:</strong> Líder mundial en baterías, calidad premium garantizada</li>
<li>
<strong>Voltaje 12V:</strong> Alto voltaje para dispositivos especializados</li>
<li>
<strong>Tipo A23:</strong> También conocida como 23A, MN21, L1028</li>
<li>
<strong>Tecnología Alcalina:</strong> Máxima duración y rendimiento estable</li>
<li>
<strong>Formato Compacto:</strong> Pequeña pero potente (28.5mm x 10.3mm)</li>
<li>
<strong>Larga Vida Útil:</strong> Hasta 5 años de almacenamiento</li>
<li>
<strong>Protección contra Derrames:</strong> Diseño que previene fugas</li>
<li>
<strong>Libre de Mercurio:</strong> Amigable con el medio ambiente</li>
</ul>

<h4>¿Por Qué Elegir Energizer A23?</h4>
<p>Cuando se trata de dispositivos de seguridad críticos como alarmas de auto o controles de portones, la <strong>confiabilidad es fundamental</strong>. Energizer ofrece calidad superior y mayor duración que pilas genéricas, asegurando que tus dispositivos funcionen cuando más los necesitás. La pila A23 proporciona 12V en un tamaño compacto, ideal para dispositivos que requieren mayor voltaje que las pilas AA o AAA (1.5V).</p>

<p><strong>Compatibilidad y Usos Específicos:</strong></p>
<ul>
<li>
<strong>Controles Remotos de Portones:</strong> Portones automáticos, barreras vehiculares</li>
<li>
<strong>Alarmas de Auto:</strong> Controles remotos de alarmas vehiculares</li>
<li>
<strong>Sistemas de Seguridad:</strong> Controles de alarmas domésticas</li>
<li>
<strong>Timbres Inalámbricos:</strong> Timbres y campanillas sin cables</li>
<li>
<strong>Controles de Garaje:</strong> Abre-puertas de cochera</li>
<li>
<strong>Llaves de Auto:</strong> Algunos controles remotos de vehículos</li>
<li>
<strong>Dispositivos de Seguridad:</strong> Sensores y detectores inalámbricos</li>
<li>
<strong>Controles Remotos RF:</strong> Dispositivos de radiofrecuencia</li>
<li>
<strong>Collares Electrónicos:</strong> Algunos collares de adiestramiento para mascotas</li>
</ul>

<p><strong>Nombres Alternativos de la A23:</strong></p>
<p>Esta pila también se conoce como: 23A, MN21, L1028, V23GA, GP23A, K23A, LRV08, 8LR932, 8LR23. Si tu dispositivo requiere alguno de estos modelos, la A23 Energizer es compatible.</p>

<p><strong>Ventajas de Energizer A23:</strong></p>
<ul>
<li>Calidad premium de marca líder mundial</li>
<li>Mayor duración que pilas genéricas</li>
<li>Alto voltaje (12V) en formato compacto</li>
<li>Rendimiento estable durante toda su vida útil</li>
<li>Protección contra derrames</li>
<li>Ideal para dispositivos de seguridad críticos</li>
<li>Formato en tira para fácil almacenamiento</li>
</ul>

<p><strong>Contenido del Paquete:</strong></p>
<ul>
<li>5 pilas A23 Energizer alcalinas de 12V</li>
<li>Presentación en tira para fácil almacenamiento</li>
</ul>

<p><strong>Especificaciones Técnicas:</strong></p>
<ul>
<li>Modelo: A23 (23A, MN21, L1028)</li>
<li>Voltaje: 12V</li>
<li>Tecnología: Alcalina</li>
<li>Marca: Energizer</li>
<li>Dimensiones: 28.5mm de largo x 10.3mm de diámetro</li>
<li>Vida útil en almacenamiento: hasta 5 años</li>
<li>Peso por pila: aproximadamente 8 gramos</li>
<li>Contenido: 5 unidades en tira</li>
</ul>

<p><strong>Importante:</strong> Verificá que tu dispositivo requiera específicamente pilas A23 de 12V. No son intercambiables con pilas AA, AAA u otros formatos.</p>",ENERGIZER,Electronics > Electronics Accessories > Power > Batteries > General Purpose Batteries,Baterías y Pilas,"12v, alcalina, control-remoto, energizer, mayorista, pila-a23",true,Title,Default Title,,,,,,,,A23,40.0,shopify,3,deny,manual,6580.00,,true,true,,,,,8888021300376,https://cdn.shopify.com/s/files/1/0796/0703/8180/files/energizer-a23.jpg?v=1773343079,1,"",false,Pilas A23 Energizer Alcalinas 12V Tira x5 | Marca Premium,"Tira x5 pilas A23 Energizer alcalinas 12V. Calidad premium para controles de portones, alarmas de auto, timbres. Marca líder mundial. ¡Comprá ahora!",,,,,,,,,,,,,,,,,,,,,,,,,,,desechables,,,,,,,,,,,,,,,,negro,,,,,,,,,,,,,,,,,,,,,,,,,,,,,,,,,,,,,,,,,,,,,,,,,,,,,,,,,,,,,,,,,,,,,,,,,,,,,,,,,,,,,,,,,,,,,,,,,,,,,,,,,g,,,active
pilas-a23-energizer-alcalinas-12v-tira-x5,,,,,,,,,,,,,,,,,,,,,,,,,,,,,,,,https://cdn.shopify.com/s/files/1/0796/0703/8180/files/w_800_h_800_fit_pad.webp?v=1773343079,2,"",,,,,,,,,,,,,,,,,,,,,,,,,,,,,,,,,,,,,,,,,,,,,,,,,,,,,,,,,,,,,,,,,,,,,,,,,,,,,,,,,,,,,,,,,,,,,,,,,,,,,,,,,,,,,,,,,,,,,,,,,,,,,,,,,,,,,,,,,,,,,,,,,,,,,,,,,,
pendrive-sandisk-ultra-fit-64gb-usb-3-2,Pen drive SanDisk Ultra Fit 64GB USB 3.2 - 300MB/s,"<h3>Pen drive SanDisk Ultra Fit 64GB USB 3.2 - Velocidad y Portabilidad Extrema</h3>
<p>Descubrí el <strong>Pendrive SanDisk Ultra Fit de 64GB</strong>, la solución perfecta para quienes necesitan almacenamiento rápido y ultra compacto. Con tecnología USB 3.2 y velocidades de hasta 300MB/s, ofrece transferencias ultra rápidas en un diseño miniatura.</p>
<h4>Características Principales:</h4>
<ul>
<li>
<strong>Capacidad 64GB:</strong> Espacio suficiente para miles de archivos, fotos y videos</li>
<li>
<strong>USB 3.2:</strong> Última generación de tecnología USB para máxima velocidad</li>
<li>
<strong>Velocidad de Lectura 300MB/s:</strong> Transferencias ultra rápidas</li>
<li>
<strong>Diseño Ultra Fit:</strong> Miniatura, casi invisible cuando está conectado</li>
<li>
<strong>Marca SanDisk:</strong> Líder mundial en almacenamiento, calidad garantizada</li>
<li>
<strong>Plug and Play:</strong> Listo para usar, sin instalación de software</li>
<li>
<strong>Retrocompatible:</strong> Funciona con USB 3.1, 3.0 y 2.0</li>
<li>
<strong>Resistente:</strong> Diseño robusto resistente a golpes, agua y temperaturas extremas</li>
</ul>
<h4>¿Por Qué Elegir el SanDisk Ultra Fit?</h4>
<p>El Ultra Fit es <strong>hasta 15 veces más rápido que USB 2.0</strong>, lo que significa que podés transferir películas completas en segundos en lugar de minutos. Su diseño ultra compacto lo hace perfecto para dejarlo conectado permanentemente en notebooks, autos o TVs sin que moleste. Imaginate tener 64GB de almacenamiento extra en tu notebook sin que sobresalga nada del puerto USB.</p>
<p><strong>Velocidades de Transferencia:</strong></p>
<ul>
<li>Lectura: hasta 300MB/s</li>
<li>Transferencia de película Full HD (4GB): aproximadamente 15 segundos</li>
<li>Transferencia de 1000 fotos (3GB): aproximadamente 10 segundos</li>
<li>Hasta 15x más rápido que USB 2.0</li>
</ul>
<p><strong>Usos Ideales:</strong></p>
<ul>
<li>
<strong>Expansión de Almacenamiento:</strong> Dejalo conectado permanentemente en notebooks o ultrabooks</li>
<li>
<strong>Multimedia en Auto:</strong> Música y videos para sistemas de entretenimiento vehicular</li>
<li>
<strong>Smart TV:</strong> Películas, series y fotos para reproducir en TV</li>
<li>
<strong>Consolas de Juegos:</strong> Almacenamiento adicional para PS4, PS5, Xbox</li>
<li>
<strong>Transferencia de Archivos:</strong> Mover documentos, fotos y videos entre dispositivos</li>
<li>
<strong>Backup Portátil:</strong> Respaldo de archivos importantes</li>
<li>
<strong>Presentaciones:</strong> Llevar presentaciones y documentos de trabajo</li>
</ul>
<p><strong>Capacidad de Almacenamiento (64GB):</strong></p>
<ul>
<li>Aproximadamente 16,000 fotos (4MP)</li>
<li>Aproximadamente 16 películas Full HD (4GB cada una)</li>
<li>Aproximadamente 16,000 canciones MP3</li>
<li>Miles de documentos y archivos</li>
</ul>
<p><strong>Ventajas del Diseño Ultra Fit:</strong></p>
<ul>
<li>Miniatura: casi no sobresale del puerto USB</li>
<li>Perfecto para dejarlo conectado permanentemente</li>
<li>No estorba al usar el notebook</li>
<li>Ideal para espacios reducidos</li>
<li>Resistente a golpes accidentales por su bajo perfil</li>
</ul>
<p><strong>Compatibilidad:</strong></p>
<ul>
<li>Windows 11, 10, 8, 7, Vista, XP</li>
<li>Mac OS X v10.6+</li>
<li>Linux v2.6+</li>
<li>Smart TVs con puerto USB</li>
<li>Sistemas de audio para auto</li>
<li>Consolas de videojuegos</li>
</ul>
<p><strong>Especificaciones Técnicas:</strong></p>
<ul>
<li>Capacidad: 64GB</li>
<li>Interfaz: USB 3.2 (retrocompatible con USB 3.1, 3.0 y 2.0)</li>
<li>Velocidad de lectura: hasta 300MB/s</li>
<li>Marca: SanDisk</li>
<li>Diseño: Ultra Fit (ultra compacto)</li>
<li>Dimensiones: Miniatura (aprox. 19mm x 15mm x 8mm)</li>
<li>Peso: aproximadamente 2 gramos</li>
<li>Resistencia: Golpes, agua, temperaturas extremas</li>
</ul>
<p><strong>Incluye:</strong> Pendrive SanDisk Ultra Fit 64GB USB 3.2</p>",SANDISK,Electronics > Electronics Accessories > Computer Components > Storage Devices > USB Flash Drives,Almacenamiento,"64gb, mayorista, pendrive, sandisk, ultra-fit, usb-3-2",true,Title,Default Title,,,,,,,,sdcz430-064g-g46,10.0,shopify,6,deny,manual,35035.00,,true,true,,,,,619659163730,https://cdn.shopify.com/s/files/1/0796/0703/8180/files/ultra-fit-usb-3-1-angle-right-up-png-thumb-1280-128091-8ec95a03ec564bfde316366418893434-1024-1024.webp?v=1773343589,1,"",false,Pendrive SanDisk Ultra Fit 64GB USB 3.2 300MB/s | Ultra Compacto,"Pendrive SanDisk Ultra Fit 64GB USB 3.2, velocidad 300MB/s. Ultra compacto, ideal para notebooks, autos, TVs. Calidad SanDisk garantizada. ¡Comprá ahora!",,,,,,,,,,,,,,,,,,,,,,,,,,,,,,,,,,,,,,,,,,,negro,,,,,,,usb,,,,,,,,,,,,,,,,,,,,,,,,,,,,,,,,,,,,,,,,,,,,,,,,,,,,,,,,,,usb,,,,,,,,,,,,,,,,,,,,,,,,,,,usb-3-1-gen-1; usb-3-2-gen-1x1,,,,,,,,,,,,,g,,,active
pendrive-sandisk-ultra-fit-64gb-usb-3-2,,,,,,,,,,,,,,,,,,,,,,,,,,,,,,,,https://cdn.shopify.com/s/files/1/0796/0703/8180/files/nanotech-2-2025-06-21T134344.770.png?v=1773343589,2,"",,,,,,,,,,,,,,,,,,,,,,,,,,,,,,,,,,,,,,,,,,,,,,,,,,,,,,,,,,,,,,,,,,,,,,,,,,,,,,,,,,,,,,,,,,,,,,,,,,,,,,,,,,,,,,,,,,,,,,,,,,,,,,,,,,,,,,,,,,,,,,,,,,,,,,,,,,
parlantes-noga-twins-bluetooth-bt-1021,Parlantes Noga Twins Bluetooth BT-1021 - Sistema Doble Estéreo,"<h3>Parlantes Noga Twins Bluetooth BT-1021 - Sonido Estéreo Potente</h3>

<p>Descubrí los <strong>Parlantes Noga Twins Bluetooth BT-1021</strong>, el sistema de doble parlante que ofrece verdadero sonido estéreo. Con conectividad Bluetooth inalámbrica y diseño compacto, son perfectos para llevar tu música a cualquier lugar.</p>

<h4>Características Principales:</h4>
<ul>
<li>
<strong>Sistema Twins (Doble Parlante):</strong> Dos parlantes para sonido estéreo real</li>
<li>
<strong>Conectividad Bluetooth:</strong> Conexión inalámbrica desde tu celular, tablet o notebook</li>
<li>
<strong>Marca Noga:</strong> Calidad y confiabilidad garantizada</li>
<li>
<strong>Modelo BT-1021:</strong> Diseño compacto y portátil</li>
<li>
<strong>Batería Recargable:</strong> Horas de reproducción sin cables</li>
<li>
<strong>Entrada Auxiliar:</strong> También funciona con cable para dispositivos sin Bluetooth</li>
<li>
<strong>Controles Integrados:</strong> Volumen y reproducción al alcance de tu mano</li>
<li>
<strong>Diseño Portátil:</strong> Lleválos a donde quieras</li>
</ul>

<h4>¿Por Qué Elegir los Noga Twins?</h4>
<p>A diferencia de los parlantes individuales, el sistema <strong>Twins ofrece verdadero sonido estéreo</strong> con separación de canales izquierdo y derecho. Imaginate disfrutar de tu música favorita con la calidad de audio que merece, ya sea en casa, en la oficina o en una reunión con amigos. La conectividad Bluetooth te libera de cables y te permite controlar la música desde tu celular.</p>

<p><strong>Ventajas del Sistema Twins:</strong></p>
<ul>
<li>Sonido estéreo real con separación de canales</li>
<li>Mayor potencia y volumen que parlantes individuales</li>
<li>Experiencia de audio inmersiva</li>
<li>Ideal para películas, música y gaming</li>
</ul>

<p><strong>Usos Ideales:</strong></p>
<ul>
<li>
<strong>Hogar:</strong> Música ambiental, películas, series</li>
<li>
<strong>Oficina:</strong> Audio para videoconferencias, música de fondo</li>
<li>
<strong>Escritorio:</strong> Mejora el audio de tu PC o notebook</li>
<li>
<strong>Reuniones:</strong> Música para fiestas y encuentros</li>
<li>
<strong>Viajes:</strong> Entretenimiento portátil</li>
<li>
<strong>Gaming:</strong> Audio estéreo para juegos</li>
</ul>

<p><strong>Conectividad:</strong></p>
<ul>
<li>
<strong>Bluetooth:</strong> Conexión inalámbrica con celulares, tablets, notebooks</li>
<li>
<strong>Entrada Auxiliar 3.5mm:</strong> Conexión con cable para cualquier dispositivo</li>
<li>
<strong>Compatible con:</strong> Android, iOS, Windows, Mac</li>
</ul>

<p><strong>Características de Audio:</strong></p>
<ul>
<li>Sistema 2.0 (doble parlante estéreo)</li>
<li>Potencia suficiente para habitaciones medianas</li>
<li>Controles de volumen integrados</li>
<li>Audio claro y balanceado</li>
</ul>

<p><strong>Alimentación:</strong></p>
<ul>
<li>Batería recargable integrada</li>
<li>Cable de carga incluido (USB)</li>
<li>Horas de reproducción continua</li>
<li>También funciona mientras se carga</li>
</ul>

<p><strong>Incluye:</strong></p>
<ul>
<li>2 parlantes Noga Twins BT-1021</li>
<li>Cable de conexión entre parlantes</li>
<li>Cable de carga USB</li>
<li>Cable auxiliar 3.5mm</li>
<li>Manual de usuario</li>
</ul>

<p><strong>Especificaciones Técnicas:</strong></p>
<ul>
<li>Modelo: Noga BT-1021 Twins</li>
<li>Conectividad: Bluetooth + Auxiliar 3.5mm</li>
<li>Sistema: 2.0 estéreo (doble parlante)</li>
<li>Alimentación: Batería recargable USB</li>
<li>Marca: Noga</li>
<li>Peso aproximado: 400 gramos (ambos parlantes)</li>
</ul>",NOGA,Electronics > Audio > Audio Components > Speakers,Audio,"bluetooth, estereo, mayorista, noga, parlantes, twins",true,Title,Default Title,,,,,,,,NG-BT1021,400.0,shopify,1,deny,manual,14840.00,,true,true,,,,,7798137716897,https://cdn.shopify.com/s/files/1/0796/0703/8180/files/kit-parlantes-noga-inalambricos-speakers-bt-1021-tws-luces-led-3w-x2.jpg?v=1773343988,1,"",false,Parlantes Noga Twins Bluetooth BT-1021 | Sonido Estéreo,"Parlantes Noga Twins Bluetooth BT-1021. Sistema doble estéreo, conexión inalámbrica, batería recargable. Sonido potente y portátil. ¡Comprá ahora!",,,,,,,,,,,,,,,,,,2,audio-para-el-hogar; audio-portatil; audio-profesional,,,,,,,,,,,,,,,,,,,,,,,,negro,,,,,,,,bluetooth; cableado,,,,,,auxiliar; usb,,,,,,,,,,,,,,,,,,,,,,,,,,,,,,,,,,,,,portatil; sobremesa; independiente,,,,,,,,,,,,,,recargable; funciona-con-baterias,,,,,,,,,,,,,portatil; estante-para-libros,control-del-volumen,dinamico,,,,,,,,,,,,,,,,,,,,,,,,,g,,,active
parlante-philips-2000-series-original,Parlante Philips TAX2208 2000 Series Bluetooth Portátil,"<h3>Parlante Philips 2000 Series - Sonido Potente y Portabilidad</h3>

<p>Llevá tu música a donde vayas con el <strong>Parlante Philips 2000 Series TAX2208</strong>. Diseñado para quienes buscan calidad de audio superior en un formato compacto y portátil.</p>

<h4>Características principales:</h4>
<ul>
<li>
<strong>Conectividad Bluetooth</strong> - Emparejamiento rápido y estable con tus dispositivos</li>
<li>
<strong>Diseño portátil</strong> - Llevalo a cualquier lugar con facilidad</li>
<li>
<strong>Sonido Philips</strong> - Calidad de audio reconocida mundialmente</li>
<li>
<strong>Batería de larga duración</strong> - Horas de reproducción continua</li>
<li>
<strong>Controles intuitivos</strong> - Manejo simple y directo</li>
</ul>

<h4>Ideal para:</h4>
<p>Reuniones al aire libre, uso en casa, oficina o como regalo para amantes de la música. El Philips 2000 Series combina tecnología y diseño en un producto confiable.</p>

<p><strong>Marca original Philips</strong> - Garantía de calidad y durabilidad.</p>",PHILIPS,Electronics > Audio > Audio Components > Speakers,Parlantes y Audio,"audio, bluetooth, mayorista, parlantes, philips, portátil",true,Title,Default Title,,,,,,,,TAX2208,3785.0,shopify,3,deny,manual,114878.00,,true,true,,,,,4895229133020,https://cdn.shopify.com/s/files/1/0796/0703/8180/files/3dbaf514e89a4a449283b0cc0112e89d.webp?v=1773350416,1,"",false,Parlante Philips TAX2208 Bluetooth Portátil 2000 Series | Original,"Parlante Philips 2000 Series TAX2208 Bluetooth portátil. Sonido potente, batería duradera y diseño compacto. Calidad original Philips para tu música en cualquier lugar.",,,,,,,,,,,,,,,,,,2,audio-para-el-hogar; audio-portatil,,,,,,,,,,,,,,,,,,,,,,,,negro,,,,,,,,bluetooth,,,,,,bluetooth,,,,,,,,,,,,,,,,,,,,,,,,,,,,,,,,,,,,,portatil; sobremesa,,,,,,,,,,,,,,funciona-con-baterias; recargable,,,,,,,,,,,,,portatil,control-del-volumen,dinamico,,,,,,,,,,,,,,,,,,,,,,,,,g,,,active
parlante-philips-2000-series-original,,,,,,,,,,,,,,,,,,,,,,,,,,,,,,,,https://cdn.shopify.com/s/files/1/0796/0703/8180/files/7240dc327f3a456894bab0ce007a9883.webp?v=1773350416,2,"",,,,,,,,,,,,,,,,,,,,,,,,,,,,,,,,,,,,,,,,,,,,,,,,,,,,,,,,,,,,,,,,,,,,,,,,,,,,,,,,,,,,,,,,,,,,,,,,,,,,,,,,,,,,,,,,,,,,,,,,,,,,,,,,,,,,,,,,,,,,,,,,,,,,,,,,,,
parlante-philips-2000-series-original,,,,,,,,,,,,,,,,,,,,,,,,,,,,,,,,https://cdn.shopify.com/s/files/1/0796/0703/8180/files/TAX2208_A2_jpg.png?v=1773350416,3,"",,,,,,,,,,,,,,,,,,,,,,,,,,,,,,,,,,,,,,,,,,,,,,,,,,,,,,,,,,,,,,,,,,,,,,,,,,,,,,,,,,,,,,,,,,,,,,,,,,,,,,,,,,,,,,,,,,,,,,,,,,,,,,,,,,,,,,,,,,,,,,,,,,,,,,,,,,
parlante-philips-2000-series-original,,,,,,,,,,,,,,,,,,,,,,,,,,,,,,,,https://cdn.shopify.com/s/files/1/0796/0703/8180/files/D_NQ_NP_2X_949385-MLA92049586525_092025-F.webp?v=1773350416,4,"",,,,,,,,,,,,,,,,,,,,,,,,,,,,,,,,,,,,,,,,,,,,,,,,,,,,,,,,,,,,,,,,,,,,,,,,,,,,,,,,,,,,,,,,,,,,,,,,,,,,,,,,,,,,,,,,,,,,,,,,,,,,,,,,,,,,,,,,,,,,,,,,,,,,,,,,,,
parlante-jbl-go-essential-original-color-negro-conexion-bluetooth,Parlante JBL Go Essential Bluetooth Portátil Negro Original,"<h3>Parlante JBL Go Essential - Sonido JBL en Formato Compacto</h3>

<p>Experimentá la calidad de audio legendaria de <strong>JBL</strong> en un parlante ultra portátil. El <strong>JBL Go Essential</strong> en color negro combina diseño elegante con potencia de sonido para acompañarte en cada momento.</p>

<h4>Características principales:</h4>
<ul>
<li>
<strong>Sonido JBL Original</strong> - Calidad de audio superior en tamaño compacto</li>
<li>
<strong>Bluetooth inalámbrico</strong> - Conectá tus dispositivos sin cables</li>
<li>
<strong>Ultra portátil</strong> - Llevalo en tu bolsillo o mochila</li>
<li>
<strong>Batería recargable</strong> - Hasta 5 horas de reproducción continua</li>
<li>
<strong>Diseño resistente</strong> - Construcción durable para uso diario</li>
<li>
<strong>Color negro elegante</strong> - Estilo versátil que combina con todo</li>
</ul>

<h4>Perfecto para:</h4>
<p>Viajes, picnics, playa, gimnasio, oficina o simplemente disfrutar tu música favorita en casa. Su tamaño compacto no compromete la calidad de sonido que esperás de JBL.</p>

<p><strong>Producto original JBL</strong> - Garantía de autenticidad y rendimiento.</p>",JBL,Electronics > Audio > Audio Components > Speakers,Parlantes y Audio,"audio, bluetooth, jbl, parlante, portátil",true,Title,Default Title,,,,,,,,GOESSENTIAL,265.0,shopify,2,deny,manual,55770.00,,true,true,,,,,6925281995613,https://cdn.shopify.com/s/files/1/0796/0703/8180/files/81CPF-0E3wL.jpg?v=1773350728,1,"",false,Parlante JBL Go Essential Bluetooth Negro Portátil | Original,"Parlante JBL Go Essential Bluetooth portátil negro. Sonido JBL original, ultra compacto, 5 horas de batería. Calidad premium en formato de bolsillo.",,,,,,,,,,,,,,,,,,2,audio-portatil,,,,,,,,,,,,,,,,,,,,,,,,negro,,,,,,,,bluetooth; inalambrico,,,,,,bluetooth,,,,,,,,,,,,,,,,,,,,,,,,,,,,,,,,,,,,,portatil; sobremesa,,,,,,,,,,,,,,recargable; funciona-con-baterias,,,,,,,,,,,,,portatil,control-del-volumen,dinamico,,,,,,,,,,,,,,,,,,,,,,,,,g,,,active
parlante-jbl-go-essential-original-color-negro-conexion-bluetooth,,,,,,,,,,,,,,,,,,,,,,,,,,,,,,,,https://cdn.shopify.com/s/files/1/0796/0703/8180/files/700_700-m12039_5.jpg?v=1773350728,2,"",,,,,,,,,,,,,,,,,,,,,,,,,,,,,,,,,,,,,,,,,,,,,,,,,,,,,,,,,,,,,,,,,,,,,,,,,,,,,,,,,,,,,,,,,,,,,,,,,,,,,,,,,,,,,,,,,,,,,,,,,,,,,,,,,,,,,,,,,,,,,,,,,,,,,,,,,,
parlante-bluetooth-noga-party-full-led-19-10cm-mod-ng-bt625,Parlante Bluetooth Noga Party NG-BT625 con Luces LED,"<h3>Parlante Noga Party NG-BT625 - La Fiesta en Tus Manos</h3>

<p>Transformá cualquier momento en una celebración con el <strong>Parlante Noga Party NG-BT625</strong>. Combinando potencia de sonido con efectos de luces LED, este parlante es perfecto para quienes buscan diversión y calidad.</p>

<h4>Características principales:</h4>
<ul>
<li>
<strong>Luces LED Full</strong> - Efectos de iluminación que siguen el ritmo de tu música</li>
<li>
<strong>Bluetooth inalámbrico</strong> - Conectividad rápida y estable</li>
<li>
<strong>Tamaño compacto</strong> - 19 x 10 cm, fácil de transportar</li>
<li>
<strong>Sonido potente</strong> - Audio claro y con buen volumen</li>
<li>
<strong>Batería recargable</strong> - Horas de música sin interrupciones</li>
<li>
<strong>Controles integrados</strong> - Manejo simple y directo</li>
</ul>

<h4>Ideal para:</h4>
<p>Fiestas, reuniones con amigos, eventos al aire libre, camping o simplemente crear ambiente en casa. Las luces LED agregan un toque visual espectacular que complementa la experiencia de audio.</p>

<p><strong>Modelo NG-BT625</strong> - Calidad Noga con garantía.</p>",NOGA,Electronics > Audio > Audio Components > Speakers,Parlantes y Audio,"bluetooth, fiesta, led, noga, parlante",true,Title,Default Title,,,,,,,,NG-BT625,290.0,shopify,2,deny,manual,15960.00,,true,true,,,,,,https://cdn.shopify.com/s/files/1/0796/0703/8180/files/ng-bt625-angulo-4ccf891085bf2884b217095781840822s-1024-1024.webp?v=1773350859,1,"",false,Parlante Bluetooth Noga Party NG-BT625 con Luces LED | Fiesta,"Parlante Bluetooth Noga Party NG-BT625 con luces LED full. Sonido potente, efectos de luz, compacto 19x10cm. Ideal para fiestas y eventos.",,,,,,,,,,,,,,,,,,2,audio-portatil; audio-para-el-hogar; uso-interior,,,,,,,,,,,,,,,,,,,,,,,,negro; geometrico,,,,,,,,bluetooth; inalambrico,,,,,,bluetooth,,,,,,,,,,,,,,,,,,,,,,,,,,,,,,,,,,,,,portatil; sobremesa; independiente,,,,,,,,,,,,,,recargable; funciona-con-baterias,,,,,,,,,,,,,portatil,control-del-volumen; control-por-voz,dinamico,,,,,,,,,,,,,,,,,,,,,,,,,g,,,active
parlante-bluetooth-noga-party-full-led-19-10cm-mod-ng-bt625,,,,,,,,,,,,,,,,,,,,,,,,,,,,,,,,https://cdn.shopify.com/s/files/1/0796/0703/8180/files/ng-bt625-pack.webp?v=1773350859,2,"",,,,,,,,,,,,,,,,,,,,,,,,,,,,,,,,,,,,,,,,,,,,,,,,,,,,,,,,,,,,,,,,,,,,,,,,,,,,,,,,,,,,,,,,,,,,,,,,,,,,,,,,,,,,,,,,,,,,,,,,,,,,,,,,,,,,,,,,,,,,,,,,,,,,,,,,,,
parlante-bluetooth-noga-party-full-led-17-7cm-mod-ng-bt630,Parlante Bluetooth Noga Party Full LED NG-BT630 17cm,"<h3>Parlante Bluetooth Noga Party Full LED NG-BT630</h3>

<p>Llevá la fiesta a donde vayas con este potente parlante Bluetooth con iluminación LED full que sincroniza con la música. Diseño compacto de 17cm ideal para reuniones, eventos o uso personal.</p>

<p><strong>Características principales:</strong></p>
<ul>
<li>Conectividad Bluetooth inalámbrica para streaming desde cualquier dispositivo</li>
<li>Iluminación LED full que crea ambiente festivo</li>
<li>Diseño portátil de 17 x 7 cm, fácil de transportar</li>
<li>Sonido potente y claro para tus reuniones</li>
<li>Marca Noga, calidad garantizada</li>
</ul>

<p><strong>Especificaciones:</strong></p>
<ul>
<li>Modelo: NG-BT630</li>
<li>Dimensiones: 17 x 7 cm</li>
<li>Conectividad: Bluetooth</li>
<li>Efectos: LED full sincronizado</li>
</ul>

<p>Ideal para fiestas, reuniones al aire libre, uso en casa o como regalo. Disfrutá de tu música favorita con estilo.</p>",NOGA,Electronics > Audio > Audio Components > Speakers,Parlantes Bluetooth,"audio, bluetooth, led, mayorista, parlante, portátil",true,Title,Default Title,,,,,,,,NG-BT630,280.0,shopify,1,deny,manual,15960.00,,true,true,,,,,7798137724076,https://cdn.shopify.com/s/files/1/0796/0703/8180/files/ng-bt630-angulo.webp?v=1773414176,1,"",false,Parlante Bluetooth Noga Party LED NG-BT630 | Portátil 17cm,"Parlante Bluetooth Noga Party Full LED NG-BT630 de 17cm. Iluminación LED sincronizada, sonido potente y diseño portátil. Ideal para fiestas y eventos.",,,,,,,,,,,,,,,,,,2,audio-portatil; audio-para-el-hogar; audio-profesional,,,,,,,,,,,,,,,,,,,,,,,,geometrico; negro,,,,,,,,bluetooth; inalambrico,,,,,,bluetooth,,,,,,,,,,,,,,,,,,,,,,,,,,,,,,,,,,,,,portatil; sobremesa,,,,,,,,,,,,,,funciona-con-baterias; recargable,,,,,,,,,,,,,portatil,control-del-volumen; control-por-voz,dinamico,,,,,,,,,,,,,,,,,,,,,,,,,g,,,active
parlante-bluetooth-noga-party-full-led-17-7cm-mod-ng-bt630,,,,,,,,,,,,,,,,,,,,,,,,,,,,,,,,https://cdn.shopify.com/s/files/1/0796/0703/8180/files/ng-bt630-pack.webp?v=1773414176,2,"",,,,,,,,,,,,,,,,,,,,,,,,,,,,,,,,,,,,,,,,,,,,,,,,,,,,,,,,,,,,,,,,,,,,,,,,,,,,,,,,,,,,,,,,,,,,,,,,,,,,,,,,,,,,,,,,,,,,,,,,,,,,,,,,,,,,,,,,,,,,,,,,,,,,,,,,,,
parlante-bluetooth-noga-party-full-led-17-7cm-mod-ng-bt630,,,,,,,,,,,,,,,,,,,,,,,,,,,,,,,,https://cdn.shopify.com/s/files/1/0796/0703/8180/files/ng-bt630-controls.webp?v=1773414176,3,"",,,,,,,,,,,,,,,,,,,,,,,,,,,,,,,,,,,,,,,,,,,,,,,,,,,,,,,,,,,,,,,,,,,,,,,,,,,,,,,,,,,,,,,,,,,,,,,,,,,,,,,,,,,,,,,,,,,,,,,,,,,,,,,,,,,,,,,,,,,,,,,,,,,,,,,,,,
parlante-bluetooth-noga-party-15-bateria-recargable-1800mah-potencia-25w-con-microfono-con-luces-led-60-40cm-mod-ngl-460bt,"Parlante Bluetooth Noga Party 15"" NGL-460BT 25W con Micrófono","<h3>Parlante Bluetooth Noga Party 15"" NGL-460BT - Potencia y Diversión</h3>
<p>Llevá tus eventos al siguiente nivel con este potente parlante de 15 pulgadas. Con 25W de potencia, batería recargable y micrófono incluido, es la solución perfecta para fiestas, karaoke, eventos y presentaciones.</p>
<p><strong>Características principales:</strong></p>
<ul>
<li>
<strong>Potencia de 25W</strong> - Sonido claro y potente que llena cualquier espacio</li>
<li>
<strong>Batería recargable 1800mAh</strong> - Horas de música sin cables</li>
<li>
<strong>Micrófono incluido</strong> - Ideal para karaoke, presentaciones y eventos</li>
<li>
<strong>Luces LED sincronizadas</strong> - Efectos visuales que siguen el ritmo de la música</li>
<li>
<strong>Conectividad Bluetooth</strong> - Conexión inalámbrica rápida y estable</li>
<li>
<strong>Woofer de 15 pulgadas</strong> - Graves profundos y audio de calidad</li>
<li>
<strong>Diseño portátil</strong> - Fácil de transportar a cualquier lugar</li>
</ul>
<p><strong>Especificaciones técnicas:</strong></p>
<ul>
<li>Modelo: NGL-460BT</li>
<li>Potencia: 25W RMS</li>
<li>Batería: 1800mAh recargable</li>
<li>Tamaño del parlante: 15 pulgadas</li>
<li>Dimensiones: 37 x 23 x 18 cm</li>
<li>Incluye: Micrófono</li>
<li>Efectos: Luces LED full</li>
</ul>
<p><strong>Aplicaciones ideales:</strong></p>
<p>Fiestas y eventos, karaoke en casa o comercial, presentaciones, reuniones al aire libre, animación de eventos, uso profesional y recreativo.</p>
<p>Marca Noga, calidad y potencia garantizada para tus mejores momentos.</p>",NOGA,Electronics > Audio > Audio Components > Speakers,Parlantes Bluetooth,"audio, bluetooth, karaoke, mayorista, micrófono, parlante",true,Title,Default Title,,,,,,,,NGL-460BT,0.0,shopify,1,deny,manual,165900.00,,true,true,,,,,,https://cdn.shopify.com/s/files/1/0796/0703/8180/files/ng-460bt-angul.webp?v=1773415422,1,"",false,"Parlante Bluetooth Noga 15"" NGL-460BT 25W con Micrófono | Party","Parlante Bluetooth Noga Party 15"" NGL-460BT 25W. Batería recargable 1800mAh, micrófono incluido, luces LED. Ideal para fiestas, karaoke y eventos.",,,,,,,,,,,,,,,,,,,audio-para-el-hogar; audio-profesional,,,,,,,,,,,,,,,,,,,,,,,,negro,,,,,,,,bluetooth; inalambrico,,,,,,bluetooth,,,,,,,,,,,,,,,,,,,,,,,,,,,,,,,,,,,,,portatil; independiente,,,,,,,,,,,,,,funciona-con-baterias; recargable,,,,,,,,,,,,,portatil; subwoofer,subwoofer; control-por-voz; control-del-volumen,dinamico,,,,,,,,,,,,,,,,,,,,,,,,,kg,,,active
parlante-bluetooth-noga-party-15-bateria-recargable-1800mah-potencia-25w-con-microfono-con-luces-led-60-40cm-mod-ngl-460bt,,,,,,,,,,,,,,,,,,,,,,,,,,,,,,,,https://cdn.shopify.com/s/files/1/0796/0703/8180/files/ng-460bt-pac.webp?v=1773415422,2,"",,,,,,,,,,,,,,,,,,,,,,,,,,,,,,,,,,,,,,,,,,,,,,,,,,,,,,,,,,,,,,,,,,,,,,,,,,,,,,,,,,,,,,,,,,,,,,,,,,,,,,,,,,,,,,,,,,,,,,,,,,,,,,,,,,,,,,,,,,,,,,,,,,,,,,,,,,
parlante-bluetooth-noga-party-15-bateria-recargable-1800mah-potencia-25w-con-microfono-con-luces-led-60-40cm-mod-ngl-460bt,,,,,,,,,,,,,,,,,,,,,,,,,,,,,,,,https://cdn.shopify.com/s/files/1/0796/0703/8180/files/ng-460bt-frent.webp?v=1773415422,3,"",,,,,,,,,,,,,,,,,,,,,,,,,,,,,,,,,,,,,,,,,,,,,,,,,,,,,,,,,,,,,,,,,,,,,,,,,,,,,,,,,,,,,,,,,,,,,,,,,,,,,,,,,,,,,,,,,,,,,,,,,,,,,,,,,,,,,,,,,,,,,,,,,,,,,,,,,,
parlante-bluetooth-noga-one-ligth-con-luces-led-20-30cm-mod-ngl-400bt-con-bateria-recargable,Parlante Bluetooth Noga One Light NGL-400BT con Luces LED,"<h3>Parlante Bluetooth Noga One Light NGL-400BT - Estilo y Sonido</h3>

<p>Disfrutá de tu música favorita con estilo gracias al <strong>Parlante Noga One Light NGL-400BT</strong>. Con luces LED que crean ambiente y batería recargable para llevarlo a donde quieras, es el compañero perfecto para tus momentos de diversión.</p>

<p><strong>Características principales:</strong></p>
<ul>
<li>
<strong>Luces LED integradas</strong> - Efectos de iluminación que dan vida a tu música</li>
<li>
<strong>Batería recargable</strong> - Libertad total sin cables, horas de reproducción</li>
<li>
<strong>Conectividad Bluetooth</strong> - Conexión inalámbrica rápida y estable desde cualquier dispositivo</li>
<li>
<strong>Diseño compacto</strong> - 20 x 30 cm, fácil de transportar y ubicar en cualquier espacio</li>
<li>
<strong>Sonido de calidad</strong> - Audio claro y potente para disfrutar tu música</li>
<li>
<strong>Controles integrados</strong> - Manejo simple y directo desde el parlante</li>
</ul>

<p><strong>Especificaciones técnicas:</strong></p>
<ul>
<li>Modelo: NGL-400BT</li>
<li>Dimensiones: 20 x 30 cm</li>
<li>Conectividad: Bluetooth inalámbrico</li>
<li>Alimentación: Batería recargable integrada</li>
<li>Efectos: Luces LED</li>
<li>SKU: NGL-400</li>
</ul>

<p><strong>Ideal para:</strong></p>
<p>Reuniones en casa, fiestas pequeñas, uso personal, decoración con música, espacios de trabajo, habitaciones y cualquier lugar donde quieras combinar sonido y ambiente visual.</p>

<p>Marca Noga, calidad y diseño para tus mejores momentos.</p>",NOGA,Electronics > Audio > Audio Components > Speakers,Parlantes Bluetooth,"audio, bluetooth, led, mayorista, parlante, portátil",true,Title,Default Title,,,,,,,,NGL-400,1325.0,shopify,0,deny,manual,36120.00,,true,true,,,,,7798137716217,https://cdn.shopify.com/s/files/1/0796/0703/8180/files/ngl-400bt-luz1.webp?v=1773415763,1,"",false,Parlante Bluetooth Noga One Light NGL-400BT con LED | Recargable,"Parlante Bluetooth Noga One Light NGL-400BT con luces LED. Batería recargable, diseño compacto 20x30cm. Sonido de calidad y efectos visuales.",,,,,,,,,,,,,,,,,,2,audio-para-el-hogar; audio-portatil,,,,,,,,,,,,,,,,,,,,,,,,negro,,,,,,,,bluetooth; inalambrico,,,,,,usb; bluetooth,,,,,,,,,,,,,,,,,,,,,,,,,,,,,,,,,,,,,portatil; sobremesa; independiente,,,,,,,,,,,,,,recargable; funciona-con-baterias,,,,,,,,,,,,,portatil,control-del-volumen; control-por-voz,dinamico,,,,,,,,,,,,,,,,,,,,,,,,,g,,,active
parlante-bluetooth-noga-one-ligth-con-luces-led-20-30cm-mod-ngl-400bt-con-bateria-recargable,,,,,,,,,,,,,,,,,,,,,,,,,,,,,,,,https://cdn.shopify.com/s/files/1/0796/0703/8180/files/ngl-400bt-orifici.webp?v=1773415763,2,"",,,,,,,,,,,,,,,,,,,,,,,,,,,,,,,,,,,,,,,,,,,,,,,,,,,,,,,,,,,,,,,,,,,,,,,,,,,,,,,,,,,,,,,,,,,,,,,,,,,,,,,,,,,,,,,,,,,,,,,,,,,,,,,,,,,,,,,,,,,,,,,,,,,,,,,,,,
parlante-bluetooth-noga-one-ligth-con-luces-led-20-30cm-mod-ngl-400bt-con-bateria-recargable,,,,,,,,,,,,,,,,,,,,,,,,,,,,,,,,https://cdn.shopify.com/s/files/1/0796/0703/8180/files/ngl-400bt.webp?v=1773415763,3,"",,,,,,,,,,,,,,,,,,,,,,,,,,,,,,,,,,,,,,,,,,,,,,,,,,,,,,,,,,,,,,,,,,,,,,,,,,,,,,,,,,,,,,,,,,,,,,,,,,,,,,,,,,,,,,,,,,,,,,,,,,,,,,,,,,,,,,,,,,,,,,,,,,,,,,,,,,
parlante-bluetooth-greatnice-2-con-luces-rgb,"Parlante Bluetooth Greatnice 2"" GTS-2072 con Luces RGB","<h3>Parlante Bluetooth Greatnice 2"" GTS-2072 - Compacto y Colorido</h3>

<p>Llevá tu música a todos lados con este <strong>parlante Bluetooth compacto de 2 pulgadas</strong>. Con luces RGB que crean ambiente y conectividad inalámbrica, es perfecto para uso personal, escritorio o como compañero portátil.</p>

<p><strong>Características principales:</strong></p>
<ul>
<li>
<strong>Luces RGB integradas</strong> - Efectos de iluminación multicolor que dan vida a tu música</li>
<li>
<strong>Conectividad Bluetooth</strong> - Conexión inalámbrica rápida desde tu celular, tablet o computadora</li>
<li>
<strong>Diseño ultra compacto</strong> - 2 pulgadas, ideal para llevar en mochila o bolso</li>
<li>
<strong>Sonido claro</strong> - Audio de calidad en formato portátil</li>
<li>
<strong>Fácil de usar</strong> - Controles simples y conexión instantánea</li>
<li>
<strong>Portátil y liviano</strong> - Perfecto para viajes, escritorio o uso diario</li>
</ul>

<p><strong>Especificaciones técnicas:</strong></p>
<ul>
<li>Modelo: GTS-2072</li>
<li>Tamaño del parlante: 2 pulgadas</li>
<li>Conectividad: Bluetooth inalámbrico</li>
<li>Efectos: Luces RGB multicolor</li>
<li>Marca: Greatnice</li>
<li>SKU: GTS-2072</li>
</ul>

<p><strong>Ideal para:</strong></p>
<p>Uso personal, escritorio de trabajo, viajes, camping, habitaciones, regalos, estudiantes y cualquier situación donde necesites música portátil con un toque de color.</p>

<p>Calidad Greatnice en formato compacto y accesible.</p>",GREATNICE,Electronics > Audio > Audio Components > Speakers,Parlantes Bluetooth,"audio, bluetooth, mayorista, parlante, portátil, rgb",true,Color,negro,product.metafields.shopify.color-pattern,,,,,,,GTS-2072,0.0,shopify,3,deny,manual,7920.00,,true,true,,,,,"",https://cdn.shopify.com/s/files/1/0796/0703/8180/files/PARLANTE-BS-03-2PILGADAS.png?v=1773417208,1,"",false,"Parlante Bluetooth Greatnice 2"" GTS-2072 con Luces RGB | Portátil","Parlante Bluetooth Greatnice 2"" GTS-2072 con luces RGB. Compacto, portátil y con efectos de iluminación. Ideal para uso personal y viajes.",,,,,,,,,,,,,,,,,,,audio-portatil; audio-para-el-hogar,,,,,,,,,,,,,,,,,,,,,,,,negro; gris; azul-marino; rosa,,,,,,,,bluetooth; inalambrico,,,,,,bluetooth,,,,,,,,,,,,,,,,,,,,,,,,,,,,,,,,,,,,,portatil; colgante; sobremesa,,,,,,,,,,,,,,funciona-con-baterias; recargable,,,,,,,,,,,,,portatil,control-del-volumen; control-por-voz; amplificador-incorporado,dinamico,,,,,,,,,,,,,,,,,,,,,,,,https://cdn.shopify.com/s/files/1/0796/0703/8180/files/WhatsApp_Image_2026-03-13_at_12.42.43.jpg?v=1773416770,kg,,,active
parlante-bluetooth-greatnice-2-con-luces-rgb,,,,,,,,,gris,,,,,,,,GTS-2073,0.0,shopify,2,deny,manual,7920.00,,true,true,,,,,"",https://cdn.shopify.com/s/files/1/0796/0703/8180/files/H058763f262df40938bc3dc20ac80784br.avif?v=1773417208,2,"",,,,,,,,,,,,,,,,,,,,,,,,,,,,,,,,,,,,,,,,,,,,,,,,,,,,,,,,,,,,,,,,,,,,,,,,,,,,,,,,,,,,,,,,,,,,,,,,,,,,,,,,,,,,,,,,,,,,,,,,,,,,,,,,,,,,,,,,,,,,,,,,,,,,,,https://cdn.shopify.com/s/files/1/0796/0703/8180/files/WhatsApp_Image_2026-03-13_at_12.42.42.jpg?v=1773416771,kg,,,
parlante-bluetooth-greatnice-2-con-luces-rgb,,,,,,,,,azul-marino,,,,,,,,GTS-2074,0.0,shopify,1,deny,manual,7920.00,,true,true,,,,,"",https://cdn.shopify.com/s/files/1/0796/0703/8180/files/OA3eADs1A-LTNtxSs8w.jpg?v=1773417208,3,"",,,,,,,,,,,,,,,,,,,,,,,,,,,,,,,,,,,,,,,,,,,,,,,,,,,,,,,,,,,,,,,,,,,,,,,,,,,,,,,,,,,,,,,,,,,,,,,,,,,,,,,,,,,,,,,,,,,,,,,,,,,,,,,,,,,,,,,,,,,,,,,,,,,,,,https://cdn.shopify.com/s/files/1/0796/0703/8180/files/WhatsApp_Image_2026-03-13_at_12.42.43_1.jpg?v=1773416771,kg,,,
parlante-bluetooth-greatnice-2-con-luces-rgb,,,,,,,,,rosa,,,,,,,,GTS-2075,0.0,shopify,1,deny,manual,7920.00,,true,true,,,,,"",https://cdn.shopify.com/s/files/1/0796/0703/8180/files/WhatsApp_Image_2026-03-13_at_12.42.42_1.jpg?v=1773416771,4,"",,,,,,,,,,,,,,,,,,,,,,,,,,,,,,,,,,,,,,,,,,,,,,,,,,,,,,,,,,,,,,,,,,,,,,,,,,,,,,,,,,,,,,,,,,,,,,,,,,,,,,,,,,,,,,,,,,,,,,,,,,,,,,,,,,,,,,,,,,,,,,,,,,,,,,https://cdn.shopify.com/s/files/1/0796/0703/8180/files/WhatsApp_Image_2026-03-13_at_12.42.42_1.jpg?v=1773416771,kg,,,
parlante-bluetooth-greatnice-2-con-luces-rgb,,,,,,,,,,,,,,,,,,,,,,,,,,,,,,,,https://cdn.shopify.com/s/files/1/0796/0703/8180/files/WhatsApp_Image_2026-03-13_at_12.42.42.jpg?v=1773416771,5,"",,,,,,,,,,,,,,,,,,,,,,,,,,,,,,,,,,,,,,,,,,,,,,,,,,,,,,,,,,,,,,,,,,,,,,,,,,,,,,,,,,,,,,,,,,,,,,,,,,,,,,,,,,,,,,,,,,,,,,,,,,,,,,,,,,,,,,,,,,,,,,,,,,,,,,,,,,
parlante-bluetooth-greatnice-2-con-luces-rgb,,,,,,,,,,,,,,,,,,,,,,,,,,,,,,,,https://cdn.shopify.com/s/files/1/0796/0703/8180/files/WhatsApp_Image_2026-03-13_at_12.42.43_1.jpg?v=1773416771,6,"",,,,,,,,,,,,,,,,,,,,,,,,,,,,,,,,,,,,,,,,,,,,,,,,,,,,,,,,,,,,,,,,,,,,,,,,,,,,,,,,,,,,,,,,,,,,,,,,,,,,,,,,,,,,,,,,,,,,,,,,,,,,,,,,,,,,,,,,,,,,,,,,,,,,,,,,,,
parlante-bluetooth-greatnice-2-con-luces-rgb,,,,,,,,,,,,,,,,,,,,,,,,,,,,,,,,https://cdn.shopify.com/s/files/1/0796/0703/8180/files/WhatsApp_Image_2026-03-13_at_12.42.43.jpg?v=1773416770,7,"",,,,,,,,,,,,,,,,,,,,,,,,,,,,,,,,,,,,,,,,,,,,,,,,,,,,,,,,,,,,,,,,,,,,,,,,,,,,,,,,,,,,,,,,,,,,,,,,,,,,,,,,,,,,,,,,,,,,,,,,,,,,,,,,,,,,,,,,,,,,,,,,,,,,,,,,,,
palo-de-selfie-bluetooth,Palo Selfie Bluetooth Extensible con Control Remoto,"<h3>Palo Selfie Bluetooth Extensible - Capturá tus Mejores Momentos</h3>

<p>Capturá fotos y videos perfectos con este <strong>palo selfie Bluetooth extensible</strong>. Con control remoto inalámbrico integrado, es ideal para selfies, fotos grupales, videos, viajes y contenido para redes sociales.</p>

<p><strong>Características principales:</strong></p>
<ul>
<li>
<strong>Control remoto Bluetooth</strong> - Tomá fotos a distancia sin tocar el celular</li>
<li>
<strong>Extensible y ajustable</strong> - Alcanzá el ángulo perfecto para cada toma</li>
<li>
<strong>Compatible universal</strong> - Funciona con Android e iOS</li>
<li>
<strong>Diseño compacto y portátil</strong> - Fácil de llevar en mochila o cartera</li>
<li>
<strong>Conexión Bluetooth rápida</strong> - Emparejamiento simple y estable</li>
<li>
<strong>Disponible en 4 colores</strong> - Negro, Blanco, Verde y Rosa</li>
</ul>

<p><strong>Especificaciones técnicas:</strong></p>
<ul>
<li>Conectividad: Bluetooth inalámbrico</li>
<li>Compatibilidad: Android e iOS</li>
<li>Colores disponibles: Negro, Blanco, Verde, Rosa</li>
<li>Incluye: Control remoto Bluetooth integrado</li>
<li>Diseño: Extensible y plegable</li>
</ul>

<p><strong>Ideal para:</strong></p>
<p>Selfies y fotos grupales, viajes y turismo, contenido para redes sociales, videos, eventos, reuniones familiares, influencers y creadores de contenido.</p>

<p>Elegí tu color favorito y empezá a capturar momentos increíbles.</p>",SIN MARCA,Electronics > Communications > Telephony > Mobile & Smart Phone Accessories > Mobile Phone Camera Accessories > Selfie Sticks,Accesorios para Celulares,"accesorios, bluetooth, celular, fotografía, mayorista, selfie",true,Color,negro,product.metafields.shopify.color-pattern,,,,,,,,0.0,shopify,1,deny,manual,4838.75,,true,true,,,,,"",https://cdn.shopify.com/s/files/1/0796/0703/8180/files/WhatsAppImage2026-03-13at13.08.47.jpg?v=1773418347,1,"",false,Palo Selfie Bluetooth Extensible con Control Remoto | 4 Colores,"Palo selfie Bluetooth extensible con control remoto. Compatible Android e iOS. Disponible en Negro, Blanco, Verde y Rosa. Ideal para fotos y videos.",,,,,,,,,,,,,,,,,,,,,,,,,,,,,,,,,,,,,,,,,,,negro; blanco; verde; rosa,,,,,,,,,,,,,,bluetooth,,,,,,,,,goma,,,,,,,,,,,,,,cerradura-de-presion-traccion,1,,,,,,plastico,,,,,,plegable; portatil; dimensiones-regulables,,,,,,,,,,,,,,,,,,,,,,,,,,,,,,,,,,,,,,,,,,,,,,,,,,,,,,https://cdn.shopify.com/s/files/1/0796/0703/8180/files/WhatsAppImage2026-03-13at13.08.47.jpg?v=1773418347,kg,,,active
palo-de-selfie-bluetooth,,,,,,,,,blanco,,,,,,,,,0.0,shopify,5,deny,manual,4838.75,,true,true,,,,,"",https://cdn.shopify.com/s/files/1/0796/0703/8180/files/WhatsAppImage2026-03-13at13.08.47_1.jpg?v=1773418347,2,"",,,,,,,,,,,,,,,,,,,,,,,,,,,,,,,,,,,,,,,,,,,,,,,,,,,,,,,,,,,,,,,,,,,,,,,,,,,,,,,,,,,,,,,,,,,,,,,,,,,,,,,,,,,,,,,,,,,,,,,,,,,,,,,,,,,,,,,,,,,,,,,,,,,,,,https://cdn.shopify.com/s/files/1/0796/0703/8180/files/WhatsApp_Image_2026-03-13_at_13.16.50.jpg?v=1773418730,kg,,,
palo-de-selfie-bluetooth,,,,,,,,,verde,,,,,,,,,0.0,shopify,4,deny,manual,4838.75,,true,true,,,,,"",https://cdn.shopify.com/s/files/1/0796/0703/8180/files/WhatsAppImage2026-03-13at13.08.48.jpg?v=1773418347,3,"",,,,,,,,,,,,,,,,,,,,,,,,,,,,,,,,,,,,,,,,,,,,,,,,,,,,,,,,,,,,,,,,,,,,,,,,,,,,,,,,,,,,,,,,,,,,,,,,,,,,,,,,,,,,,,,,,,,,,,,,,,,,,,,,,,,,,,,,,,,,,,,,,,,,,,https://cdn.shopify.com/s/files/1/0796/0703/8180/files/WhatsAppImage2026-03-13at13.08.49_1.jpg?v=1773418347,kg,,,
palo-de-selfie-bluetooth,,,,,,,,,rosa,,,,,,,,,0.0,shopify,4,deny,manual,4838.75,,true,true,,,,,"",https://cdn.shopify.com/s/files/1/0796/0703/8180/files/WhatsAppImage2026-03-13at13.08.48_1.jpg?v=1773418347,4,"",,,,,,,,,,,,,,,,,,,,,,,,,,,,,,,,,,,,,,,,,,,,,,,,,,,,,,,,,,,,,,,,,,,,,,,,,,,,,,,,,,,,,,,,,,,,,,,,,,,,,,,,,,,,,,,,,,,,,,,,,,,,,,,,,,,,,,,,,,,,,,,,,,,,,,https://cdn.shopify.com/s/files/1/0796/0703/8180/files/WhatsApp_Image_2026-03-13_at_13.16.50_1.jpg?v=1773418679,kg,,,
palo-de-selfie-bluetooth,,,,,,,,,,,,,,,,,,,,,,,,,,,,,,,,https://cdn.shopify.com/s/files/1/0796/0703/8180/files/WhatsAppImage2026-03-13at13.08.49_1.jpg?v=1773418347,5,"",,,,,,,,,,,,,,,,,,,,,,,,,,,,,,,,,,,,,,,,,,,,,,,,,,,,,,,,,,,,,,,,,,,,,,,,,,,,,,,,,,,,,,,,,,,,,,,,,,,,,,,,,,,,,,,,,,,,,,,,,,,,,,,,,,,,,,,,,,,,,,,,,,,,,,,,,,
palo-de-selfie-bluetooth,,,,,,,,,,,,,,,,,,,,,,,,,,,,,,,,https://cdn.shopify.com/s/files/1/0796/0703/8180/files/WhatsAppImage2026-03-13at13.08.49_2.jpg?v=1773418347,6,"",,,,,,,,,,,,,,,,,,,,,,,,,,,,,,,,,,,,,,,,,,,,,,,,,,,,,,,,,,,,,,,,,,,,,,,,,,,,,,,,,,,,,,,,,,,,,,,,,,,,,,,,,,,,,,,,,,,,,,,,,,,,,,,,,,,,,,,,,,,,,,,,,,,,,,,,,,
palo-de-selfie-bluetooth,,,,,,,,,,,,,,,,,,,,,,,,,,,,,,,,https://cdn.shopify.com/s/files/1/0796/0703/8180/files/WhatsApp_Image_2026-03-13_at_13.16.50_1.jpg?v=1773418679,7,"",,,,,,,,,,,,,,,,,,,,,,,,,,,,,,,,,,,,,,,,,,,,,,,,,,,,,,,,,,,,,,,,,,,,,,,,,,,,,,,,,,,,,,,,,,,,,,,,,,,,,,,,,,,,,,,,,,,,,,,,,,,,,,,,,,,,,,,,,,,,,,,,,,,,,,,,,,
palo-de-selfie-bluetooth,,,,,,,,,,,,,,,,,,,,,,,,,,,,,,,,https://cdn.shopify.com/s/files/1/0796/0703/8180/files/WhatsApp_Image_2026-03-13_at_13.16.50.jpg?v=1773418730,8,"",,,,,,,,,,,,,,,,,,,,,,,,,,,,,,,,,,,,,,,,,,,,,,,,,,,,,,,,,,,,,,,,,,,,,,,,,,,,,,,,,,,,,,,,,,,,,,,,,,,,,,,,,,,,,,,,,,,,,,,,,,,,,,,,,,,,,,,,,,,,,,,,,,,,,,,,,,
pad-mouse-noga-con-gel-varios-colores,Pad Mouse Noga Ergonómico con Gel - Apoyo de Muñeca,"<h3>Pad Mouse Noga Ergonómico con Gel - Comodidad para Todo el Día</h3>

<p>Trabajá con máxima comodidad gracias a este <strong>pad mouse ergonómico con gel</strong> de Noga. El apoyo acolchado para la muñeca reduce la fatiga y previene molestias durante largas jornadas frente a la computadora.</p>

<p><strong>Características principales:</strong></p>
<ul>
<li>
<strong>Apoyo ergonómico con gel</strong> - Almohadilla suave que se adapta a tu muñeca</li>
<li>
<strong>Reduce la fatiga</strong> - Previene molestias y mejora la postura al usar el mouse</li>
<li>
<strong>Superficie antideslizante</strong> - Base que se mantiene firme en tu escritorio</li>
<li>
<strong>Superficie lisa y precisa</strong> - Deslizamiento suave para el mouse óptico o láser</li>
<li>
<strong>Diseño compacto</strong> - Se adapta a cualquier espacio de trabajo</li>
<li>
<strong>Disponible en varios colores</strong> - Elegí el que mejor combine con tu setup</li>
</ul>

<p><strong>Especificaciones técnicas:</strong></p>
<ul>
<li>Marca: Noga</li>
<li>Material: Gel ergonómico + superficie antideslizante</li>
<li>Compatibilidad: Mouse óptico y láser</li>
<li>SKU: MOUSE PAD 3D</li>
<li>Colores: Varios disponibles</li>
</ul>

<p><strong>Ideal para:</strong></p>
<p>Oficina, home office, gaming, estudiantes, diseñadores, programadores y cualquier persona que pase largas horas usando la computadora. Perfecto para prevenir síndrome del túnel carpiano y mejorar la ergonomía de tu espacio de trabajo.</p>

<p>Marca Noga, calidad y confort para tu día a día.</p>",NOGA,Electronics > Electronics Accessories > Computer Accessories > Mouse Pads,Accesorios de Computación,"computación, ergonómico, gel, mayorista, mouse pad, oficina",true,Color,naranja,product.metafields.shopify.color-pattern,,,,,,,MOUSE PAD 3D-1,170.0,shopify,3,deny,manual,10290.00,,true,true,,,,,"",https://cdn.shopify.com/s/files/1/0796/0703/8180/files/mousepad.webp?v=1773419364,1,"",false,Pad Mouse Noga Ergonómico con Gel | Apoyo de Muñeca,"Pad mouse Noga ergonómico con gel y apoyo de muñeca. Reduce fatiga, antideslizante, superficie precisa. Ideal para oficina, gaming y home office.",,,,,,,,,,,,,,,,,,,,,,,,,,,,,,,,,,,,,,,,,,,naranja; rojo; purpura,,,,,,,,,,,,,,,,,,,,,,,,,,,,,,,,,,,,,,,,,,,,,,,,,,,,apto-para-juegos,,,,,,,,,,,,,,,,,,,,,,,forma-libre,,,,,,,,,,,,,,,,,,,,,,,,,,,,,https://cdn.shopify.com/s/files/1/0796/0703/8180/files/mousepad.webp?v=1773419364,g,,,active
pad-mouse-noga-con-gel-varios-colores,,,,,,,,,rojo,,,,,,,,MOUSE PAD 3D-2,170.0,shopify,2,deny,manual,10290.00,,true,true,,,,,"",https://cdn.shopify.com/s/files/1/0796/0703/8180/files/mousepad-3d.webp?v=1773419364,2,"",,,,,,,,,,,,,,,,,,,,,,,,,,,,,,,,,,,,,,,,,,,,,,,,,,,,,,,,,,,,,,,,,,,,,,,,,,,,,,,,,,,,,,,,,,,,,,,,,,,,,,,,,,,,,,,,,,,,,,,,,,,,,,,,,,,,,,,,,,,,,,,,,,,,,,https://cdn.shopify.com/s/files/1/0796/0703/8180/files/mousepad-3d.webp?v=1773419364,g,,,
pad-mouse-noga-con-gel-varios-colores,,,,,,,,,purpura,,,,,,,,MOUSE PAD 3D-3,170.0,shopify,1,deny,manual,10290.00,,true,true,,,,,"",https://cdn.shopify.com/s/files/1/0796/0703/8180/files/mousepad-3.webp?v=1773419364,3,"",,,,,,,,,,,,,,,,,,,,,,,,,,,,,,,,,,,,,,,,,,,,,,,,,,,,,,,,,,,,,,,,,,,,,,,,,,,,,,,,,,,,,,,,,,,,,,,,,,,,,,,,,,,,,,,,,,,,,,,,,,,,,,,,,,,,,,,,,,,,,,,,,,,,,,https://cdn.shopify.com/s/files/1/0796/0703/8180/files/mousepad-3.webp?v=1773419364,g,,,
pad-mouse-gamer-noga-con-luces-rgb-30-25-0-3cm,Pad Mouse Gamer Noga RGB Horizon S 30x25cm con Iluminación LED *Caja en mal Estado*,"<h3>Pad Mouse Gamer Noga RGB Horizon S - Elevá tu Setup Gaming *Caja en mal estado*</h3>
<p>Transformá tu espacio gamer con este <strong>pad mouse RGB de Noga</strong>. Con iluminación LED multicolor y superficie de alto rendimiento, es el complemento perfecto para tu setup gaming profesional.</p>
<p><strong>Características principales:</strong></p>
<ul>
<li>
<strong>Iluminación RGB LED</strong> - Efectos de luz personalizables que dan vida a tu escritorio</li>
<li>
<strong>Superficie de alto rendimiento</strong> - Deslizamiento suave y preciso para gaming competitivo</li>
<li>
<strong>Tamaño amplio 30x25cm</strong> - Espacio suficiente para movimientos rápidos y precisos</li>
<li>
<strong>Base antideslizante</strong> - Se mantiene firme durante las sesiones más intensas</li>
<li>
<strong>Bordes reforzados</strong> - Mayor durabilidad y resistencia al desgaste</li>
<li>
<strong>Compatible con mouse óptico y láser</strong> - Funciona con cualquier tipo de sensor</li>
</ul>
<p><strong>Especificaciones técnicas:</strong></p>
<ul>
<li>Modelo: Horizon S</li>
<li>Dimensiones: 30 x 25 x 0.3 cm</li>
<li>Iluminación: RGB LED multicolor</li>
<li>Superficie: Texturizada para gaming</li>
<li>Base: Goma antideslizante</li>
<li>Marca: Noga</li>
<li>SKU: HORIZON S</li>
</ul>
<p><strong>Ideal para:</strong></p>
<p>Gamers profesionales y casuales, streamers, setup gaming RGB, e-sports, oficina gaming, jugadores de FPS, MOBA, MMO y cualquier persona que busque mejorar su experiencia de juego con estilo.</p>
<p>Marca Noga, calidad gaming con estilo RGB.</p>",NOGA,Electronics > Electronics Accessories > Computer Accessories > Mouse Pads,Accesorios Gaming,"gamer, gaming, led, mayorista, mouse pad, rgb",true,Title,Default Title,,,,,,,,HORIZON S,240.0,shopify,1,deny,manual,9800.00,19600.00,true,true,,,,,,https://cdn.shopify.com/s/files/1/0796/0703/8180/files/whatsapp.webp?v=1773420107,1,"",false,Pad Mouse Gamer Noga RGB Horizon S 30x25cm | Iluminación LED,"Pad mouse gamer Noga RGB Horizon S 30x25cm. Iluminación LED multicolor, superficie de alto rendimiento, base antideslizante. Ideal para gaming.",,,,,,,,,,,,,,,,,,,,,,,,,,,,,,,,,,,,,,,,,,,negro,,,,,,,,,,,,,,,,,,,,,,,,,,,,,,,,,,,,,,,,,,,,tejido; goma; plastico; sintetico,,,,,,,,apto-para-juegos,,,,,,,,,,,,,,,,,,,,,,,rectangular,,,,,,,,,,,,,,,,,,,,,,,,,,,,,,g,,,active
pad-mouse-gamer-noga-con-luces-rgb-30-25-0-3cm,,,,,,,,,,,,,,,,,,,,,,,,,,,,,,,,https://cdn.shopify.com/s/files/1/0796/0703/8180/files/whatsapp-ima.webp?v=1773420107,2,"",,,,,,,,,,,,,,,,,,,,,,,,,,,,,,,,,,,,,,,,,,,,,,,,,,,,,,,,,,,,,,,,,,,,,,,,,,,,,,,,,,,,,,,,,,,,,,,,,,,,,,,,,,,,,,,,,,,,,,,,,,,,,,,,,,,,,,,,,,,,,,,,,,,,,,,,,,
pad-mouse-gamer-noga-antideslizante-23-20-cm,Pad Mouse Gamer Noga ST-G13 Antideslizante 23x20cm,"<h3>Pad Mouse Gamer Noga ST-G13 - Precisión y Control</h3>

<p>Mejorá tu rendimiento en el juego con este <strong>pad mouse gamer Noga ST-G13</strong>. Con superficie optimizada para gaming y base antideslizante, ofrece la precisión que necesitás para dominar cada partida.</p>

<p><strong>Características principales:</strong></p>
<ul>
<li>
<strong>Superficie de alto rendimiento</strong> - Deslizamiento suave y preciso para movimientos rápidos</li>
<li>
<strong>Base antideslizante</strong> - Se mantiene firme en tu escritorio durante las sesiones más intensas</li>
<li>
<strong>Tamaño 23x20cm</strong> - Dimensiones ideales para gaming competitivo</li>
<li>
<strong>Compatible con todo tipo de mouse</strong> - Funciona con sensores ópticos y láser</li>
<li>
<strong>Bordes reforzados</strong> - Mayor durabilidad y resistencia al desgaste</li>
<li>
<strong>Diseño gamer</strong> - Estética profesional para tu setup</li>
</ul>

<p><strong>Especificaciones técnicas:</strong></p>
<ul>
<li>Modelo: ST-G13</li>
<li>Dimensiones: 23 x 20 cm</li>
<li>Superficie: Texturizada para gaming</li>
<li>Base: Goma antideslizante de alta adherencia</li>
<li>Compatibilidad: Mouse óptico y láser</li>
<li>Marca: Noga</li>
<li>SKU: ST-G13</li>
</ul>

<p><strong>Ideal para:</strong></p>
<p>Gamers que buscan precisión, jugadores de FPS, MOBA, RTS, e-sports, gaming competitivo, setup gamer económico y cualquier persona que quiera mejorar su experiencia de juego sin gastar de más.</p>

<p>Marca Noga, calidad gaming accesible.</p>",NOGA,Electronics > Electronics Accessories > Computer Accessories > Mouse Pads,Accesorios Gaming,"accesorios, gamer, gaming, mayorista, mouse pad, noga",true,Title,Default Title,,,,,,,,ST-G13,140.0,shopify,1,deny,manual,3780.00,,true,true,,,,,7798137716712,https://cdn.shopify.com/s/files/1/0796/0703/8180/files/st-g13-angulo1.webp?v=1773420339,1,"",false,Pad Mouse Gamer Noga ST-G13 Antideslizante 23x20cm | Gaming,"Pad mouse gamer Noga ST-G13 23x20cm. Superficie de alto rendimiento, base antideslizante, bordes reforzados. Ideal para gaming competitivo.",,,,,,,,,,,,,,,,,,,,,,,,,,,,,,,,,,,,,,,,,,,rojo; negro; geometrico,,,,,,,,,,,,,,,,,,,,,,,,,,,,,,,,,,,,,,,,,,,,goma; sintetico,,,,,,,,apto-para-juegos,,,,,,,,,,,,,,,,,,,,,,,rectangular,,,,,,,,,,,,,videojuegos,,,,,,,,,,,,,,,,,g,,,active
pad-mouse-gamer-noga-antideslizante-23-20-cm,,,,,,,,,,,,,,,,,,,,,,,,,,,,,,,,https://cdn.shopify.com/s/files/1/0796/0703/8180/files/st-g13-pack1-4675.webp?v=1773420339,2,"",,,,,,,,,,,,,,,,,,,,,,,,,,,,,,,,,,,,,,,,,,,,,,,,,,,,,,,,,,,,,,,,,,,,,,,,,,,,,,,,,,,,,,,,,,,,,,,,,,,,,,,,,,,,,,,,,,,,,,,,,,,,,,,,,,,,,,,,,,,,,,,,,,,,,,,,,,
pad-mouse-gamer-noga-antideslizante-23-20-cm,,,,,,,,,,,,,,,,,,,,,,,,,,,,,,,,https://cdn.shopify.com/s/files/1/0796/0703/8180/files/st-g13-detalle.webp?v=1773420339,3,"",,,,,,,,,,,,,,,,,,,,,,,,,,,,,,,,,,,,,,,,,,,,,,,,,,,,,,,,,,,,,,,,,,,,,,,,,,,,,,,,,,,,,,,,,,,,,,,,,,,,,,,,,,,,,,,,,,,,,,,,,,,,,,,,,,,,,,,,,,,,,,,,,,,,,,,,,,
pad-mouse-gamer-90cmx30cm-presentacion-en-bolsa-minions,Pad Mouse Gamer XXL 90x30cm Minions - Alfombrilla Extendida,"<h3>Pad Mouse Gamer XXL 90x30cm Minions - Espacio Total para tu Setup</h3>

<p>Transformá tu escritorio con este <strong>pad mouse gamer XXL de 90x30cm</strong> con diseño de Minions. El tamaño extendido cubre todo tu espacio de trabajo, ideal para mouse y teclado, con un estilo divertido y colorido.</p>

<p><strong>Características principales:</strong></p>
<ul>
<li>
<strong>Tamaño XXL 90x30cm</strong> - Espacio amplio para mouse, teclado y accesorios</li>
<li>
<strong>Diseño Minions</strong> - Estética divertida y colorida para tu setup</li>
<li>
<strong>Superficie de alto rendimiento</strong> - Deslizamiento suave y preciso</li>
<li>
<strong>Base antideslizante</strong> - Se mantiene firme en tu escritorio</li>
<li>
<strong>Bordes cosidos</strong> - Mayor durabilidad y resistencia al desgaste</li>
<li>
<strong>Compatible con todo tipo de mouse</strong> - Óptico y láser</li>
</ul>

<p><strong>Especificaciones técnicas:</strong></p>
<ul>
<li>Dimensiones: 90 x 30 cm (XXL)</li>
<li>Diseño: Minions</li>
<li>Superficie: Texturizada para gaming</li>
<li>Base: Goma antideslizante</li>
<li>Bordes: Cosidos para mayor durabilidad</li>
<li>SKU: YT-302</li>
<li>Presentación: Bolsa individual</li>
</ul>

<p><strong>Ideal para:</strong></p>
<p>Gamers que buscan espacio amplio, setup gaming completo, fans de Minions, escritorio de trabajo y gaming, streamers, oficina en casa con estilo y cualquier persona que quiera un pad mouse grande y divertido.</p>

<p>Espacio, estilo y diversión en un solo producto.</p>",SIN MARCA,Electronics > Electronics Accessories > Computer Accessories > Mouse Pads,Accesorios Gaming,"gamer, gaming, mayorista, minions, mouse pad, xxl",true,Title,Default Title,,,,,,,,YT-302,395.0,shopify,43,deny,manual,4350.00,,true,true,,,,,629013251712,https://cdn.shopify.com/s/files/1/0796/0703/8180/files/AF-042.jpg?v=1773420437,1,"",false,Pad Mouse Gamer XXL 90x30cm Minions | Alfombrilla Extendida,"Pad mouse gamer XXL 90x30cm con diseño Minions. Superficie extendida para mouse y teclado, base antideslizante, bordes cosidos. Ideal para gaming.",,,,,,,,,,,,,,,,,,,,,,,,,,,,,,,,,,,,,,,,,,,geometrico,,,,,,,,,,,,,,,,,,,,,,,,,,,,,,,,,,,,,,,,,,,,goma; tejido,,,,,,,,apto-para-juegos,,,,,,,,,,,,,,,,,,,,,,,rectangular,,,,,,,,,,,,,dibujos-animados; peliculas-y-television,,,,,,,,,,,,,,,,,g,,,active
multipuerto-usb-time-1-usb-tipo-c-20w-1-usb-tipo-a-18w-y-4-puertos-usb-tipo-a-12w-alimentacion-220v,Multipuerto USB Time 6 Puertos - 1 USB-C 20W + 5 USB-A 220V,"<h3>Multipuerto USB Time 6 Puertos - Carga Múltiple Inteligente</h3>

<p>Cargá todos tus dispositivos simultáneamente con este <strong>multipuerto USB Time de 6 puertos</strong>. Con tecnología de carga rápida y múltiples puertos USB-C y USB-A, es la solución perfecta para tu hogar, oficina o viajes.</p>

<p><strong>Características principales:</strong></p>
<ul>
<li>
<strong>6 puertos USB totales</strong> - Cargá múltiples dispositivos a la vez</li>
<li>
<strong>1 puerto USB-C 20W</strong> - Carga rápida para smartphones, tablets y dispositivos modernos</li>
<li>
<strong>1 puerto USB-A 18W</strong> - Carga rápida adicional</li>
<li>
<strong>4 puertos USB-A 12W</strong> - Para dispositivos adicionales</li>
<li>
<strong>Alimentación 220V</strong> - Compatible con red eléctrica argentina</li>
<li>
<strong>Protección inteligente</strong> - Contra sobrecarga, sobrecalentamiento y cortocircuito</li>
<li>
<strong>Diseño compacto</strong> - Ahorra espacio en tu escritorio o mesa de luz</li>
</ul>

<p><strong>Especificaciones técnicas:</strong></p>
<ul>
<li>Total de puertos: 6 USB</li>
<li>Puerto USB-C: 1 x 20W (carga rápida)</li>
<li>Puerto USB-A rápido: 1 x 18W</li>
<li>Puertos USB-A estándar: 4 x 12W</li>
<li>Entrada: 220V AC</li>
<li>Marca: Time</li>
<li>SKU: CAR-59046</li>
<li>Protección: Sobrecarga, sobrecalentamiento, cortocircuito</li>
</ul>

<p><strong>Ideal para:</strong></p>
<p>Hogares con múltiples dispositivos, oficinas, escritorios de trabajo, mesa de luz, viajes, familias, carga de smartphones, tablets, smartwatches, auriculares Bluetooth, power banks y cualquier dispositivo USB.</p>

<p>Marca Time, carga inteligente y segura para todos tus dispositivos.</p>",TIME,Electronics > Electronics Accessories > Power > Power Adapters & Chargers,Cargadores y Accesorios,"carga rápida, cargador, mayorista, multipuerto, usb, usb-c",true,Title,Default Title,,,,,,,,CAR-59046,395.0,shopify,2,deny,manual,19894.00,,true,true,,,,,723540563865,https://cdn.shopify.com/s/files/1/0796/0703/8180/files/12920_xlarge_1.jpg?v=1773420982,1,"",false,Multipuerto USB Time 6 Puertos USB-C 20W + USB-A 220V | Carga,"Multipuerto USB Time 6 puertos: 1 USB-C 20W, 1 USB-A 18W, 4 USB-A 12W. Carga rápida múltiple, protección inteligente, 220V. Ideal para hogar y oficina.",,,,,,,,,,,,,,,,,,,,,,,,,,,,,,,,,,,,,,,,,,,blanco; negro; gris,,,,,,,usb,,,,,,,,,,,,,,,,,,,,,,,,,,,,,,,,,,,,,,,,,,,,,,,,,,,,,,,eu,,,alimentado-por-ca,,,,,,,,,,,,,,,,,,,,,,,,,,,,,,,,,,,,,,,,g,,,active
multipuerto-usb-time-1-usb-tipo-c-20w-1-usb-tipo-a-18w-y-4-puertos-usb-tipo-a-12w-alimentacion-220v,,,,,,,,,,,,,,,,,,,,,,,,,,,,,,,,https://cdn.shopify.com/s/files/1/0796/0703/8180/files/D_NQ_NP_689871-MLA81636687955_122024-O.webp?v=1773420981,2,"",,,,,,,,,,,,,,,,,,,,,,,,,,,,,,,,,,,,,,,,,,,,,,,,,,,,,,,,,,,,,,,,,,,,,,,,,,,,,,,,,,,,,,,,,,,,,,,,,,,,,,,,,,,,,,,,,,,,,,,,,,,,,,,,,,,,,,,,,,,,,,,,,,,,,,,,,,
multipuerto-usb-time-1-usb-tipo-c-20w-1-usb-tipo-a-18w-y-4-puertos-usb-tipo-a-12w-alimentacion-220v,,,,,,,,,,,,,,,,,,,,,,,,,,,,,,,,https://cdn.shopify.com/s/files/1/0796/0703/8180/files/12920_xlarge.png?v=1773420982,3,"",,,,,,,,,,,,,,,,,,,,,,,,,,,,,,,,,,,,,,,,,,,,,,,,,,,,,,,,,,,,,,,,,,,,,,,,,,,,,,,,,,,,,,,,,,,,,,,,,,,,,,,,,,,,,,,,,,,,,,,,,,,,,,,,,,,,,,,,,,,,,,,,,,,,,,,,,,
multipuerto-usb-time-1-usb-tipo-c-20w-1-usb-tipo-a-18w-y-4-puertos-usb-tipo-a-12w-alimentacion-220v,,,,,,,,,,,,,,,,,,,,,,,,,,,,,,,,https://cdn.shopify.com/s/files/1/0796/0703/8180/files/12923_xlarge.png?v=1773420982,4,"",,,,,,,,,,,,,,,,,,,,,,,,,,,,,,,,,,,,,,,,,,,,,,,,,,,,,,,,,,,,,,,,,,,,,,,,,,,,,,,,,,,,,,,,,,,,,,,,,,,,,,,,,,,,,,,,,,,,,,,,,,,,,,,,,,,,,,,,,,,,,,,,,,,,,,,,,,
mouse-usb-logitech-m90-color-negro,Mouse USB Logitech M90 Óptico Negro - Confiable y Duradero,"<h3>Mouse USB Logitech M90 - Confiabilidad Logitech a tu Alcance</h3>

<p>Trabajá con la calidad y confiabilidad de <strong>Logitech</strong> con el mouse M90. Diseñado para uso diario, ofrece precisión, comodidad y durabilidad respaldada por una marca líder mundial en periféricos.</p>

<p><strong>Características principales:</strong></p>
<ul>
<li>
<strong>Marca Logitech</strong> - Calidad y confiabilidad reconocida mundialmente</li>
<li>
<strong>Sensor óptico preciso</strong> - Seguimiento suave y exacto en la mayoría de superficies</li>
<li>
<strong>Conexión USB con cable</strong> - Plug and play, sin necesidad de software</li>
<li>
<strong>Diseño ambidiestro</strong> - Cómodo para usuarios diestros y zurdos</li>
<li>
<strong>Construcción duradera</strong> - Resistente al uso intensivo diario</li>
<li>
<strong>Compatible universal</strong> - Funciona con Windows, Mac, Linux y Chrome OS</li>
<li>
<strong>Color negro clásico</strong> - Diseño profesional y discreto</li>
</ul>

<p><strong>Especificaciones técnicas:</strong></p>
<ul>
<li>Modelo: Logitech M90</li>
<li>Sensor: Óptico de alta precisión</li>
<li>Conexión: USB con cable</li>
<li>Compatibilidad: Windows, Mac, Linux, Chrome OS</li>
<li>Color: Negro</li>
<li>Diseño: Ambidiestro</li>
<li>Marca: Logitech</li>
<li>SKU: M90</li>
</ul>

<p><strong>Ideal para:</strong></p>
<p>Oficina, home office, estudiantes, uso diario, trabajo profesional, computadoras de escritorio, notebooks y cualquier persona que busque un mouse confiable de una marca reconocida a precio accesible.</p>

<p>Logitech M90, la elección inteligente para tu día a día.</p>",LOGITECH,Electronics > Electronics Accessories > Computer Components > Input Devices > Mice & Trackballs,Mouse y Teclados,"computación, logitech, mayorista, mouse, oficina, usb",true,Title,Default Title,,,,,,,,M90,110.0,shopify,11,deny,manual,6700.00,,true,true,,,,,097855102355,https://cdn.shopify.com/s/files/1/0796/0703/8180/files/1058-producto-1-5493.jpg?v=1773429899,1,"",false,Mouse USB Logitech M90 Óptico Negro | Confiable y Duradero,"Mouse USB Logitech M90 óptico negro. Sensor preciso, conexión USB plug and play, diseño ambidiestro, compatible universal. Calidad Logitech.",,,,,,,,,,,,,,,,,,,,,,,,,,,,,,,,,,,,,,,,,,,negro,,,,,,,usb,,,,,,,,,,,,,,,,,,,,,,,,,,,,,,,,,,,,,,,,,,,,,,optico,rueda-de-desplazamiento,,,,,,,,,,,usb,,,,,,,,,,,,,,,,,,,,,,,,,,,,,,,,,,,,,,,,g,,,active
mouse-usb-logitech-m90-color-negro,,,,,,,,,,,,,,,,,,,,,,,,,,,,,,,,https://cdn.shopify.com/s/files/1/0796/0703/8180/files/mouse-logitech-m90-optico-cable-usb-1000dpi-pc-notebook-d_nq_np_905228.webp?v=1773429899,2,"",,,,,,,,,,,,,,,,,,,,,,,,,,,,,,,,,,,,,,,,,,,,,,,,,,,,,,,,,,,,,,,,,,,,,,,,,,,,,,,,,,,,,,,,,,,,,,,,,,,,,,,,,,,,,,,,,,,,,,,,,,,,,,,,,,,,,,,,,,,,,,,,,,,,,,,,,,
mouse-inalambrico-noga-ngm-144-negro,Mouse Inalámbrico Noga NGM-144 Negro - Ergonómico y Portátil,"<h3>Mouse Inalámbrico Noga NGM-144 - Libertad de Movimiento</h3>

<p>Experimentá la comodidad y precisión del mouse inalámbrico Noga NGM-144 en color negro. Diseñado para uso diario, este mouse te ofrece libertad de movimiento sin cables que estorben tu espacio de trabajo.</p>

<h4>Características principales:</h4>
<ul>
<li>
<strong>Conexión inalámbrica confiable</strong> - Olvidate de los cables enredados</li>
<li>
<strong>Diseño ergonómico</strong> - Comodidad durante largas jornadas de trabajo</li>
<li>
<strong>Sensor óptico preciso</strong> - Control exacto en cualquier superficie</li>
<li>
<strong>Portátil y compacto</strong> - Ideal para llevar a donde vayas</li>
<li>
<strong>Color negro elegante</strong> - Se adapta a cualquier setup</li>
</ul>

<h4>¿Por qué elegir el Noga NGM-144?</h4>
<p>Este mouse combina funcionalidad y precio accesible. Perfecto para oficina, estudio o uso doméstico, te brinda la libertad inalámbrica que necesitás sin comprometer la precisión. Su diseño compacto lo hace ideal tanto para escritorios como para trabajar en movimiento.</p>

<p><strong>Marca de confianza:</strong> Noga es sinónimo de calidad en accesorios tecnológicos, ofreciendo productos duraderos a precios competitivos.</p>",NOGA,Electronics > Electronics Accessories > Computer Components > Input Devices > Mice & Trackballs,Periféricos - Mouse,"accesorios pc, mayorista, mouse inalámbrico, noga, periféricos",true,Title,Default Title,,,,,,,,NGM-144,85.0,shopify,6,deny,manual,5040.00,,true,true,,,,,7798137726148,https://cdn.shopify.com/s/files/1/0796/0703/8180/files/ngm-144-n.webp?v=1773673458,1,"",false,Mouse Inalámbrico Noga NGM-144 Negro | Ergonómico y Portátil,"Mouse inalámbrico Noga NGM-144 negro. Diseño ergonómico, conexión confiable y sensor óptico preciso. Ideal para oficina y uso diario. ¡Comprá ahora!",,,,,,,,,,,,,,,,,,,,,,,,,,,,,,,,,,,,,,,,,,,negro,,,,,,,inalambrico,,,,,,,,,,,,,,,,,,,,,,,,,,,,,,,,,,,,,,,,,,,,,,optico; inalambrico,rueda-de-desplazamiento,,,,,,,,,,,funciona-con-baterias; recargable,,,,,,,,,,,,,,,,,,,,,,,,,,,,,,,,,,,,,,,,g,,,active
mouse-inalambrico-noga-ngm-144-negro,,,,,,,,,,,,,,,,,,,,,,,,,,,,,,,,https://cdn.shopify.com/s/files/1/0796/0703/8180/files/ngm-144-ng.webp?v=1773673458,2,"",,,,,,,,,,,,,,,,,,,,,,,,,,,,,,,,,,,,,,,,,,,,,,,,,,,,,,,,,,,,,,,,,,,,,,,,,,,,,,,,,,,,,,,,,,,,,,,,,,,,,,,,,,,,,,,,,,,,,,,,,,,,,,,,,,,,,,,,,,,,,,,,,,,,,,,,,,
mouse-inalambrico-noga-ng-900u-negro,Mouse Inalámbrico Noga NG-900U - Ergonómico y Silencioso,"<h3>Mouse Inalámbrico Noga NG-900U - Diseño Moderno y Funcional</h3>

<p>Descubrí el mouse inalámbrico Noga NG-900U, diseñado para brindarte comodidad y precisión en cada clic. Disponible en 4 colores vibrantes (Negro, Rosa, Rojo y Azul), este mouse combina estilo y funcionalidad para adaptarse a tu espacio de trabajo.</p>

<h4>Características principales:</h4>
<ul>
<li>
<strong>Conexión inalámbrica estable</strong> - Libertad de movimiento sin cables</li>
<li>
<strong>Diseño ergonómico</strong> - Comodidad durante largas jornadas</li>
<li>
<strong>Clics silenciosos</strong> - Ideal para ambientes de trabajo compartidos</li>
<li>
<strong>Sensor óptico de alta precisión</strong> - Control exacto en cualquier superficie</li>
<li>
<strong>4 colores disponibles</strong> - Negro, Rosa, Rojo y Azul para personalizar tu setup</li>
<li>
<strong>Compacto y portátil</strong> - Perfecto para llevar a donde vayas</li>
</ul>

<h4>¿Por qué elegir el Noga NG-900U?</h4>
<p>Este mouse es la combinación perfecta entre diseño moderno y funcionalidad práctica. Su tecnología de clics silenciosos te permite trabajar sin molestar a quienes te rodean, mientras que su diseño ergonómico garantiza comodidad incluso en sesiones prolongadas. Ya sea para la oficina, el estudio o el hogar, el NG-900U se adapta a tus necesidades.</p>

<p><strong>Elegí tu color favorito</strong> y disfrutá de la calidad y confiabilidad que solo Noga puede ofrecerte. Marca líder en accesorios tecnológicos con excelente relación precio-calidad.</p>",NOGA,Electronics > Electronics Accessories > Computer Components > Input Devices > Mice & Trackballs,Periféricos - Mouse,"accesorios pc, mayorista, mouse inalámbrico, noga, periféricos",true,Color,negro,product.metafields.shopify.color-pattern,,,,,,,NG-900U-1,0.0,shopify,3,deny,manual,4102.00,,true,true,,,,,"",https://cdn.shopify.com/s/files/1/0796/0703/8180/files/ng-900u-ng-f.webp?v=1773674226,1,"",false,Mouse Inalámbrico Noga NG-900U | Ergonómico y Silencioso,"Mouse inalámbrico Noga NG-900U en 4 colores. Diseño ergonómico, clics silenciosos y sensor óptico preciso. Ideal para oficina y uso diario. ¡Comprá ahora!",,,,,,,,,,,,,,,,,,,,,,,,,,,,,,,,,,,,,,,,,,,negro; rosa; rojo; azul,,,,,,,inalambrico; usb,,,,,,,,,,,,,,,,,,,,,,,,,,,,,,,,,,,,,,,,,,,,,,optico; inalambrico,rueda-de-desplazamiento; diseno-ergonomico,,,,,,,,,,,recargable; usb,,,,,,,,,,,,,,,,,,,,,,,,,,,,,,,,,,,,,,,https://cdn.shopify.com/s/files/1/0796/0703/8180/files/ng-900u-ng-f.webp?v=1773674226,kg,,2716.00,active
mouse-inalambrico-noga-ng-900u-negro,,,,,,,,,rosa,,,,,,,,NG-900U-2,0.0,shopify,0,deny,manual,4102.00,,true,true,,,,,"",https://cdn.shopify.com/s/files/1/0796/0703/8180/files/ng-900u-pac.webp?v=1773674226,2,"",,,,,,,,,,,,,,,,,,,,,,,,,,,,,,,,,,,,,,,,,,,,,,,,,,,,,,,,,,,,,,,,,,,,,,,,,,,,,,,,,,,,,,,,,,,,,,,,,,,,,,,,,,,,,,,,,,,,,,,,,,,,,,,,,,,,,,,,,,,,,,,,,,,,,,https://cdn.shopify.com/s/files/1/0796/0703/8180/files/ng-900u-rs.webp?v=1773674226,kg,,2716.00,
mouse-inalambrico-noga-ng-900u-negro,,,,,,,,,rojo,,,,,,,,NG-900U-3,0.0,shopify,0,deny,manual,4102.00,,true,true,,,,,"",https://cdn.shopify.com/s/files/1/0796/0703/8180/files/ng-900u-rs.webp?v=1773674226,3,"",,,,,,,,,,,,,,,,,,,,,,,,,,,,,,,,,,,,,,,,,,,,,,,,,,,,,,,,,,,,,,,,,,,,,,,,,,,,,,,,,,,,,,,,,,,,,,,,,,,,,,,,,,,,,,,,,,,,,,,,,,,,,,,,,,,,,,,,,,,,,,,,,,,,,,https://cdn.shopify.com/s/files/1/0796/0703/8180/files/ng-900u-rj-full.webp?v=1773674226,kg,,2716.00,
mouse-inalambrico-noga-ng-900u-negro,,,,,,,,,azul,,,,,,,,NG-900U-4,0.0,shopify,0,deny,manual,4102.00,,true,true,,,,,"",https://cdn.shopify.com/s/files/1/0796/0703/8180/files/ng-900u-rj-full.webp?v=1773674226,4,"",,,,,,,,,,,,,,,,,,,,,,,,,,,,,,,,,,,,,,,,,,,,,,,,,,,,,,,,,,,,,,,,,,,,,,,,,,,,,,,,,,,,,,,,,,,,,,,,,,,,,,,,,,,,,,,,,,,,,,,,,,,,,,,,,,,,,,,,,,,,,,,,,,,,,,https://cdn.shopify.com/s/files/1/0796/0703/8180/files/ng.webp?v=1773674226,kg,,2716.00,
mouse-inalambrico-noga-ng-900u-negro,,,,,,,,,,,,,,,,,,,,,,,,,,,,,,,,https://cdn.shopify.com/s/files/1/0796/0703/8180/files/ng.webp?v=1773674226,5,"",,,,,,,,,,,,,,,,,,,,,,,,,,,,,,,,,,,,,,,,,,,,,,,,,,,,,,,,,,,,,,,,,,,,,,,,,,,,,,,,,,,,,,,,,,,,,,,,,,,,,,,,,,,,,,,,,,,,,,,,,,,,,,,,,,,,,,,,,,,,,,,,,,,,,,,,,,
mouse-inalambrico-logitech-m170,Mouse Inalámbrico Logitech M170 - Confiable y Duradero,"<h3>Mouse Inalámbrico Logitech M170 - Calidad y Confiabilidad Logitech</h3>

<p>Descubrí el mouse inalámbrico Logitech M170, diseñado por una de las marcas líderes en periféricos. Con tecnología inalámbrica confiable y diseño ergonómico, este mouse te ofrece comodidad y precisión para tu día a día. Disponible en 5 colores vibrantes para que elijas el que mejor se adapte a tu estilo.</p>

<h4>Características principales:</h4>
<ul>
<li>
<strong>Marca Logitech</strong> - Calidad y durabilidad garantizada</li>
<li>
<strong>Conexión inalámbrica 2.4 GHz</strong> - Hasta 10 metros de alcance sin interrupciones</li>
<li>
<strong>Batería de larga duración</strong> - Hasta 12 meses de uso continuo</li>
<li>
<strong>Diseño ergonómico ambidiestro</strong> - Cómodo para uso prolongado</li>
<li>
<strong>Sensor óptico de alta precisión</strong> - Seguimiento suave en múltiples superficies</li>
<li>
<strong>Plug and Play</strong> - Receptor USB nano que se conecta instantáneamente</li>
<li>
<strong>5 colores disponibles</strong> - Elegí el que mejor combine con tu setup</li>
</ul>

<h4>¿Por qué elegir el Logitech M170?</h4>
<p>Logitech es sinónimo de confiabilidad en el mundo de los periféricos. El M170 combina tecnología probada con un diseño práctico que funciona perfectamente tanto en la oficina como en casa. Su batería de larga duración significa menos cambios y más productividad, mientras que su diseño ambidiestro lo hace cómodo para cualquier usuario.</p>

<p><strong>Inversión inteligente:</strong> Con la garantía de calidad Logitech, este mouse te acompañará durante años. Perfecto para trabajo, estudio o uso diario. Elegí tu color favorito y disfrutá de la mejor experiencia inalámbrica.</p>",LOGITECH,Electronics > Electronics Accessories > Computer Components > Input Devices > Mice & Trackballs,Periféricos - Mouse,"accesorios pc, logitech, mayorista, mouse inalámbrico, periféricos",true,Color,negro,product.metafields.shopify.color-pattern,,,,,,,M170,100.0,shopify,0,deny,manual,13149.00,,true,true,,,,,"",https://cdn.shopify.com/s/files/1/0796/0703/8180/files/m171-gallery-black-1.webp?v=1773676379,1,"",false,Mouse Inalámbrico Logitech M170 | Confiable y Duradero,"Mouse inalámbrico Logitech M170 en 5 colores. Batería de 12 meses, diseño ergonómico y sensor preciso. Calidad Logitech garantizada. ¡Comprá ahora!",,,,,,,,,,,,,,,,,,,,,,,,,,,,,,,,,,,,,,,,,,,negro; blanco; rojo; azul; gris,,,,,,,inalambrico,,,,,,,,,,,,,,,,,,,,,,,,,,,,,,,,,,,,,,,,,,,,,,optico,diseno-ergonomico; rueda-de-desplazamiento,,,,,,,,,,,funciona-con-baterias,,,,,,,,,,,,,,,,,,,,,,,,,,,,,,,,,,,,,,,https://cdn.shopify.com/s/files/1/0796/0703/8180/files/m171-gallery-black-1.webp?v=1773676379,g,,,active
mouse-inalambrico-logitech-m170,,,,,,,,,blanco,,,,,,,,M170,100.0,shopify,1,deny,manual,13149.00,,true,true,,,,,097855183439,https://cdn.shopify.com/s/files/1/0796/0703/8180/files/m171-mouse-top-view-blue.webp?v=1773676379,2,"",,,,,,,,,,,,,,,,,,,,,,,,,,,,,,,,,,,,,,,,,,,,,,,,,,,,,,,,,,,,,,,,,,,,,,,,,,,,,,,,,,,,,,,,,,,,,,,,,,,,,,,,,,,,,,,,,,,,,,,,,,,,,,,,,,,,,,,,,,,,,,,,,,,,,,https://cdn.shopify.com/s/files/1/0796/0703/8180/files/Mouse-Logitech-M170-Inalambrico-Blanco_45719_1.jpg?v=1773676379,g,,,
mouse-inalambrico-logitech-m170,,,,,,,,,rojo,,,,,,,,M170,100.0,shopify,0,deny,manual,13149.00,,true,true,,,,,097855124197,https://cdn.shopify.com/s/files/1/0796/0703/8180/files/m171-mouse-top-view-red.webp?v=1773676379,3,"",,,,,,,,,,,,,,,,,,,,,,,,,,,,,,,,,,,,,,,,,,,,,,,,,,,,,,,,,,,,,,,,,,,,,,,,,,,,,,,,,,,,,,,,,,,,,,,,,,,,,,,,,,,,,,,,,,,,,,,,,,,,,,,,,,,,,,,,,,,,,,,,,,,,,,https://cdn.shopify.com/s/files/1/0796/0703/8180/files/m171-mouse-top-view-red.webp?v=1773676379,g,,,
mouse-inalambrico-logitech-m170,,,,,,,,,azul,,,,,,,,M170,100.0,shopify,3,deny,manual,13149.00,,true,true,,,,,097855121936,https://cdn.shopify.com/s/files/1/0796/0703/8180/files/3453-3-3.jpg?v=1773676379,4,"",,,,,,,,,,,,,,,,,,,,,,,,,,,,,,,,,,,,,,,,,,,,,,,,,,,,,,,,,,,,,,,,,,,,,,,,,,,,,,,,,,,,,,,,,,,,,,,,,,,,,,,,,,,,,,,,,,,,,,,,,,,,,,,,,,,,,,,,,,,,,,,,,,,,,,https://cdn.shopify.com/s/files/1/0796/0703/8180/files/m171-mouse-top-view-blue.webp?v=1773676379,g,,,
mouse-inalambrico-logitech-m170,,,,,,,,,gris,,,,,,,,M170,100.0,shopify,0,deny,manual,13149.00,,true,true,,,,,097855183453,https://cdn.shopify.com/s/files/1/0796/0703/8180/files/Mouse-Logitech-M170-Inalambrico-Blanco_45719_1.jpg?v=1773676379,5,"",,,,,,,,,,,,,,,,,,,,,,,,,,,,,,,,,,,,,,,,,,,,,,,,,,,,,,,,,,,,,,,,,,,,,,,,,,,,,,,,,,,,,,,,,,,,,,,,,,,,,,,,,,,,,,,,,,,,,,,,,,,,,,,,,,,,,,,,,,,,,,,,,,,,,,https://cdn.shopify.com/s/files/1/0796/0703/8180/files/3453-3-3.jpg?v=1773676379,g,,,
mouse-inalambrico-logitech-m170,,,,,,,,,,,,,,,,,,,,,,,,,,,,,,,,https://cdn.shopify.com/s/files/1/0796/0703/8180/files/m171-gallery-black-4.webp?v=1773676379,6,"",,,,,,,,,,,,,,,,,,,,,,,,,,,,,,,,,,,,,,,,,,,,,,,,,,,,,,,,,,,,,,,,,,,,,,,,,,,,,,,,,,,,,,,,,,,,,,,,,,,,,,,,,,,,,,,,,,,,,,,,,,,,,,,,,,,,,,,,,,,,,,,,,,,,,,,,,,
mouse-inalambrico-logitech-m170,,,,,,,,,,,,,,,,,,,,,,,,,,,,,,,,https://cdn.shopify.com/s/files/1/0796/0703/8180/files/m171-gallery-black-3.webp?v=1773676379,7,"",,,,,,,,,,,,,,,,,,,,,,,,,,,,,,,,,,,,,,,,,,,,,,,,,,,,,,,,,,,,,,,,,,,,,,,,,,,,,,,,,,,,,,,,,,,,,,,,,,,,,,,,,,,,,,,,,,,,,,,,,,,,,,,,,,,,,,,,,,,,,,,,,,,,,,,,,,
mouse-inalambrico-logitech-m170,,,,,,,,,,,,,,,,,,,,,,,,,,,,,,,,https://cdn.shopify.com/s/files/1/0796/0703/8180/files/m171-gallery-black-2.webp?v=1773676379,8,"",,,,,,,,,,,,,,,,,,,,,,,,,,,,,,,,,,,,,,,,,,,,,,,,,,,,,,,,,,,,,,,,,,,,,,,,,,,,,,,,,,,,,,,,,,,,,,,,,,,,,,,,,,,,,,,,,,,,,,,,,,,,,,,,,,,,,,,,,,,,,,,,,,,,,,,,,,
mouse-gamer-usb-havit-6-botones-con-luces-max-3200dpi,Mouse Gamer Havit MS749 - 6 Botones RGB 3200 DPI,"<h3>Mouse Gamer Havit MS749 - Precisión y Estilo Gaming</h3>

<p>Llevá tu experiencia gaming al siguiente nivel con el mouse gamer Havit MS749. Equipado con 6 botones programables, iluminación RGB y sensor de hasta 3200 DPI, este mouse combina rendimiento profesional con un diseño agresivo que destaca en cualquier setup gamer.</p>

<h4>Características principales:</h4>
<ul>
<li>
<strong>Sensor de alta precisión hasta 3200 DPI</strong> - Ajustable para máxima precisión en juegos</li>
<li>
<strong>6 botones programables</strong> - Personalizá tus comandos para ventaja competitiva</li>
<li>
<strong>Iluminación RGB multicolor</strong> - Efectos de luz que dan vida a tu setup</li>
<li>
<strong>Conexión USB con cable</strong> - Respuesta instantánea sin lag ni latencia</li>
<li>
<strong>Diseño ergonómico gaming</strong> - Cómodo incluso en sesiones prolongadas</li>
<li>
<strong>Switches durables</strong> - Millones de clics garantizados</li>
<li>
<strong>Compatible con PC y Laptop</strong> - Plug and play, sin drivers necesarios</li>
</ul>

<h4>¿Por qué elegir el Havit MS749?</h4>
<p>Este mouse está diseñado para gamers que buscan rendimiento sin gastar una fortuna. Su sensor ajustable te permite cambiar la sensibilidad al instante según el juego: DPI bajo para precisión en shooters, DPI alto para movimientos rápidos en MOBAs. Los 6 botones programables te dan ventaja táctica, mientras que la iluminación RGB crea la atmósfera perfecta para tus partidas nocturnas.</p>

<p><strong>Rendimiento gaming accesible:</strong> Ya sea que estés empezando en el mundo gamer o buscando un mouse confiable para competir, el Havit MS749 te ofrece las herramientas que necesitás. Su construcción sólida y diseño pensado para largas sesiones lo convierten en el compañero ideal para tus victorias.</p>",HAVIT,Electronics > Electronics Accessories > Computer Components > Input Devices > Mice & Trackballs,Periféricos - Mouse Gaming,"gaming, havit, mayorista, mouse gamer, periféricos, rgb",true,Title,Default Title,,,,,,,,MS749,120.0,shopify,2,deny,manual,8378.00,,true,true,,,,,,https://cdn.shopify.com/s/files/1/0796/0703/8180/files/HAViT-HV-MS749-USB-RGB-GAMiNG-MOUSE-WIRED-OPTiCAL-MiCE-5.jpg?v=1773676556,1,"",false,Mouse Gamer Havit MS749 | 6 Botones RGB 3200 DPI,"Mouse gamer Havit MS749 con 6 botones programables, RGB y sensor 3200 DPI. Diseño ergonómico para gaming profesional. Precio accesible. ¡Comprá ahora!",,,,,,,,,,,,,,,,,,,,,,,,,,,,,,,,,,,,,,,,,,,negro,,,,,,,usb,,,,,,,,,,,,,,,,,,,,,,,,,,,,,,,,,,,,,,,,,,,,,,optico; inalambrico,rueda-de-desplazamiento,,,,,,,,,,,usb,,,,,,,,,,,,,,,,,,,,,,,,,,,,,,,,,,,,,,,,g,,,active
mouse-gamer-usb-havit-6-botones-con-luces-max-3200dpi,,,,,,,,,,,,,,,,,,,,,,,,,,,,,,,,https://cdn.shopify.com/s/files/1/0796/0703/8180/files/HAViT-HV-MS749-USB-RGB-GAMiNG-MOUSE-WIRED-OPTiCAL-MiCE-3.jpg?v=1773676556,2,"",,,,,,,,,,,,,,,,,,,,,,,,,,,,,,,,,,,,,,,,,,,,,,,,,,,,,,,,,,,,,,,,,,,,,,,,,,,,,,,,,,,,,,,,,,,,,,,,,,,,,,,,,,,,,,,,,,,,,,,,,,,,,,,,,,,,,,,,,,,,,,,,,,,,,,,,,,
mouse-gamer-t-dagger-private,Mouse Gamer T-Dagger Private - RGB y Alta Precisión,"<h3>Mouse Gamer T-Dagger Private - Rendimiento Gaming Profesional</h3>

<p>Descubrí el mouse gamer T-Dagger Private, diseñado para jugadores exigentes que buscan precisión, velocidad y estilo. Con tecnología de sensor avanzado, iluminación RGB personalizable y construcción premium, este mouse eleva tu experiencia gaming al siguiente nivel.</p>

<h4>Características principales:</h4>
<ul>
<li>
<strong>Sensor óptico de alta precisión</strong> - DPI ajustable para máxima exactitud</li>
<li>
<strong>Botones programables</strong> - Personalizá tus comandos para ventaja competitiva</li>
<li>
<strong>Iluminación RGB dinámica</strong> - Múltiples efectos de luz personalizables</li>
<li>
<strong>Diseño ergonómico premium</strong> - Agarre cómodo para sesiones prolongadas</li>
<li>
<strong>Switches de alta durabilidad</strong> - Millones de clics garantizados</li>
<li>
<strong>Cable reforzado</strong> - Resistente y libre de enredos</li>
<li>
<strong>Compatible con software T-Dagger</strong> - Configuración avanzada de macros y perfiles</li>
</ul>

<h4>¿Por qué elegir el T-Dagger Private?</h4>
<p>T-Dagger es una marca reconocida en el mundo gaming por ofrecer periféricos de calidad profesional. El Private combina tecnología de punta con un diseño agresivo que no pasa desapercibido. Su sensor de alta precisión te permite ajustar la sensibilidad al instante, mientras que los botones programables te dan control total sobre tus acciones en el juego.</p>

<p><strong>Rendimiento sin compromisos:</strong> Ya sea que juegues shooters competitivos, MOBAs intensos o juegos de estrategia, el T-Dagger Private te brinda la precisión y velocidad que necesitás para dominar. Su iluminación RGB no solo se ve espectacular, sino que también te permite identificar perfiles de juego de un vistazo.</p>",T-DAGGER,Electronics > Electronics Accessories > Computer Components > Input Devices > Mice & Trackballs,Periféricos - Mouse Gaming,"gaming, mayorista, mouse gamer, periféricos, rgb, t-dagger",true,Title,Default Title,,,,,,,,TDAGGER-PRIVATE,170.0,shopify,5,deny,manual,11440.00,,true,true,,,,,6950376708588,https://cdn.shopify.com/s/files/1/0796/0703/8180/files/211020_BLOQUE_1_PRIVATE-600x600.png?v=1773677056,1,"",false,Mouse Gamer T-Dagger Private | RGB y Alta Precisión,"Mouse gamer T-Dagger Private con sensor de alta precisión, RGB personalizable y botones programables. Rendimiento profesional para gaming. ¡Comprá ahora!",,,,,,,,,,,,,,,,,,,,,,,,,,,,,,,,,,,,,,,,,,,negro,,,,,,,cableado,,,,,,,,,,,,,,,,,,,,,,,,,,,,,,,,,,,,,,,,,,,,,,optico,grabacion-de-macros; diseno-ergonomico; rueda-de-desplazamiento,,,,,,,,,,,usb,,,,,,,,,,,,,,,,,,,,,,,,,,,,,,,,,,,,,,,,g,,,active
mouse-gamer-t-dagger-private,,,,,,,,,,,,,,,,,,,,,,,,,,,,,,,,https://cdn.shopify.com/s/files/1/0796/0703/8180/files/211014_BLOQUE3_PRIVATE-600x600-1.png?v=1773677130,2,"",,,,,,,,,,,,,,,,,,,,,,,,,,,,,,,,,,,,,,,,,,,,,,,,,,,,,,,,,,,,,,,,,,,,,,,,,,,,,,,,,,,,,,,,,,,,,,,,,,,,,,,,,,,,,,,,,,,,,,,,,,,,,,,,,,,,,,,,,,,,,,,,,,,,,,,,,,
mouse-gamer-t-dagger-private,,,,,,,,,,,,,,,,,,,,,,,,,,,,,,,,https://cdn.shopify.com/s/files/1/0796/0703/8180/files/211014_BLOQUE_2_PRIVATE-600x600.png?v=1773677130,3,"",,,,,,,,,,,,,,,,,,,,,,,,,,,,,,,,,,,,,,,,,,,,,,,,,,,,,,,,,,,,,,,,,,,,,,,,,,,,,,,,,,,,,,,,,,,,,,,,,,,,,,,,,,,,,,,,,,,,,,,,,,,,,,,,,,,,,,,,,,,,,,,,,,,,,,,,,,
mouse-gamer-t-dagger-lieutenant,Mouse Gamer T-Dagger Lieutenant - RGB y Rendimiento Pro,"<h3>Mouse Gamer T-Dagger Lieutenant - Precisión de Nivel Profesional</h3>

<p>Dominá el campo de batalla digital con el mouse gamer T-Dagger Lieutenant. Diseñado para jugadores competitivos, este mouse combina tecnología de sensor avanzado, construcción premium y personalización total para brindarte la ventaja que necesitás en cada partida.</p>

<h4>Características principales:</h4>
<ul>
<li>
<strong>Sensor óptico de alta gama</strong> - DPI ajustable para precisión extrema</li>
<li>
<strong>Botones programables avanzados</strong> - Configurá macros y comandos personalizados</li>
<li>
<strong>Iluminación RGB personalizable</strong> - Múltiples zonas y efectos de luz</li>
<li>
<strong>Diseño ergonómico premium</strong> - Agarre perfecto para sesiones intensas</li>
<li>
<strong>Switches de grado profesional</strong> - Durabilidad garantizada para millones de clics</li>
<li>
<strong>Cable trenzado reforzado</strong> - Máxima resistencia y flexibilidad</li>
<li>
<strong>Software T-Dagger completo</strong> - Control total sobre perfiles, macros y RGB</li>
</ul>

<h4>¿Por qué elegir el T-Dagger Lieutenant?</h4>
<p>El Lieutenant representa lo mejor de T-Dagger en tecnología gaming. Su sensor de alta gama te permite ajustar la sensibilidad con precisión milimétrica, ideal para headshots perfectos en shooters o movimientos rápidos en MOBAs. Los botones programables te dan control absoluto, mientras que el software dedicado te permite crear perfiles personalizados para cada juego.</p>

<p><strong>Gaming de alto nivel:</strong> Este mouse está construido para competir. Su diseño ergonómico reduce la fatiga incluso en maratones de gaming, mientras que la iluminación RGB sincronizable crea un setup espectacular. Si buscás rendimiento profesional sin compromisos, el Lieutenant es tu elección.</p>",T-DAGGER,Electronics > Electronics Accessories > Computer Components > Input Devices > Mice & Trackballs,Periféricos - Mouse Gaming,"gaming, mayorista, mouse gamer, periféricos, rgb, t-dagger",true,Title,Default Title,,,,,,,,TDAGGER-LIEUTENANT,170.0,shopify,1,deny,manual,24310.00,,true,true,,,,,,https://cdn.shopify.com/s/files/1/0796/0703/8180/files/5.jpg?v=1773677383,1,"",false,Mouse Gamer T-Dagger Lieutenant | RGB y Rendimiento Pro,"Mouse gamer T-Dagger Lieutenant con sensor de alta gama, RGB personalizable y botones programables. Rendimiento profesional para gaming competitivo.",,,,,,,,,,,,,,,,,,,,,,,,,,,,,,,,,,,,,,,,,,,,,,,,,,,,,,,,,,,,,,,,,,,,,,,,,,,,,,,,,,,,,,,,,,,,,,,,,,,,,,,,,,,,,,,,,,,,,,,,,,,,,,,,,,,,,,,,,,,,,,,,,,,,g,,,active
mouse-gamer-t-dagger-lieutenant,,,,,,,,,,,,,,,,,,,,,,,,,,,,,,,,https://cdn.shopify.com/s/files/1/0796/0703/8180/files/1081-producto-d-nq-np-811309-mlu44579839680-012021-o-6818.jpg?v=1773677383,2,"",,,,,,,,,,,,,,,,,,,,,,,,,,,,,,,,,,,,,,,,,,,,,,,,,,,,,,,,,,,,,,,,,,,,,,,,,,,,,,,,,,,,,,,,,,,,,,,,,,,,,,,,,,,,,,,,,,,,,,,,,,,,,,,,,,,,,,,,,,,,,,,,,,,,,,,,,,
mouse-gamer-t-dagger-lieutenant,,,,,,,,,,,,,,,,,,,,,,,,,,,,,,,,https://cdn.shopify.com/s/files/1/0796/0703/8180/files/1058-producto-t2-8177.jpg?v=1773677383,3,"",,,,,,,,,,,,,,,,,,,,,,,,,,,,,,,,,,,,,,,,,,,,,,,,,,,,,,,,,,,,,,,,,,,,,,,,,,,,,,,,,,,,,,,,,,,,,,,,,,,,,,,,,,,,,,,,,,,,,,,,,,,,,,,,,,,,,,,,,,,,,,,,,,,,,,,,,,
mouse-gamer-t-dagger-sergeant,Mouse Gamer T-Dagger Sergeant - RGB y Precisión Gaming,"<h3>Mouse Gamer T-Dagger Sergeant - Rendimiento Táctico para Gamers</h3>

<p>Equipáte con el mouse gamer T-Dagger Sergeant, diseñado para jugadores que buscan un equilibrio perfecto entre rendimiento, durabilidad y estilo. Con tecnología de sensor preciso, iluminación RGB y construcción robusta, este mouse te acompaña en cada batalla digital.</p>

<h4>Características principales:</h4>
<ul>
<li>
<strong>Sensor óptico de alta precisión</strong> - DPI ajustable para control total</li>
<li>
<strong>Botones programables</strong> - Personalizá tus comandos favoritos</li>
<li>
<strong>Iluminación RGB vibrante</strong> - Efectos de luz personalizables</li>
<li>
<strong>Diseño ergonómico táctico</strong> - Agarre seguro y cómodo</li>
<li>
<strong>Switches de alta durabilidad</strong> - Resistencia probada para uso intensivo</li>
<li>
<strong>Cable reforzado anti-enredos</strong> - Máxima flexibilidad y duración</li>
<li>
<strong>Compatible con software T-Dagger</strong> - Configuración avanzada de perfiles</li>
</ul>

<h4>¿Por qué elegir el T-Dagger Sergeant?</h4>
<p>El Sergeant es el mouse ideal para gamers que valoran la confiabilidad sin sacrificar rendimiento. Su sensor de alta precisión te permite ajustar la sensibilidad según el juego, mientras que los botones programables te dan acceso rápido a tus comandos más importantes. La iluminación RGB no solo se ve espectacular, sino que también te ayuda a identificar diferentes perfiles de juego.</p>

<p><strong>Construido para durar:</strong> T-Dagger es reconocida por fabricar periféricos gaming de calidad superior. El Sergeant combina materiales premium con ingeniería sólida, garantizando que resistirá incluso las sesiones de gaming más intensas. Perfecto para shooters, MOBAs, MMOs y cualquier género que exija precisión y velocidad.</p>",T-DAGGER,Electronics > Electronics Accessories > Computer Components > Input Devices > Mice & Trackballs,Periféricos - Mouse Gaming,"gaming, mayorista, mouse gamer, periféricos, rgb, t-dagger",true,Title,Default Title,,,,,,,,T-TGM202,135.0,shopify,3,deny,manual,22880.00,,true,true,,,,,6950376783929,https://cdn.shopify.com/s/files/1/0796/0703/8180/files/3IN1-600x600-2.png?v=1773677674,1,"",false,Mouse Gamer T-Dagger Sergeant | RGB y Precisión Gaming,"Mouse gamer T-Dagger Sergeant con sensor de alta precisión, RGB personalizable y botones programables. Rendimiento táctico para gamers exigentes.",,,,,,,,,,,,,,,,,,,,,,,,,,,,,,,,,,,,,,,,,,,negro,,,,,,,cableado,,,,,,,,,,,,,,,,,,,,,,,,,,,,,,,,,,,,,,,,,,,,,,optico,diseno-ergonomico; rueda-de-desplazamiento,,,,,,,,,,,usb,,,,,,,,,,,,,,,,,,,,,,,,,,,,,,,,,,,,,,,,g,,,active
mouse-gamer-t-dagger-sergeant,,,,,,,,,,,,,,,,,,,,,,,,,,,,,,,,https://cdn.shopify.com/s/files/1/0796/0703/8180/files/2763-1_1024x1024_2x_98901c67-1ae0-4ac2-92cb-447dbb3a5d55.webp?v=1773677674,2,"",,,,,,,,,,,,,,,,,,,,,,,,,,,,,,,,,,,,,,,,,,,,,,,,,,,,,,,,,,,,,,,,,,,,,,,,,,,,,,,,,,,,,,,,,,,,,,,,,,,,,,,,,,,,,,,,,,,,,,,,,,,,,,,,,,,,,,,,,,,,,,,,,,,,,,,,,,
mouse-gamer-t-dagger-sergeant,,,,,,,,,,,,,,,,,,,,,,,,,,,,,,,,https://cdn.shopify.com/s/files/1/0796/0703/8180/files/2763-7_1200x1200_b9447e5f-3713-4e64-b700-cd7f96ea9f4c.webp?v=1773677674,3,"",,,,,,,,,,,,,,,,,,,,,,,,,,,,,,,,,,,,,,,,,,,,,,,,,,,,,,,,,,,,,,,,,,,,,,,,,,,,,,,,,,,,,,,,,,,,,,,,,,,,,,,,,,,,,,,,,,,,,,,,,,,,,,,,,,,,,,,,,,,,,,,,,,,,,,,,,,
mouse-gamer-noga-st-855-rgb,Mouse Gamer Noga ST-855 - RGB 1600 DPI,"<h3>Mouse Gamer Noga ST-855 - Estilo Gaming con RGB</h3>

<p>Descubrí el mouse gamer Noga ST-855, perfecto para gamers que buscan rendimiento y estilo. Con iluminación RGB, sensor de 1600 DPI y diseño ergonómico, este mouse combina funcionalidad gaming con una estética moderna. Disponible en 3 colores vibrantes para personalizar tu setup.</p>

<h4>Características principales:</h4>
<ul>
<li>
<strong>Sensor óptico 1600 DPI</strong> - Precisión ideal para gaming casual y competitivo</li>
<li>
<strong>Iluminación RGB multicolor</strong> - Efectos de luz que dan vida a tu setup</li>
<li>
<strong>3 colores disponibles</strong> - Elegí el que mejor combine con tu estilo</li>
<li>
<strong>Diseño ergonómico</strong> - Cómodo para sesiones prolongadas</li>
<li>
<strong>Botones adicionales</strong> - Mayor control en tus juegos favoritos</li>
<li>
<strong>Conexión USB con cable</strong> - Respuesta instantánea sin lag</li>
<li>
<strong>Compatible con PC y Laptop</strong> - Plug and play sin instalación</li>
</ul>

<h4>¿Por qué elegir el Noga ST-855?</h4>
<p>Este mouse es ideal para gamers que quieren destacar con un setup único. Disponible en 3 colores vibrantes, podés elegir el que mejor refleje tu personalidad. La iluminación RGB crea un look espectacular, mientras que su sensor de 1600 DPI te brinda la precisión necesaria para juegos de acción, aventura y estrategia. Su diseño ergonómico garantiza comodidad incluso en maratones de gaming.</p>

<p><strong>Gaming con personalidad:</strong> Noga ofrece calidad confiable a precio accesible. El ST-855 es perfecto para quienes buscan un mouse gaming funcional con un toque de color y estilo. Ya sea para jugar, trabajar o estudiar, este mouse con RGB te acompaña con rendimiento y diseño que no pasa desapercibido. Elegí tu color favorito y armá el setup de tus sueños.</p>",NOGA,Electronics > Electronics Accessories > Computer Components > Input Devices > Mice & Trackballs,Periféricos - Mouse Gaming,"gaming, mayorista, mouse gamer, noga, periféricos, rgb, rosa",true,Color,rosa,product.metafields.shopify.color-pattern,,,,,,,ST-855,110.0,shopify,4,deny,manual,4043.20,,true,true,,,,,7798137726070,https://cdn.shopify.com/s/files/1/0796/0703/8180/files/st-855-rs.webp?v=1773678260,1,"",false,Mouse Gamer Noga ST-855 | RGB 1600 DPI en 3 Colores,Mouse gamer Noga ST-855 con RGB y sensor 1600 DPI. Disponible en 3 colores. Diseño ergonómico y estilo gaming único. Calidad Noga. ¡Comprá ahora!,,,,,,,,,,,,,,,,,,,,,,,,,,,,,,,,,,,,,,,,,,,rosa; blanco; negro,,,,,,,usb,,,,,,,,,,,,,,,,,,,,,,,,,,,,,,,,,,,,,,,,,,,,,,optico,diseno-ergonomico,,,,,,,,,,,usb,,,,,,,,,,,,,,,,,,,,,,,,,,,,,,,,,,,,,,,https://cdn.shopify.com/s/files/1/0796/0703/8180/files/st-855-rs.webp?v=1773678260,g,,,active
mouse-gamer-noga-st-855-rgb,,,,,,,,,blanco,,,,,,,,ST-856,110.0,shopify,0,deny,manual,4043.20,,true,true,,,,,"",https://cdn.shopify.com/s/files/1/0796/0703/8180/files/st-855-bl.webp?v=1773678260,2,"",,,,,,,,,,,,,,,,,,,,,,,,,,,,,,,,,,,,,,,,,,,,,,,,,,,,,,,,,,,,,,,,,,,,,,,,,,,,,,,,,,,,,,,,,,,,,,,,,,,,,,,,,,,,,,,,,,,,,,,,,,,,,,,,,,,,,,,,,,,,,,,,,,,,,,https://cdn.shopify.com/s/files/1/0796/0703/8180/files/st-855-bl.webp?v=1773678260,g,,,
mouse-gamer-noga-st-855-rgb,,,,,,,,,negro,,,,,,,,ST-857,110.0,shopify,2,deny,manual,4043.20,,true,true,,,,,7798137726063,https://cdn.shopify.com/s/files/1/0796/0703/8180/files/st-855-ng.webp?v=1773678260,3,"",,,,,,,,,,,,,,,,,,,,,,,,,,,,,,,,,,,,,,,,,,,,,,,,,,,,,,,,,,,,,,,,,,,,,,,,,,,,,,,,,,,,,,,,,,,,,,,,,,,,,,,,,,,,,,,,,,,,,,,,,,,,,,,,,,,,,,,,,,,,,,,,,,,,,,https://cdn.shopify.com/s/files/1/0796/0703/8180/files/st-855-ng.webp?v=1773678260,g,,,
mouse-gamer-noga-st-811-rgb,Mouse Gamer Noga ST-811 - RGB 1600 DPI,"<h3>Mouse Gamer Noga ST-811 - Rendimiento Gaming con RGB</h3>

<p>Descubrí el mouse gamer Noga ST-811, diseñado para gamers que buscan rendimiento confiable y estilo. Con iluminación RGB, sensor de 1600 DPI y diseño ergonómico, este mouse te brinda las herramientas esenciales para mejorar tu juego. Disponible en 3 colores para que elijas el que mejor se adapte a tu setup.</p>

<h4>Características principales:</h4>
<ul>
<li>
<strong>Sensor óptico 1600 DPI</strong> - Precisión ideal para gaming y uso diario</li>
<li>
<strong>Iluminación RGB multicolor</strong> - Efectos de luz que personalizan tu experiencia</li>
<li>
<strong>3 colores disponibles</strong> - Elegí el que mejor combine con tu estilo</li>
<li>
<strong>Diseño ergonómico</strong> - Comodidad durante sesiones prolongadas</li>
<li>
<strong>Botones adicionales</strong> - Mayor control y funcionalidad</li>
<li>
<strong>Conexión USB con cable</strong> - Respuesta instantánea sin latencia</li>
<li>
<strong>Compatible con PC y Laptop</strong> - Plug and play sin drivers</li>
</ul>

<h4>¿Por qué elegir el Noga ST-811?</h4>
<p>Este mouse es la elección perfecta para gamers que buscan calidad a precio accesible. Su sensor de 1600 DPI ofrece la precisión necesaria para juegos de acción, shooters y MOBAs, mientras que la iluminación RGB crea el ambiente gaming que buscás. Con 3 opciones de color, podés personalizar tu setup según tu estilo personal.</p>

<p><strong>Calidad Noga garantizada:</strong> Noga es sinónimo de confiabilidad en accesorios tecnológicos. El ST-811 combina construcción sólida con diseño ergonómico, garantizando comodidad y durabilidad. Ya sea para gaming, trabajo o estudio, este mouse te acompaña con rendimiento constante. Elegí tu color favorito y llevá tu experiencia gaming al siguiente nivel.</p>",NOGA,Electronics > Electronics Accessories > Computer Components > Input Devices > Mice & Trackballs,Periféricos - Mouse Gaming,"gaming, mayorista, mouse gamer, noga, periféricos, rgb",true,Color,negro,product.metafields.shopify.color-pattern,,,,,,,ST-811,110.0,shopify,0,deny,manual,4043.20,,true,true,,,,,"",https://cdn.shopify.com/s/files/1/0796/0703/8180/files/st-811-ng-443.webp?v=1773678726,1,"",false,Mouse Gamer Noga ST-811 | RGB 1600 DPI en 3 Colores,Mouse gamer Noga ST-811 con RGB y sensor 1600 DPI. Disponible en 3 colores. Diseño ergonómico y rendimiento gaming confiable. ¡Comprá ahora!,,,,,,,,,,,,,,,,,,,,,,,,,,,,,,,,,,,,,,,,,,,negro; blanco; rosa,,,,,,,usb,,,,,,,,,,,,,,,,,,,,,,,,,,,,,,,,,,,,,,,,,,,,,,optico,diseno-ergonomico,,,,,,,,,,,usb,,,,,,,,,,,,,,,,,,,,,,,,,,,,,,,,,,,,,,,https://cdn.shopify.com/s/files/1/0796/0703/8180/files/st-811-ng-443.webp?v=1773678726,g,,,active
mouse-gamer-noga-st-811-rgb,,,,,,,,,blanco,,,,,,,,ST-811b,110.0,shopify,2,deny,manual,4043.20,,true,true,,,,,7798137726056,https://cdn.shopify.com/s/files/1/0796/0703/8180/files/st-811-rs-pack.webp?v=1773678726,2,"",,,,,,,,,,,,,,,,,,,,,,,,,,,,,,,,,,,,,,,,,,,,,,,,,,,,,,,,,,,,,,,,,,,,,,,,,,,,,,,,,,,,,,,,,,,,,,,,,,,,,,,,,,,,,,,,,,,,,,,,,,,,,,,,,,,,,,,,,,,,,,,,,,,,,,https://cdn.shopify.com/s/files/1/0796/0703/8180/files/st-811-b.webp?v=1773678726,g,,,
mouse-gamer-noga-st-811-rgb,,,,,,,,,rosa,,,,,,,,ST-813,110.0,shopify,0,deny,manual,4043.20,,true,true,,,,,"",https://cdn.shopify.com/s/files/1/0796/0703/8180/files/st-811-bl.webp?v=1773678726,3,"",,,,,,,,,,,,,,,,,,,,,,,,,,,,,,,,,,,,,,,,,,,,,,,,,,,,,,,,,,,,,,,,,,,,,,,,,,,,,,,,,,,,,,,,,,,,,,,,,,,,,,,,,,,,,,,,,,,,,,,,,,,,,,,,,,,,,,,,,,,,,,,,,,,,,,https://cdn.shopify.com/s/files/1/0796/0703/8180/files/st-811.webp?v=1773678726,g,,,
mouse-gamer-noga-st-811-rgb,,,,,,,,,,,,,,,,,,,,,,,,,,,,,,,,https://cdn.shopify.com/s/files/1/0796/0703/8180/files/st-811-ng.webp?v=1773678726,4,"",,,,,,,,,,,,,,,,,,,,,,,,,,,,,,,,,,,,,,,,,,,,,,,,,,,,,,,,,,,,,,,,,,,,,,,,,,,,,,,,,,,,,,,,,,,,,,,,,,,,,,,,,,,,,,,,,,,,,,,,,,,,,,,,,,,,,,,,,,,,,,,,,,,,,,,,,,
mouse-gamer-noga-st-811-rgb,,,,,,,,,,,,,,,,,,,,,,,,,,,,,,,,https://cdn.shopify.com/s/files/1/0796/0703/8180/files/st-811.webp?v=1773678726,5,"",,,,,,,,,,,,,,,,,,,,,,,,,,,,,,,,,,,,,,,,,,,,,,,,,,,,,,,,,,,,,,,,,,,,,,,,,,,,,,,,,,,,,,,,,,,,,,,,,,,,,,,,,,,,,,,,,,,,,,,,,,,,,,,,,,,,,,,,,,,,,,,,,,,,,,,,,,
mouse-gamer-noga-st-811-rgb,,,,,,,,,,,,,,,,,,,,,,,,,,,,,,,,https://cdn.shopify.com/s/files/1/0796/0703/8180/files/st-811-b.webp?v=1773678726,6,"",,,,,,,,,,,,,,,,,,,,,,,,,,,,,,,,,,,,,,,,,,,,,,,,,,,,,,,,,,,,,,,,,,,,,,,,,,,,,,,,,,,,,,,,,,,,,,,,,,,,,,,,,,,,,,,,,,,,,,,,,,,,,,,,,,,,,,,,,,,,,,,,,,,,,,,,,,
microfono-streaming-redragon-adne-rgb,Micrófono Streaming Redragon Adne RGB GM212 - USB Profesional,"<h3>Micrófono Streaming Redragon Adne RGB GM212 - Calidad Profesional</h3>

<p>Llevá tu contenido al siguiente nivel con el micrófono Redragon Adne RGB GM212. Diseñado para streamers, gamers y creadores de contenido, este micrófono USB ofrece calidad de audio profesional con iluminación RGB espectacular. Perfecto para streaming, podcasts, gaming y grabaciones.</p>

<h4>Características principales:</h4>
<ul>
<li>
<strong>Calidad de audio profesional</strong> - Captura de voz clara y nítida</li>
<li>
<strong>Conexión USB plug and play</strong> - Sin drivers, listo para usar</li>
<li>
<strong>Iluminación RGB personalizable</strong> - Efectos de luz que dan vida a tu setup</li>
<li>
<strong>Patrón de captura cardioide</strong> - Enfoca tu voz y reduce ruido ambiental</li>
<li>
<strong>Control de ganancia integrado</strong> - Ajustá el volumen directamente en el micrófono</li>
<li>
<strong>Botón de mute táctil</strong> - Silenciá el audio al instante</li>
<li>
<strong>Soporte de escritorio incluido</strong> - Base estable y ajustable</li>
<li>
<strong>Compatible con PC, Mac y consolas</strong> - Versatilidad total</li>
</ul>

<h4>¿Por qué elegir el Redragon Adne RGB?</h4>
<p>Redragon es una marca líder en periféricos gaming y streaming. El Adne GM212 combina tecnología de captura de audio profesional con un diseño moderno y funcional. Su patrón cardioide captura tu voz con claridad mientras minimiza el ruido de fondo, ideal para streams en vivo, grabaciones de YouTube, podcasts o llamadas profesionales.</p>

<p><strong>Setup de streaming completo:</strong> La iluminación RGB no solo se ve increíble en cámara, sino que también te permite sincronizar el micrófono con el resto de tu setup gaming. Los controles integrados te dan acceso rápido a volumen y mute sin interrumpir tu flujo de trabajo. Ya sea que estés empezando en streaming o buscando mejorar tu calidad de audio, el Redragon Adne es la inversión perfecta para contenido profesional.</p>",REDRAGON,Electronics > Audio > Audio Components > Microphones,Audio - Micrófonos,"audio, mayorista, micrófono, redragon, rgb, streaming",true,Title,Default Title,,,,,,,,GM212,550.0,shopify,1,deny,manual,57200.00,,true,true,,,,,6950376722317,https://cdn.shopify.com/s/files/1/0796/0703/8180/files/redragon-gaming-microfono-redragon-adne-usb-streaming-gm212-1-1-1735646886_1.jpg?v=1773678865,1,"",false,Micrófono Streaming Redragon Adne RGB GM212 | USB Profesional,"Micrófono USB Redragon Adne RGB GM212 para streaming y gaming. Calidad profesional, RGB personalizable y patrón cardioide. Ideal para streamers.",,,,,,,,,,,,,,,,,,,,,,,,,,,,,,,,,,,,,,,,,,,negro,,,,,,,,usb,,,,,,usb,,,,,,,,,,,,,,,,,,,,,,,,,,,,,,,,,condensador,,,,,,,,,,,,,,,,cardioide,,usb,,,,,,,,,,,,,,,,,,,,,,,,,,,,,,,,,,,,,,,,g,,,active
microfono-streaming-redragon-adne-rgb,,,,,,,,,,,,,,,,,,,,,,,,,,,,,,,,https://cdn.shopify.com/s/files/1/0796/0703/8180/files/17.png-1762217762063-large.jpg?v=1773678865,2,"",,,,,,,,,,,,,,,,,,,,,,,,,,,,,,,,,,,,,,,,,,,,,,,,,,,,,,,,,,,,,,,,,,,,,,,,,,,,,,,,,,,,,,,,,,,,,,,,,,,,,,,,,,,,,,,,,,,,,,,,,,,,,,,,,,,,,,,,,,,,,,,,,,,,,,,,,,
microfono-noga-multimedia-con-tripode,Micrófono Noga NG-MI96 con Trípode - Multimedia USB,"<h3>Micrófono Noga NG-MI96 con Trípode - Solución Multimedia Completa</h3>

<p>Descubrí el micrófono Noga NG-MI96, la solución perfecta para tus necesidades de audio. Incluye trípode de escritorio y conexión USB, ideal para videollamadas, clases online, grabaciones, podcasts y streaming. Calidad Noga a precio accesible.</p>

<h4>Características principales:</h4>
<ul>
<li>
<strong>Trípode de escritorio incluido</strong> - Base estable y ajustable para posicionamiento perfecto</li>
<li>
<strong>Conexión USB plug and play</strong> - Sin drivers, listo para usar al instante</li>
<li>
<strong>Captura de audio clara</strong> - Calidad de sonido nítida para comunicación y grabaciones</li>
<li>
<strong>Diseño compacto</strong> - Ocupa poco espacio en tu escritorio</li>
<li>
<strong>Compatible universal</strong> - Funciona con PC, Mac y laptops</li>
<li>
<strong>Control de volumen integrado</strong> - Ajustá el nivel de audio fácilmente</li>
<li>
<strong>Construcción sólida</strong> - Durabilidad garantizada para uso diario</li>
</ul>

<h4>¿Por qué elegir el Noga NG-MI96?</h4>
<p>Este micrófono es la elección ideal para quienes necesitan mejorar su calidad de audio sin complicaciones. El trípode incluido te permite posicionar el micrófono a la altura perfecta, mientras que la conexión USB garantiza compatibilidad instantánea con cualquier computadora. Perfecto para videollamadas de trabajo, clases virtuales, grabaciones de YouTube, podcasts caseros o streaming ocasional.</p>

<p><strong>Versatilidad y practicidad:</strong> Ya sea que trabajes desde casa, estudies online o crees contenido, el NG-MI96 te brinda la calidad de audio que necesitás. Su diseño compacto no ocupa espacio innecesario, y el trípode ajustable te permite encontrar el ángulo perfecto. Noga ofrece confiabilidad probada a precio accesible, haciendo que la calidad de audio profesional esté al alcance de todos.</p>",NOGA,Electronics > Audio > Audio Components > Microphones,Audio - Micrófonos,"audio, mayorista, micrófono, noga, trípode, usb",true,Title,Default Title,,,,,,,,NG-MI96,350.0,shopify,0,deny,manual,10080.00,,true,true,,,,,7798137726155,https://cdn.shopify.com/s/files/1/0796/0703/8180/files/ng-mi96-pack-9a971b5f835b27b3d417526035924004-1024-1024.webp?v=1773689188,1,"",false,Micrófono Noga NG-MI96 con Trípode | Multimedia USB,"Micrófono USB Noga NG-MI96 con trípode incluido. Ideal para videollamadas, clases online, streaming y grabaciones. Plug and play. Calidad Noga.",,,,,,,,,,,,,,,,,,,,,,,,,,,,,,,,,,,,,,,,,,,negro; geometrico,,,,,,,,cableado; usb,,,,,,3-5-mm; usb,,,,,,,,,,,,,,,,,,,,,,,,,,,,,,,,,condensador,,,,,,,,,,,,,,,,cardioide,,usb,,,,,,,,,,,,,,,,,,,,,,,,,,,,,,,,,,,,,,,,g,,,active
microfono-noga-multimedia-con-tripode,,,,,,,,,,,,,,,,,,,,,,,,,,,,,,,,https://cdn.shopify.com/s/files/1/0796/0703/8180/files/ng-mi96-lateral-958b33dc299309ff6117514789801639-1024-1024.webp?v=1773689189,2,"",,,,,,,,,,,,,,,,,,,,,,,,,,,,,,,,,,,,,,,,,,,,,,,,,,,,,,,,,,,,,,,,,,,,,,,,,,,,,,,,,,,,,,,,,,,,,,,,,,,,,,,,,,,,,,,,,,,,,,,,,,,,,,,,,,,,,,,,,,,,,,,,,,,,,,,,,,
microfono-noga-karaoke-con-cable-3mt,Micrófono Noga NG-MI98 Karaoke - Cable 3 Metros,"<h3>Micrófono Noga NG-MI98 Karaoke - Divertite Cantando</h3>

<p>Descubrí el micrófono Noga NG-MI98, diseñado especialmente para karaoke y entretenimiento. Con cable de 3 metros de largo, este micrófono te brinda la libertad de movimiento que necesitás para disfrutar al máximo tus sesiones de canto. Perfecto para fiestas, reuniones familiares y diversión en casa.</p>

<h4>Características principales:</h4>
<ul>
<li>
<strong>Cable de 3 metros</strong> - Libertad de movimiento para cantar sin restricciones</li>
<li>
<strong>Diseñado para karaoke</strong> - Optimizado para canto y entretenimiento</li>
<li>
<strong>Captura de voz clara</strong> - Calidad de audio para que tu voz se escuche nítida</li>
<li>
<strong>Conexión universal</strong> - Compatible con equipos de karaoke, amplificadores y sistemas de audio</li>
<li>
<strong>Agarre ergonómico</strong> - Cómodo de sostener durante largas sesiones</li>
<li>
<strong>Construcción resistente</strong> - Diseñado para uso frecuente y fiestas</li>
<li>
<strong>Plug estándar</strong> - Fácil conexión a cualquier sistema de audio</li>
</ul>

<h4>¿Por qué elegir el Noga NG-MI98?</h4>
<p>Este micrófono es la elección perfecta para quienes aman el karaoke y el entretenimiento en casa. El cable de 3 metros te permite moverte libremente mientras cantás, sin estar atado al equipo. Su diseño robusto garantiza que resistirá fiestas, reuniones y uso frecuente, mientras que su calidad de audio asegura que tu voz se escuche clara y potente.</p>

<p><strong>Diversión garantizada:</strong> Ya sea que organices fiestas de karaoke, reuniones familiares o simplemente disfrutes cantar en casa, el NG-MI98 es tu compañero ideal. Compatible con la mayoría de equipos de karaoke y sistemas de audio, este micrófono Noga te ofrece confiabilidad y calidad a precio accesible. Conectá, cantá y disfrutá de momentos inolvidables con amigos y familia.</p>",NOGA,Electronics > Audio > Audio Components > Microphones,Audio - Micrófonos,"audio, entretenimiento, karaoke, mayorista, micrófono, noga",true,Title,Default Title,,,,,,,,NG-MI98,230.0,shopify,9,deny,manual,3500.00,,true,true,,,,,7798137726162,https://cdn.shopify.com/s/files/1/0796/0703/8180/files/ng-mi98-full-a10df84e82077b6cec17514816252294-1024-1024.webp?v=1773690339,1,"",false,Micrófono Noga NG-MI98 Karaoke | Cable 3 Metros,Micrófono Noga NG-MI98 para karaoke con cable de 3 metros. Ideal para fiestas y entretenimiento. Calidad de audio clara y construcción resistente.,,,,,,,,,,,,,,,,,,,,,,,,,,,,,,,,,,,,,,,,,,,negro,,,,,,,,cableado,,,,,,6-35-mm,,,,,,,,,,,,,,,,,,,,,,,,,,,,,,,,,dinamico,,,,,,,,,,,,,,,,,,manual,,,,,,,,,,,,,,,,,,,,,,,,,,,,,,,,,,,,,,,,g,,,active
microfono-noga-karaoke-con-cable-3mt,,,,,,,,,,,,,,,,,,,,,,,,,,,,,,,,https://cdn.shopify.com/s/files/1/0796/0703/8180/files/ng-mi98-pack-6e6ceaf2c2a96fcc5c17526050547100-1024-1024.webp?v=1773690339,2,"",,,,,,,,,,,,,,,,,,,,,,,,,,,,,,,,,,,,,,,,,,,,,,,,,,,,,,,,,,,,,,,,,,,,,,,,,,,,,,,,,,,,,,,,,,,,,,,,,,,,,,,,,,,,,,,,,,,,,,,,,,,,,,,,,,,,,,,,,,,,,,,,,,,,,,,,,,
microfono-corbatero-de-usb-para-pc-con-clip-de-cuello,Micrófono Corbatero USB GL-138 - Clip de Solapa para PC,"<h3>Micrófono Corbatero USB GL-138 - Discreto y Profesional</h3>

<p>Descubrí el micrófono corbatero USB GL-138, la solución perfecta para videollamadas, presentaciones, clases online y grabaciones. Con clip de solapa discreto y conexión USB plug and play, este micrófono te brinda calidad de audio profesional sin ocupar espacio en tu escritorio.</p>

<h4>Características principales:</h4>
<ul>
<li>
<strong>Diseño corbatero con clip</strong> - Se engancha discretamente en tu ropa</li>
<li>
<strong>Conexión USB plug and play</strong> - Sin drivers, listo para usar</li>
<li>
<strong>Captura de voz clara</strong> - Audio nítido para comunicación profesional</li>
<li>
<strong>Compacto y ligero</strong> - Apenas 30 gramos, no se siente al usarlo</li>
<li>
<strong>Manos libres</strong> - Libertad total para gesticular y trabajar</li>
<li>
<strong>Cable largo</strong> - Movilidad sin restricciones</li>
<li>
<strong>Compatible con PC y Laptop</strong> - Funciona con Windows, Mac y Linux</li>
</ul>

<h4>¿Por qué elegir el GL-138?</h4>
<p>Este micrófono corbatero es ideal para profesionales, docentes, presentadores y creadores de contenido que necesitan audio de calidad sin aparecer en cámara con un micrófono grande. Su diseño discreto se engancha en tu camisa, remera o solapa, capturando tu voz con claridad mientras mantenés las manos libres. Perfecto para videollamadas de trabajo, clases virtuales, webinars, presentaciones online o grabaciones de video.</p>

<p><strong>Profesionalismo sin complicaciones:</strong> La conexión USB garantiza compatibilidad instantánea con cualquier computadora, sin necesidad de instalaciones complicadas. Su peso ultraligero (solo 30 gramos) hace que te olvides que lo estás usando, mientras que su captura de audio clara asegura que tu mensaje llegue nítido a tu audiencia. Ideal para quienes trabajan o estudian desde casa y buscan mejorar su calidad de audio de manera simple y económica.</p>",SIN MARCA,Electronics > Audio > Audio Components > Microphones,Audio - Micrófonos,"audio, clip, mayorista, micrófono corbatero, solapa, usb",true,Title,Default Title,,,,,,,,GL-138,30.0,shopify,6,deny,manual,6293.00,,true,true,,,,,6971696236568,https://cdn.shopify.com/s/files/1/0796/0703/8180/files/1_2.jpg?v=1773690573,1,"",false,Micrófono Corbatero USB GL-138 | Clip de Solapa para PC,"Micrófono corbatero USB GL-138 con clip de solapa. Ideal para videollamadas, clases online y presentaciones. Plug and play, manos libres. Solo 30g.",,,,,,,,,,,,,,,,,,,,,,,,,,,,,,,,,,,,,,,,,,,negro,,,,,,,,usb; cableado,,,,,,usb,,,,,,,,,,,,,,,,,,,,,,,,,,,,,,,,,condensador,,,,,,,,,,,,,,,,,,usb,,,,,,,,,,,,,,,,,,,,,,,,,,,,,,,,,,,,,,,,g,,,active
microfono-corbatero-de-usb-para-pc-con-clip-de-cuello,,,,,,,,,,,,,,,,,,,,,,,,,,,,,,,,https://cdn.shopify.com/s/files/1/0796/0703/8180/files/2.jpg?v=1773690573,2,"",,,,,,,,,,,,,,,,,,,,,,,,,,,,,,,,,,,,,,,,,,,,,,,,,,,,,,,,,,,,,,,,,,,,,,,,,,,,,,,,,,,,,,,,,,,,,,,,,,,,,,,,,,,,,,,,,,,,,,,,,,,,,,,,,,,,,,,,,,,,,,,,,,,,,,,,,,
memoria-micro-sd-128gb-kingston-con-adaptador-sd-150mb-s,Memoria Micro SD Kingston 128GB DTX - 150MB/s con Adaptador SD,"<h3>Memoria Micro SD Kingston 128GB DTX - Velocidad y Confiabilidad</h3>

<p>Descubrí la memoria micro SD Kingston DTX de 128GB, la solución perfecta para expandir el almacenamiento de tus dispositivos. Con velocidades de hasta 150MB/s e incluye adaptador SD, esta memoria te brinda rendimiento profesional para fotos, videos, apps y más. Calidad Kingston garantizada.</p>

<h4>Características principales:</h4>
<ul>
<li>
<strong>Capacidad de 128GB</strong> - Espacio amplio para miles de fotos, videos y archivos</li>
<li>
<strong>Velocidad de hasta 150MB/s</strong> - Transferencias rápidas y rendimiento fluido</li>
<li>
<strong>Adaptador SD incluido</strong> - Compatible con cámaras, laptops y lectores SD</li>
<li>
<strong>Marca Kingston</strong> - Confiabilidad y calidad probada mundialmente</li>
<li>
<strong>Compatible universal</strong> - Smartphones, tablets, cámaras, drones, consolas</li>
<li>
<strong>Ideal para video Full HD y 4K</strong> - Rendimiento para grabaciones de alta calidad</li>
<li>
<strong>Resistente</strong> - Protección contra agua, temperatura, rayos X y golpes</li>
</ul>

<h4>¿Por qué elegir la Kingston DTX 128GB?</h4>
<p>Kingston es líder mundial en soluciones de memoria, reconocida por su confiabilidad y rendimiento. Esta micro SD de 128GB te ofrece espacio suficiente para almacenar aproximadamente 20,000 fotos, 10 horas de video 4K o cientos de aplicaciones. Su velocidad de 150MB/s garantiza transferencias rápidas y rendimiento fluido al grabar video o usar apps exigentes.</p>

<p><strong>Versatilidad total:</strong> El adaptador SD incluido te permite usar la memoria en cámaras fotográficas, laptops, computadoras de escritorio y cualquier dispositivo con ranura SD. Perfecta para fotógrafos, creadores de contenido, gamers móviles o cualquiera que necesite expandir el almacenamiento de sus dispositivos. La construcción resistente de Kingston protege tus datos valiosos contra condiciones adversas, dándote tranquilidad donde sea que la uses.</p>",KINGSTON,Electronics > Electronics Accessories > Memory > Flash Memory > Flash Memory Cards,Almacenamiento - Memorias,"128gb, almacenamiento, kingston, mayorista, memoria, memoria micro sd",true,Title,Default Title,,,,,,,,SDCS3/128GB,10.0,shopify,4,deny,manual,50900.00,,true,true,,,,,740617348453,https://cdn.shopify.com/s/files/1/0796/0703/8180/files/WhatsAppImage2026-01-23at12.26.26.jpg?v=1773690835,1,"",false,Memoria Micro SD Kingston 128GB DTX | 150MB/s con Adaptador,"Memoria micro SD Kingston 128GB DTX con velocidad 150MB/s y adaptador SD incluido. Ideal para fotos, videos 4K y apps. Calidad Kingston garantizada.",,,,,,,,,,,,,,,,,,,,,,,,,,,,,,,,,,,,,,,,,,,negro,,,,,,,,,,,,,,tarjeta-micro-sd; tarjeta-sd,,,,,,,,,,,,,,,,,,,,,,,,,,,,,,,,flash-nand,,,,,,,,,,,,,,,,,,,,,,,,,,,,,,,,,,,,,,,,,,,,,,,,,,,,,,,,,,,g,,,active
memory-card-ps2-8mb,Memory Card para PS2 8MB - Tarjeta de Memoria PlayStation 2,"<h3>Memory Card para PS2 8MB - Guardá tus Partidas</h3>

<p>Descubrí la Memory Card de 8MB para PlayStation 2, esencial para guardar tus progresos y partidas. Con capacidad para almacenar múltiples juegos, esta tarjeta de memoria te permite continuar tus aventuras desde donde las dejaste. Compatible con todas las consolas PS2.</p>

<h4>Características principales:</h4>
<ul>
<li>
<strong>Capacidad de 8MB</strong> - Espacio para guardar múltiples partidas de juegos</li>
<li>
<strong>Compatible con PS2</strong> - Funciona con todas las versiones de PlayStation 2</li>
<li>
<strong>Fácil de usar</strong> - Simplemente insertá en la ranura de memoria</li>
<li>
<strong>Diseño compacto</strong> - Tamaño estándar para PS2</li>
<li>
<strong>Almacenamiento confiable</strong> - Guardá tus progresos de forma segura</li>
<li>
<strong>Plug and play</strong> - Sin configuración necesaria</li>
<li>
<strong>Esencial para gaming</strong> - Indispensable para cualquier jugador de PS2</li>
</ul>

<h4>¿Por qué necesitás una Memory Card para PS2?</h4>
<p>La Memory Card es un accesorio esencial para tu PlayStation 2. Sin ella, no podés guardar tu progreso en los juegos, lo que significa que tendrías que empezar desde cero cada vez que juegas. Con 8MB de capacidad, podés almacenar partidas guardadas de docenas de juegos diferentes, desde RPGs con múltiples saves hasta juegos de deportes con temporadas completas.</p>

<p><strong>Preservá tus logros:</strong> Ya sea que estés jugando clásicos de PS2 o redescubriendo viejos favoritos, esta Memory Card te permite guardar tu progreso, desbloqueos, records y configuraciones personalizadas. Perfecta para coleccionistas retro, jugadores nostalgicos o cualquiera que quiera disfrutar de la biblioteca legendaria de PlayStation 2. No pierdas más horas de juego, asegurá tus partidas con esta Memory Card esencial.</p>",SIN MARCA,Electronics > Video Game Console Accessories > Home Game Console Accessories,Gaming - Accesorios Consolas,"gaming, mayorista, memory card, playstation 2, ps2, retro",true,Title,Default Title,,,,,,,,HC2-10020,20.0,shopify,4,deny,manual,7509.55,,true,true,,,,,4911546782328,https://cdn.shopify.com/s/files/1/0796/0703/8180/files/memory-card-tarjeta-de-memoria-8mb-ps2-playstation-2.jpg?v=1773691295,1,"",false,Memory Card PS2 8MB | Tarjeta de Memoria PlayStation 2,Memory Card de 8MB para PlayStation 2. Guardá múltiples partidas de juegos. Compatible con todas las consolas PS2. Accesorio esencial para gaming retro.,,,,,,,,,,,,,,,,,,,,,,,,,,,,,,,,,,,,,,,,,,,negro,,,,,,,,,,,,,,,,,,,,,,,,,,,,,,,,,,,,,,,,,,,,,,,,,,,,,,,,,,,,,,,,,,,,,,,,,,,,,,,,,,,,,,,,,,,,,,,,,,,,,,,,,g,,,active
memory-card-ps2-8mb,,,,,,,,,,,,,,,,,,,,,,,,,,,,,,,,https://cdn.shopify.com/s/files/1/0796/0703/8180/files/producto-138540-0.jpg?v=1773691295,2,"",,,,,,,,,,,,,,,,,,,,,,,,,,,,,,,,,,,,,,,,,,,,,,,,,,,,,,,,,,,,,,,,,,,,,,,,,,,,,,,,,,,,,,,,,,,,,,,,,,,,,,,,,,,,,,,,,,,,,,,,,,,,,,,,,,,,,,,,,,,,,,,,,,,,,,,,,,
mascara-led-colores,Máscara LED de Colores - Iluminación RGB para Fiestas,"<h3>Máscara LED de Colores - Brillante y Espectacular</h3>

<p>Descubrí la máscara LED de colores, el accesorio perfecto para fiestas, eventos, festivales y diversión nocturna. Con iluminación LED RGB vibrante, esta máscara te hace destacar en cualquier ocasión. Ideal para fiestas temáticas, Halloween, carnavales, raves y eventos especiales.</p>

<h4>Características principales:</h4>
<ul>
<li>
<strong>Iluminación LED RGB</strong> - Múltiples colores brillantes y llamativos</li>
<li>
<strong>Modos de iluminación</strong> - Diferentes efectos de luz para personalizar tu look</li>
<li>
<strong>Alimentación por batería</strong> - Portátil y sin cables que estorben</li>
<li>
<strong>Diseño cómodo</strong> - Ajustable para diferentes tamaños de rostro</li>
<li>
<strong>Liviana</strong> - No molesta durante uso prolongado</li>
<li>
<strong>Llamativa y única</strong> - Destacá en cualquier evento</li>
<li>
<strong>Perfecta para fotos y videos</strong> - Crea contenido espectacular</li>
</ul>

<h4>¿Por qué elegir esta Máscara LED?</h4>
<p>Esta máscara LED es el accesorio definitivo para quienes quieren destacar en fiestas y eventos. Sus luces LED de colores crean un efecto visual impactante que te hace el centro de atención. Perfecta para fiestas electrónicas, raves, festivales de música, Halloween, carnavales, fiestas temáticas o cualquier evento donde quieras brillar literalmente.</p>

<p><strong>Diversión y estilo garantizados:</strong> Ya sea que estés bailando en un festival, celebrando en una fiesta o creando contenido para redes sociales, esta máscara LED te asegura un look único e inolvidable. Los diferentes modos de iluminación te permiten cambiar el ambiente según la ocasión, mientras que su diseño cómodo garantiza que podás usarla durante horas sin molestias. Ideal para jóvenes, influencers, DJs, performers y cualquiera que ame la vida nocturna y los eventos especiales.</p>",SIN MARCA,Uncategorized,Accesorios - Entretenimiento,"entretenimiento, fiesta, led, mayorista, máscara led, rgb",true,COLOR,Amarillo,,,,,,,,SY-MJ03,85.0,shopify,1,deny,manual,8482.50,,true,true,,,,,6290132574300,https://cdn.shopify.com/s/files/1/0796/0703/8180/files/11039979a6b42c4ae6160a371bcdbcd4.webp?v=1773691646,1,"",false,Máscara LED de Colores | Iluminación RGB para Fiestas,"Máscara LED de colores con iluminación RGB. Perfecta para fiestas, festivales, Halloween y eventos. Múltiples modos de luz. Destacá en cualquier ocasión.",,,,,,,,,,,,,,,,,,,,,,,,,,,,,,,,,,,,,,,,,,,,,,,,,,,,,,,,,,,,,,,,,,,,,,,,,,,,,,,,,,,,,,,,,,,,,,,,,,,,,,,,,,,,,,,,,,,,,,,,,,,,,,,,,,,,,,,,,,,,,,,,,,,https://cdn.shopify.com/s/files/1/0796/0703/8180/files/11039979a6b42c4ae6160a371bcdbcd4.webp?v=1773691646,g,,,active
mascara-led-colores,,,,,,,,,Fucsia,,,,,,,,SY-MJ04,85.0,shopify,1,deny,manual,8482.50,,true,true,,,,,"",,,,,,,,,,,,,,,,,,,,,,,,,,,,,,,,,,,,,,,,,,,,,,,,,,,,,,,,,,,,,,,,,,,,,,,,,,,,,,,,,,,,,,,,,,,,,,,,,,,,,,,,,,,,,,,,,,,,,,,,,,,,,,,,,,,,,,,,,,,,,,,,,,,,,,,,,https://cdn.shopify.com/s/files/1/0796/0703/8180/files/11039979a6b42c4ae6160a371bcdbcd4.webp?v=1773691646,g,,,
mascara-led-colores,,,,,,,,,Roja,,,,,,,,SY-MJ05,85.0,shopify,1,deny,manual,8482.50,,true,true,,,,,"",,,,,,,,,,,,,,,,,,,,,,,,,,,,,,,,,,,,,,,,,,,,,,,,,,,,,,,,,,,,,,,,,,,,,,,,,,,,,,,,,,,,,,,,,,,,,,,,,,,,,,,,,,,,,,,,,,,,,,,,,,,,,,,,,,,,,,,,,,,,,,,,,,,,,,,,,https://cdn.shopify.com/s/files/1/0796/0703/8180/files/11039979a6b42c4ae6160a371bcdbcd4.webp?v=1773691646,g,,,
mascara-led-colores,,,,,,,,,Blanca,,,,,,,,SY-MJ06,85.0,shopify,1,deny,manual,8482.50,,true,true,,,,,"",,,,,,,,,,,,,,,,,,,,,,,,,,,,,,,,,,,,,,,,,,,,,,,,,,,,,,,,,,,,,,,,,,,,,,,,,,,,,,,,,,,,,,,,,,,,,,,,,,,,,,,,,,,,,,,,,,,,,,,,,,,,,,,,,,,,,,,,,,,,,,,,,,,,,,,,,https://cdn.shopify.com/s/files/1/0796/0703/8180/files/11039979a6b42c4ae6160a371bcdbcd4.webp?v=1773691646,g,,,
manito-soporte-para-celular,Soporte para Celular Manitos - Apoya Celular de Escritorio,"<h3>Soporte para Celular Manitos - Original y Funcional</h3>

<p>Descubrí el soporte para celular con forma de manitos, un accesorio divertido y práctico para tu escritorio. Con su diseño único en forma de manos, este soporte sostiene tu smartphone de manera segura mientras le da un toque de personalidad a tu espacio. Perfecto para escritorio, mesa de luz o cualquier superficie plana.</p>

<h4>Características principales:</h4>
<ul>
<li>
<strong>Diseño original con forma de manitos</strong> - Divertido y decorativo</li>
<li>
<strong>Soporte estable</strong> - Sostiene tu celular de forma segura</li>
<li>
<strong>Ángulo de visión perfecto</strong> - Ideal para ver videos, videollamadas y notificaciones</li>
<li>
<strong>Base antideslizante</strong> - No se mueve ni raya superficies</li>
<li>
<strong>Compatible universal</strong> - Funciona con cualquier smartphone</li>
<li>
<strong>Compacto y decorativo</strong> - Ocupa poco espacio y se ve genial</li>
<li>
<strong>Perfecto para escritorio</strong> - Oficina, estudio, dormitorio o cocina</li>
</ul>

<h4>¿Por qué elegir este Soporte Manitos?</h4>
<p>Este soporte combina funcionalidad con un toque de diversión. Las manitos sostienen tu celular en el ángulo perfecto para ver contenido, hacer videollamadas o simplemente tener tu teléfono a la vista mientras trabajás o estudiás. Su diseño único lo convierte en un elemento decorativo que genera conversación, mientras que su funcionalidad práctica lo hace indispensable en tu día a día.</p>

<p><strong>Funcionalidad con estilo:</strong> Ya sea que estés trabajando desde casa, estudiando, viendo series o siguiendo recetas en la cocina, este soporte manitos mantiene tu celular en la posición perfecta. Ideal para escritorios de oficina, mesas de estudio, mesas de luz o mesadas de cocina. También es un regalo original y divertido para amigos, familiares o compañeros de trabajo. Dale personalidad a tu espacio mientras mantenés tu smartphone siempre a mano y visible.</p>",SIN MARCA,Electronics > Communications > Telephony > Mobile & Smart Phone Accessories > Mobile Phone Stands,Accesorios - Celulares,"accesorios, accesorios celular, apoya celular, escritorio, grip, manitos, mayorista, popsocket, smartphone, soporte celular",true,Title,Default Title,,,,,,,,,55.0,shopify,484,deny,manual,812.00,,true,true,,,,,,https://cdn.shopify.com/s/files/1/0796/0703/8180/files/1623069971799bad5a3b514f096e69bbc4a7896cd9.jpg?v=1773693254,1,"",false,Soporte para Celular Manitos | Apoya Celular de Escritorio,Soporte para celular con forma de manitos. Diseño original y funcional para escritorio. Ángulo perfecto para videos y videollamadas. Decorativo y práctico.,,,,,,,,,,,,,,,,,,,,,,,,,,,,,,,,,,,,,,,,,,,celeste; verde; geometrico,,,,,,,,,,,,,,,,,,,,,,,,,,,,,,,,,,,,,,,,,,,,,,,,,,plegable-1; facil-de-instalar; portatil; giratorio; base-antideslizante,,,,,,,,,,,,,,,,,,,,,,,,,,,,,,,,,,,,,,,,,,,,,,,,,,,,,,,g,,,active
manito-soporte-para-celular,,,,,,,,,,,,,,,,,,,,,,,,,,,,,,,,https://cdn.shopify.com/s/files/1/0796/0703/8180/files/1623428493a163f11d5a68f226597e3be25c435509.jpg?v=1773693254,2,"",,,,,,,,,,,,,,,,,,,,,,,,,,,,,,,,,,,,,,,,,,,,,,,,,,,,,,,,,,,,,,,,,,,,,,,,,,,,,,,,,,,,,,,,,,,,,,,,,,,,,,,,,,,,,,,,,,,,,,,,,,,,,,,,,,,,,,,,,,,,,,,,,,,,,,,,,,
manito-soporte-para-celular,,,,,,,,,,,,,,,,,,,,,,,,,,,,,,,,https://cdn.shopify.com/s/files/1/0796/0703/8180/files/1623428502d0096ec6c83575373e3a21d129ff8fef.jpg?v=1773693254,3,"",,,,,,,,,,,,,,,,,,,,,,,,,,,,,,,,,,,,,,,,,,,,,,,,,,,,,,,,,,,,,,,,,,,,,,,,,,,,,,,,,,,,,,,,,,,,,,,,,,,,,,,,,,,,,,,,,,,,,,,,,,,,,,,,,,,,,,,,,,,,,,,,,,,,,,,,,,
malla-reloj-smart-band-4-5-y-6-xiaomi,Malla de Repuesto para Xiaomi Mi Band 4/5/6 - Correa de Silicona,"<p><strong>Renueva tu Xiaomi Mi Band con estilo y comodidad</strong></p>

<p>Dale un nuevo look a tu smartwatch con esta malla de repuesto de alta calidad, compatible con Xiaomi Mi Band 4, 5 y 6. Fabricada en silicona suave y resistente, ofrece máxima comodidad durante todo el día.</p>

<p><strong>Características destacadas:</strong></p>
<ul>
<li>✓ Compatible con Xiaomi Mi Band 4, 5 y 6</li>
<li>✓ Material de silicona flexible y duradera</li>
<li>✓ Ajuste seguro y cómodo para uso diario</li>
<li>✓ Fácil instalación sin herramientas</li>
<li>✓ Resistente al sudor y salpicaduras</li>
<li>✓ Ideal para deporte, trabajo o uso casual</li>
</ul>

<p><strong>¿Por qué elegir esta malla?</strong></p>
<p>Imagina poder cambiar el estilo de tu smartwatch según tu outfit o actividad del día. Con esta malla de repuesto, tu Mi Band siempre lucirá como nueva, sin importar cuánto la uses en el gimnasio, la oficina o tus aventuras diarias.</p>

<p>Perfecta para quienes buscan personalizar su dispositivo o necesitan reemplazar una correa desgastada. La instalación es instantánea y el ajuste es perfecto.</p>",SIN MARCA,Apparel & Accessories > Jewelry > Watch Accessories > Watch Bands,Accesorios para Wearables,"accesorios-smartwatch, correa-silicona, mayorista, mi-band, wearables, xiaomi",true,Color,purpura,product.metafields.shopify.color-pattern,,,,,,,,15.0,shopify,2,deny,manual,2891.00,,true,true,,,,,"",https://cdn.shopify.com/s/files/1/0796/0703/8180/files/MALLA-MI-BAND-5-6-7-RELOJ_0457819a-6178-48e7-ae55-8819a60ddf0b.jpg?v=1773774368,1,"",false,Malla Repuesto Xiaomi Mi Band 4 5 6 - Correa Silicona,"Malla de repuesto para Xiaomi Mi Band 4, 5 y 6. Correa de silicona resistente y cómoda. Fácil instalación. Ideal para deporte y uso diario. Envío rápido.",,,,,,,,,,,,,,,adultos; adolescentes,,,,,,,,,,,,,,,,,,,,,,,,,,,,purpura; marron,,,,,,,,,,,,,,,,,,,,,,,,,,,,,,,,,,,,,,,,,,,,,,,,,,,,,,,,,,,,,,,,,,,,,,,,,,,,,,,,,,,,,,,unisex,,,,,,,,,,,,deportivo,,,,,https://cdn.shopify.com/s/files/1/0796/0703/8180/files/mi-band-7-siliconen-bandje-paars_64373fbe-0e4c-4953-9d2c-5a573505d502.webp?v=1773774343,g,,,active
malla-reloj-smart-band-4-5-y-6-xiaomi,,,,,,,,,marron,,,,,,,,,15.0,shopify,0,deny,manual,2891.00,,true,true,,,,,"",https://cdn.shopify.com/s/files/1/0796/0703/8180/files/mi-band-7-siliconen-bandje-paars_69819e25-2748-4280-9b99-eaf74283dfab.webp?v=1773774368,2,"",,,,,,,,,,,,,,,,,,,,,,,,,,,,,,,,,,,,,,,,,,,,,,,,,,,,,,,,,,,,,,,,,,,,,,,,,,,,,,,,,,,,,,,,,,,,,,,,,,,,,,,,,,,,,,,,,,,,,,,,,,,,,,,,,,,,,,,,,,,,,,,,,,,,,,https://cdn.shopify.com/s/files/1/0796/0703/8180/files/correas-de-colores-para-xiaomi-mi-band-5-y-6-marron_4291ad6c-f8fd-4aa6-8fdb-912dadb56798.jpg?v=1773774325,g,,,
malla-reloj-smart-band-4-5-y-6-xiaomi,,,,,,,,,,,,,,,,,,,,,,,,,,,,,,,,https://cdn.shopify.com/s/files/1/0796/0703/8180/files/correas-de-colores-para-xiaomi-mi-band-5-y-6-marron_b8f3d1c6-738c-4fc8-a50b-26be00cbe63a.jpg?v=1773774368,3,"",,,,,,,,,,,,,,,,,,,,,,,,,,,,,,,,,,,,,,,,,,,,,,,,,,,,,,,,,,,,,,,,,,,,,,,,,,,,,,,,,,,,,,,,,,,,,,,,,,,,,,,,,,,,,,,,,,,,,,,,,,,,,,,,,,,,,,,,,,,,,,,,,,,,,,,,,,
malla-reloj-smart-band-4-5-y-6-xiaomi,,,,,,,,,,,,,,,,,,,,,,,,,,,,,,,,https://cdn.shopify.com/s/files/1/0796/0703/8180/files/mi-band-7-siliconen-bandje-paars_64373fbe-0e4c-4953-9d2c-5a573505d502.webp?v=1773774343,4,"",,,,,,,,,,,,,,,,,,,,,,,,,,,,,,,,,,,,,,,,,,,,,,,,,,,,,,,,,,,,,,,,,,,,,,,,,,,,,,,,,,,,,,,,,,,,,,,,,,,,,,,,,,,,,,,,,,,,,,,,,,,,,,,,,,,,,,,,,,,,,,,,,,,,,,,,,,
malla-reloj-smart-band-4-5-y-6-xiaomi,,,,,,,,,,,,,,,,,,,,,,,,,,,,,,,,https://cdn.shopify.com/s/files/1/0796/0703/8180/files/correas-de-colores-para-xiaomi-mi-band-5-y-6-marron_4291ad6c-f8fd-4aa6-8fdb-912dadb56798.jpg?v=1773774325,5,"",,,,,,,,,,,,,,,,,,,,,,,,,,,,,,,,,,,,,,,,,,,,,,,,,,,,,,,,,,,,,,,,,,,,,,,,,,,,,,,,,,,,,,,,,,,,,,,,,,,,,,,,,,,,,,,,,,,,,,,,,,,,,,,,,,,,,,,,,,,,,,,,,,,,,,,,,,
luz-led-usb-con-adaptador-a-micro-usb,Luz LED USB Flexible con Adaptador Micro USB - Lámpara Portátil,"<p><strong>Ilumina tu espacio en cualquier momento y lugar</strong></p>

<p>Esta luz LED USB flexible es la solución perfecta para iluminar tu teclado, notebook, power bank o cualquier dispositivo con puerto USB. Incluye adaptador a Micro USB para máxima versatilidad.</p>

<p><strong>Características destacadas:</strong></p>
<ul>
<li>✓ Doble conexión: USB estándar + adaptador Micro USB incluido</li>
<li>✓ Cuello flexible de 360° para dirigir la luz donde la necesites</li>
<li>✓ LED de bajo consumo y larga duración</li>
<li>✓ Luz blanca brillante ideal para lectura o trabajo nocturno</li>
<li>✓ Ultra portátil y liviana</li>
<li>✓ Plug &amp; play: sin instalación ni baterías</li>
<li>✓ Compatible con notebooks, PC, power banks, cargadores USB</li>
</ul>

<p><strong>¿Por qué necesitas esta luz LED?</strong></p>
<p>Imagina trabajar de noche sin molestar a nadie, leer en la cama sin encender la luz principal, o tener iluminación de emergencia en tu power bank. Esta pequeña lámpara LED se adapta a cualquier situación: viajes, camping, escritorio, o simplemente como luz auxiliar en tu espacio de trabajo.</p>

<p>Su diseño flexible te permite ajustar el ángulo perfecto, y al ser alimentada por USB, nunca te quedarás sin batería. Perfecta para estudiantes, gamers, viajeros y profesionales que trabajan hasta tarde.</p>",DINAX,Home & Garden > Lighting > Lamps > Desk Lamps,Iluminación y Accesorios,"accesorios-pc, dinax, iluminacion, led-usb, luz-portatil",true,Title,Default Title,,,,,,,,DX-MINILUSB,10.0,shopify,4,deny,manual,2450.00,,true,true,,,,,7798145006157,https://cdn.shopify.com/s/files/1/0796/0703/8180/files/WhatsAppImage2026-03-17at17.11.18_1.jpg?v=1773779413,1,"",false,Luz LED USB Flexible con Adaptador Micro USB - Dinax,"Luz LED USB flexible con adaptador Micro USB. Cuello ajustable 360°. Ideal para notebook, PC, power bank. Portátil y bajo consumo. Marca Dinax.",,,,,,,,,,,,,,,,,,,,,,,,,,,,,,,,,,,,,,,,,,,negro; geometrico; blanco,,,,,,,usb; micro-usb,,,,,,,,,,,,,,,,,,,,,,,,,,,,,,,,,,,,,,,,,,,,,,,,,,,,,,,,,,usb,,,,,,,,,,,,,,,,,,,,,,,,,,,,,,,,,,,,,,,,g,,,active
luz-led-usb-con-adaptador-a-micro-usb,,,,,,,,,,,,,,,,,,,,,,,,,,,,,,,,https://cdn.shopify.com/s/files/1/0796/0703/8180/files/WhatsAppImage2026-03-17at17.11.18.jpg?v=1773779413,2,"",,,,,,,,,,,,,,,,,,,,,,,,,,,,,,,,,,,,,,,,,,,,,,,,,,,,,,,,,,,,,,,,,,,,,,,,,,,,,,,,,,,,,,,,,,,,,,,,,,,,,,,,,,,,,,,,,,,,,,,,,,,,,,,,,,,,,,,,,,,,,,,,,,,,,,,,,,
luz-led-usb-con-adaptador-a-micro-usb,,,,,,,,,,,,,,,,,,,,,,,,,,,,,,,,https://cdn.shopify.com/s/files/1/0796/0703/8180/files/WhatsAppImage2026-03-17at17.11.18_2.jpg?v=1773778506,3,"",,,,,,,,,,,,,,,,,,,,,,,,,,,,,,,,,,,,,,,,,,,,,,,,,,,,,,,,,,,,,,,,,,,,,,,,,,,,,,,,,,,,,,,,,,,,,,,,,,,,,,,,,,,,,,,,,,,,,,,,,,,,,,,,,,,,,,,,,,,,,,,,,,,,,,,,,,
luz-de-emergencia-orix-60-leds-40cm,Luz de Emergencia Recargable Orix 60 LEDs 40cm - Iluminación Portátil,"<p><strong>Iluminación de emergencia potente y confiable</strong></p>

<p>Esta luz de emergencia Orix con 60 LEDs de alta luminosidad te brinda la tranquilidad de tener iluminación cuando más la necesitas. Con 40cm de longitud, ofrece una cobertura amplia y uniforme ideal para cortes de luz, camping o trabajos nocturnos.</p>

<p><strong>Características destacadas:</strong></p>
<ul>
<li>✓ 60 LEDs de alta eficiencia y larga vida útil</li>
<li>✓ 40cm de longitud para máxima cobertura lumínica</li>
<li>✓ Batería recargable integrada</li>
<li>✓ Autonomía extendida para emergencias prolongadas</li>
<li>✓ Diseño portátil con asa de transporte</li>
<li>✓ Ideal para cortes de luz, camping, talleres y exteriores</li>
<li>✓ Encendido instantáneo</li>
</ul>

<p><strong>¿Por qué elegir esta luz de emergencia?</strong></p>
<p>Imagina un corte de luz inesperado: con esta luz de emergencia Orix, tu hogar, negocio o taller seguirá iluminado sin interrupciones. Sus 60 LEDs distribuidos en 40cm proporcionan una luz brillante y uniforme que cubre espacios amplios, perfecta para seguir trabajando, cocinar o simplemente moverte con seguridad.</p>

<p>Su batería recargable te garantiza estar siempre preparado, y su diseño robusto la hace ideal tanto para uso doméstico como profesional. Perfecta para tener en casa, el auto, el taller o llevar de camping.</p>",ORIX,Home & Garden > Lighting > Emergency Lighting,Iluminación de Emergencia,"60-leds, camping, iluminacion-emergencia, luz-recargable, orix",true,Title,Default Title,,,,,,,,OR-60L,350.0,shopify,4,deny,manual,13799.00,,true,true,,,,,7769528974233,https://cdn.shopify.com/s/files/1/0796/0703/8180/files/foto1_jpg.webp?v=1773778945,1,"",false,Luz Emergencia Recargable Orix 60 LEDs 40cm - Portátil,"Luz de emergencia Orix 60 LEDs, 40cm. Batería recargable, alta luminosidad. Ideal para cortes de luz, camping, talleres. Portátil y confiable.",,,,,,,,,,,,,,,,,,,,,,,,,,,,,,,,,,,,,,,,,,,blanco,,,,,,,,,,,,,,,,,,,,,,,,,,,,,,,,,,,,,,,blanco-frio,,,,,,,,,,,,,,,,,,,,,,,,,,,,,,,,,,,,,,,,,,,,,,,,,,,,,,,,,,,,,,,,,,g,,,active
lector-de-memoria-micro-sd-micro-m2,Lector de Tarjetas Micro SD y Micro M2 USB - Adaptador Universal,"<p><strong>Accede a tus archivos de forma rápida y sencilla</strong></p>

<p>Este lector de tarjetas universal te permite transferir fotos, videos, música y documentos desde tus tarjetas Micro SD y Micro M2 directamente a tu computadora. Compacto, portátil y plug &amp; play, es el accesorio perfecto para fotografía, smartphones y cámaras.</p>

<p><strong>Características destacadas:</strong></p>
<ul>
<li>✓ Compatible con tarjetas Micro SD y Micro M2</li>
<li>✓ Conexión USB 2.0 de alta velocidad</li>
<li>✓ Plug &amp; Play: sin drivers ni instalación</li>
<li>✓ Ultra compacto y portátil</li>
<li>✓ Compatible con Windows, Mac y Linux</li>
<li>✓ Transferencia rápida de archivos</li>
<li>✓ LED indicador de actividad</li>
</ul>

<p><strong>¿Por qué necesitas este lector?</strong></p>
<p>Imagina volver de un viaje con cientos de fotos en tu cámara o smartphone. Con este lector de tarjetas, en segundos puedes conectar tu Micro SD a la computadora y respaldar todos tus recuerdos. Ideal para fotógrafos, creadores de contenido, o simplemente para liberar espacio en tu teléfono.</p>

<p>Su tamaño compacto te permite llevarlo en el bolsillo o mochila, siempre listo cuando lo necesites. Perfecto para estudiantes, profesionales y viajeros que trabajan con múltiples dispositivos.</p>",SIN MARCA,Electronics > Electronics Accessories > Computer Components > Input Devices > Memory Card Readers,Accesorios de Almacenamiento,"accesorios-pc, almacenamiento, lector-tarjetas, micro-sd, usb",true,Title,Default Title,,,,,,,,TMADP6718,8.0,shopify,0,deny,manual,1176.00,,true,true,,,,,,https://cdn.shopify.com/s/files/1/0796/0703/8180/files/230_22-12-2022-05-12-35-adap-tmadp6718-3.jpg?v=1773779620,1,"",false,Lector Tarjetas Micro SD y Micro M2 USB - Universal,"Lector de tarjetas Micro SD y Micro M2 USB. Plug & Play, alta velocidad. Compatible con Windows, Mac, Linux. Compacto y portátil. Envío rápido.",,,,,,,,,,,,,,,,,,,,,,,,,,,,,,,,,,,,,,,,,,,celeste; geometrico,,,,,,,,usb; cableado,,,,,,usb,,,,,,,,,,,,,,,,,,,,,,,,,,,,,,,,,,,,,,,,,,,,,,,,,,,usb,,,,,sd; microsd,,,,,,,,,,,,,,,,,,,,,,,,,,,,,,,,,,,g,,,active
lector-de-memoria-micro-sd-micro-m2,,,,,,,,,,,,,,,,,,,,,,,,,,,,,,,,https://cdn.shopify.com/s/files/1/0796/0703/8180/files/TMADP6718.jpg?v=1773779620,2,"",,,,,,,,,,,,,,,,,,,,,,,,,,,,,,,,,,,,,,,,,,,,,,,,,,,,,,,,,,,,,,,,,,,,,,,,,,,,,,,,,,,,,,,,,,,,,,,,,,,,,,,,,,,,,,,,,,,,,,,,,,,,,,,,,,,,,,,,,,,,,,,,,,,,,,,,,,
lector-de-memoria-micro-sd-micro-m2,,,,,,,,,,,,,,,,,,,,,,,,,,,,,,,,https://cdn.shopify.com/s/files/1/0796/0703/8180/files/230_22-12-2022-05-12-29-adap-tmadp6718-1.jpg?v=1773779620,3,"",,,,,,,,,,,,,,,,,,,,,,,,,,,,,,,,,,,,,,,,,,,,,,,,,,,,,,,,,,,,,,,,,,,,,,,,,,,,,,,,,,,,,,,,,,,,,,,,,,,,,,,,,,,,,,,,,,,,,,,,,,,,,,,,,,,,,,,,,,,,,,,,,,,,,,,,,,
lector-de-memoria-micro-sd-y-otg,Lector de Tarjetas Micro SD con OTG USB - Adaptador 2 en 1,"<p><strong>Máxima versatilidad para tus dispositivos móviles y PC</strong></p>

<p>Este lector de tarjetas 2 en 1 combina conexión USB estándar y OTG (On-The-Go), permitiéndote transferir archivos desde tu tarjeta Micro SD tanto a tu computadora como directamente a tu smartphone o tablet compatible.</p>

<p><strong>Características destacadas:</strong></p>
<ul>
<li>✓ Doble funcionalidad: USB + OTG en un solo dispositivo</li>
<li>✓ Compatible con tarjetas Micro SD y Micro SDHC</li>
<li>✓ Conexión OTG para smartphones y tablets Android</li>
<li>✓ USB 2.0 para PC, notebooks y Mac</li>
<li>✓ Plug &amp; Play: sin instalación ni drivers</li>
<li>✓ Transferencia rápida de fotos, videos y archivos</li>
<li>✓ Ultra compacto y portátil</li>
</ul>

<p><strong>¿Por qué elegir este lector 2 en 1?</strong></p>
<p>Imagina poder acceder a tus archivos desde cualquier dispositivo sin complicaciones. Con este lector OTG, puedes ver fotos y videos de tu cámara directamente en tu celular, o transferir documentos desde tu teléfono a la PC sin cables ni aplicaciones.</p>

<p>Perfecto para fotógrafos móviles, creadores de contenido y profesionales que trabajan con múltiples dispositivos. Lleva tus archivos contigo y accédelos desde donde estés, con la comodidad de un solo accesorio que funciona en todos tus equipos.</p>",SIN MARCA,Electronics > Electronics Accessories > Computer Components > Input Devices > Memory Card Readers,Accesorios de Almacenamiento,"accesorios-movil, almacenamiento, lector-otg, micro-sd, usb-otg",true,Title,Default Title,,,,,,,,,10.0,shopify,0,deny,manual,6293.00,,true,true,,,,,,https://cdn.shopify.com/s/files/1/0796/0703/8180/files/e3e12f_50a2a4cc9fda47c3b515370a14059705_mv2.jpg?v=1773780691,1,"",false,Lector Micro SD con OTG USB - Adaptador 2 en 1,"Lector de tarjetas Micro SD con OTG y USB. Compatible con smartphones, tablets y PC. Plug & Play, transferencia rápida. Compacto y portátil.",,,,,,,,,,,,,,,,,,,,,,,,,,,,,,,,,,,,,,,,,,,,,,,,,,,,,,,,,,,,,,,,,,,,,,,,,,,,,,,,,,,,,,,,,,,,,,,,,,,,,,,,,,,,,,,,,,,,,,,,,,,,,,,,,,,,,,,,,,,,,,,,,,,,g,,,active
lampara-led-rgb-con-parlante-incorporado-10cm-de-diametro,Lámpara LED RGB con Parlante Bluetooth Integrado 10cm - Foco Musical,"<p><strong>Ilumina y ambienta tus espacios con música</strong></p>

<p>Esta innovadora lámpara LED RGB combina iluminación de colores con un parlante Bluetooth integrado, creando la atmósfera perfecta para cualquier ocasión. Con 10cm de diámetro, se instala como un foco común pero ofrece funcionalidades inteligentes.</p>

<p><strong>Características destacadas:</strong></p>
<ul>
<li>✓ Iluminación LED RGB con múltiples colores y efectos</li>
<li>✓ Parlante Bluetooth integrado de alta calidad</li>
<li>✓ 10cm de diámetro, instalación estándar E27</li>
<li>✓ Control remoto para luces y música</li>
<li>✓ Modos de iluminación: fijo, degradado, sincronización con música</li>
<li>✓ Conexión Bluetooth rápida y estable</li>
<li>✓ Bajo consumo energético LED</li>
<li>✓ Ideal para dormitorios, salas, fiestas y eventos</li>
</ul>

<p><strong>¿Por qué elegir esta lámpara musical?</strong></p>
<p>Imagina transformar cualquier habitación en un espacio de entretenimiento con solo enroscar un foco. Esta lámpara LED RGB con parlante te permite escuchar tu música favorita mientras disfrutas de una iluminación ambiental personalizable. Perfecta para crear el mood ideal en fiestas, sesiones de estudio, o simplemente relajarte con tu playlist preferida.</p>

<p>Su instalación es tan simple como cambiar un foco tradicional, pero las posibilidades son infinitas: sincroniza las luces con el ritmo de la música, elige entre cientos de colores, o úsala como parlante independiente. Ideal para gamers, creadores de contenido, o cualquiera que busque innovar en su espacio.</p>",SIN MARCA,Home & Garden > Lighting > Lamps > Table Lamps,Iluminación Inteligente,"foco-musical, iluminacion-inteligente, lampara-rgb, led, parlante-bluetooth",true,Title,Default Title,,,,,,,,OS-125,180.0,shopify,7,deny,manual,9589.30,,true,true,,,,,,https://cdn.shopify.com/s/files/1/0796/0703/8180/files/FOCO-LED-PARLANTE.jpg?v=1773781224,1,"",false,Lámpara LED RGB con Parlante Bluetooth 10cm - Foco Musical,"Lámpara LED RGB con parlante Bluetooth integrado. 10cm, instalación E27. Múltiples colores y efectos. Control remoto. Ideal para fiestas y ambientes.",,,,,,,,,,,,,,,,,,,,,,,,,,,,,,,,a19,,,,,,,,,,,geometrico,,,,,,,,,,,,,,,,,,,,,,,,,,,,,,,,,,,,,,,,,,,,,,,,,,,,,,,,,,,,,,,,,,,,,,,,,,,,,,,,,,,,,,,,,,,,,,,,,,,,,,,,,g,,,active
lampara-led-rgb-con-parlante-incorporado-10cm-de-diametro,,,,,,,,,,,,,,,,,,,,,,,,,,,,,,,,https://cdn.shopify.com/s/files/1/0796/0703/8180/files/FOCO-LED-PARLANTE-6.webp?v=1773781224,2,"",,,,,,,,,,,,,,,,,,,,,,,,,,,,,,,,,,,,,,,,,,,,,,,,,,,,,,,,,,,,,,,,,,,,,,,,,,,,,,,,,,,,,,,,,,,,,,,,,,,,,,,,,,,,,,,,,,,,,,,,,,,,,,,,,,,,,,,,,,,,,,,,,,,,,,,,,,
lampara-led-ibek-con-efecto-giratoria-de-color-doble,Lámpara LED Giratoria con Efecto Doble Color - Iluminación Disco,"<p><strong>Crea una atmósfera de fiesta en cualquier espacio</strong></p>
<p>Esta lámpara LED giratoria con efecto doble color transforma cualquier ambiente en una pista de baile. Sus luces LED rotativas proyectan patrones de colores dinámicos, perfecta para fiestas, eventos, bares o simplemente crear un ambiente festivo en casa.</p>
<p><strong>Características destacadas:</strong></p>
<ul>
<li>✓ Efecto giratorio automático con doble color</li>
<li>✓ LEDs de alta luminosidad y bajo consumo</li>
<li>✓ Proyección de patrones dinámicos en 360°</li>
<li>✓ Instalación simple en rosca estándar E27</li>
<li>✓ Ideal para fiestas, eventos, bares y discotecas</li>
<li>✓ Funcionamiento automático sin control adicional</li>
<li>✓ Marca Ibek, calidad garantizada</li>
<li>✓ Larga vida útil LED</li>
</ul>
<p><strong>¿Por qué elegir esta lámpara de efecto?</strong></p>
<p>Imagina convertir tu living, garage o salón en un espacio de fiesta instantáneo con solo enroscar un foco. Esta lámpara LED giratoria proyecta luces de colores en movimiento que crean una atmósfera vibrante y festiva, perfecta para cumpleaños, reuniones, o simplemente para darle vida a tus espacios.</p>
<p>Su instalación es tan fácil como cambiar un foco tradicional, pero el impacto visual es espectacular. Ideal para DJs, organizadores de eventos, bares, o cualquiera que quiera agregar un toque profesional a sus celebraciones sin complicaciones ni equipos costosos.</p>",SIN MARCA,Arts & Entertainment > Party & Celebration > Special Effects > Special Effects Lighting > LED Lights,Iluminación de Efectos,"efecto-disco, ibek, iluminacion-eventos, lampara-giratoria, led-fiesta",true,Title,Default Title,,,,,,,,OS-65,120.0,shopify,4,deny,manual,4205.00,4625.00,true,true,,,,,,https://cdn.shopify.com/s/files/1/0796/0703/8180/files/Lampara_Led_Giratoria_Doble_3_Colores_Boliche_Fiesta_Led_D_870680-MLA91272962653_082025-O-500x500.jpg?v=1773781484,1,"",false,Lámpara LED Giratoria Doble Color Ibek - Efecto Disco,"Lámpara LED giratoria Ibek con efecto doble color. Proyección 360°, instalación E27. Ideal para fiestas, eventos y bares. Bajo consumo LED.",,,,,,,,,,,,,,,,,,,,,,,,,,,,,,,,,,,,,,,,,,,,,,,,,,,,,,,,,,,,,,,,,,,,,,,,,,,,,,,,,,,,,,,,,,,,,,techo; sobremesa,,,,,,,,,,,,,,alimentado-por-ca,,,,,,,,,manual,,,,,,,,,,,,,,,,,,,,,,,,,,,,,,,g,,2803.00,active
lampara-led-ibek-con-efecto-giratoria-de-color-doble,,,,,,,,,,,,,,,,,,,,,,,,,,,,,,,,https://cdn.shopify.com/s/files/1/0796/0703/8180/files/images_29.jpg?v=1773781484,2,"",,,,,,,,,,,,,,,,,,,,,,,,,,,,,,,,,,,,,,,,,,,,,,,,,,,,,,,,,,,,,,,,,,,,,,,,,,,,,,,,,,,,,,,,,,,,,,,,,,,,,,,,,,,,,,,,,,,,,,,,,,,,,,,,,,,,,,,,,,,,,,,,,,,,,,,,,,
lampara-led-con-brazo-plegable,Lámpara LED con Brazo Plegable MT-305,"<h3>Lámpara LED con Brazo Plegable MT-305 - Iluminación Ajustable para Escritorio</h3>

<p>Optimizá tu espacio de trabajo o estudio con esta lámpara LED de brazo plegable que te permite dirigir la luz exactamente donde la necesitás. Diseño moderno y funcional para máxima versatilidad.</p>

<h4>Características principales:</h4>
<ul>
<li>
<strong>Brazo totalmente ajustable:</strong> Posicioná la luz en cualquier ángulo para lectura, trabajo o tareas de precisión</li>
<li>
<strong>Tecnología LED eficiente:</strong> Bajo consumo energético y larga vida útil</li>
<li>
<strong>Iluminación de calidad:</strong> Luz clara y uniforme que reduce la fatiga visual</li>
<li>
<strong>Diseño compacto:</strong> Ideal para escritorios, mesas de trabajo, talleres o estudios</li>
<li>
<strong>Construcción duradera:</strong> Materiales resistentes para uso diario intensivo</li>
</ul>

<h4>Aplicaciones:</h4>
<p>Perfecta para oficinas, home office, talleres, estudios de arte, lectura nocturna, trabajos de precisión, manualidades y más.</p>

<p><strong>Modelo:</strong> MT-305 | <strong>SKU:</strong> VEL-81012</p>",SEISA,Home & Garden > Lighting > Lamps > Desk Lamps,Iluminación,"escritorio, iluminacion, lampara, led, mayorista, oficina",true,Title,Default Title,,,,,,,,MT-305,720.0,shopify,1,deny,manual,18595.50,,true,true,,,,,6290132588208,https://cdn.shopify.com/s/files/1/0796/0703/8180/files/5303-producto-1.jpg?v=1773841188,1,"",false,Lámpara LED Brazo Plegable MT-305 | Escritorio Ajustable,"Lámpara LED con brazo plegable MT-305. Iluminación ajustable para escritorio, oficina y taller. Bajo consumo, luz de calidad. Ideal para trabajo y estudio.",,,,,,,,,,,,,,,,,,,,,,,,,,,,,,,,,,,,,,,,,,,negro,,,,,,,,,,,,,,,,,,,,,,,,,,,,,,,,,,,,,,,blanco-frio; luz-diurna,,,,,,,,,,,,,,,,,,,,,,,,,,,,,,,,,,,,,,,,,,,,,,,,,,,,,,,,,,,,,,,,,,g,,,active
lampara-led-con-brazo-plegable,,,,,,,,,,,,,,,,,,,,,,,,,,,,,,,,https://cdn.shopify.com/s/files/1/0796/0703/8180/files/7449_xlarge.png?v=1773841188,2,"",,,,,,,,,,,,,,,,,,,,,,,,,,,,,,,,,,,,,,,,,,,,,,,,,,,,,,,,,,,,,,,,,,,,,,,,,,,,,,,,,,,,,,,,,,,,,,,,,,,,,,,,,,,,,,,,,,,,,,,,,,,,,,,,,,,,,,,,,,,,,,,,,,,,,,,,,,
juego-pop-it-con-luz-y-sonido-con-diseno,Pop It con Luz y Sonido - Juego Sensorial Interactivo,"<h3>Pop It con Luz y Sonido - Juego Sensorial Interactivo con Diseño</h3>

<p>Llevá la diversión del Pop It al siguiente nivel con este juego sensorial que combina el clásico efecto de burbujas con luces LED y efectos de sonido. Perfecto para niños y adultos que buscan entretenimiento y relajación.</p>

<h4>Características principales:</h4>
<ul>
<li>
<strong>Efectos de luz LED:</strong> Iluminación colorida que hace cada presión más divertida y atractiva</li>
<li>
<strong>Sonidos interactivos:</strong> Efectos de audio que responden a cada toque para mayor estimulación sensorial</li>
<li>
<strong>Diseño atractivo:</strong> Colores y formas llamativas que capturan la atención</li>
<li>
<strong>Juego antiestrés:</strong> Ideal para aliviar ansiedad, mejorar concentración y mantener las manos ocupadas</li>
<li>
<strong>Entretenimiento portátil:</strong> Lleválo a cualquier lugar para diversión en viajes, esperas o momentos de ocio</li>
</ul>

<h4>Beneficios:</h4>
<p>Estimula la coordinación mano-ojo, ayuda a desarrollar habilidades motoras finas, proporciona estimulación sensorial y ofrece una forma divertida de relajarse. Perfecto para niños, adolescentes y adultos.</p>

<p><strong>Proveedor:</strong> SIN MARCA</p>",SIN MARCA,Toys & Games > Games > Dexterity Games,Juguetes y Juegos,"antiestrés, juguetes, mayorista, niños, pop-it, sensorial",true,Title,Default Title,,,,,,,,,145.0,shopify,3,deny,manual,4165.00,,true,true,,,,,,https://cdn.shopify.com/s/files/1/0796/0703/8180/files/pop-it-electronico-juego-de-memoria-juguete-push-quick-pato.jpg?v=1773841456,1,"",false,Pop It con Luz y Sonido | Juego Sensorial Antiestrés,Pop It interactivo con luces LED y sonidos. Juego sensorial antiestrés para niños y adultos. Diversión portátil con efectos de luz y audio. ¡Comprá ahora!,,,,,,,,,,,,,,,,,,,,,,,,,,,,,,,,,,,,,,,,,,,amarillo,,,,,,,,,,,,,,,coordinacion-mano-ojo; precision,,,,,,,,,,,,,apto-para-viajes,,,,,,,,,,,,,,,,,,,,,,,,,,,,,,,,,,,,,,,,todas-las-edades,,,,,,,,,,,,,,,,,,,,,plastico,,,,,,,,,,,,,,,,g,,,active
joystick-redragon-rift-wired-gamepad-para-pc-switch-ps3,Joystick Redragon Rift G710 - Gamepad Cableado PC/Switch/PS3,"<h3>Joystick Redragon Rift G710 - Gamepad Cableado Multiplataforma</h3>

<p>Dominá tus juegos favoritos con el Redragon Rift G710, un gamepad cableado de alto rendimiento diseñado para gamers que buscan precisión, comodidad y compatibilidad universal. Perfecto para PC, Nintendo Switch y PlayStation 3.</p>

<h4>Características principales:</h4>
<ul>
<li>
<strong>Compatibilidad multiplataforma:</strong> Funciona con PC (Windows), Nintendo Switch y PlayStation 3 sin configuraciones complicadas</li>
<li>
<strong>Conexión cableada confiable:</strong> Cable USB para respuesta instantánea sin lag ni interferencias, ideal para gaming competitivo</li>
<li>
<strong>Diseño ergonómico:</strong> Empuaduras texturizadas y forma anatmica para sesiones de juego prolongadas sin fatiga</li>
<li>
<strong>Controles precisos:</strong> Botones responsivos, sticks analógicos suaves y gatillos sensibles para máxima precisión</li>
<li>
<strong>Calidad Redragon:</strong> Construcción duradera de una marca reconocida en gaming</li>
<li>
<strong>Plug &amp; Play:</strong> Instalación sencilla, conecta y jugá inmediatamente</li>
</ul>

<h4>Ideal para:</h4>
<p>Juegos de acción, aventura, deportes, carreras, plataformas y más. Perfecto tanto para gamers casuales como competitivos que buscan un control confiable y versátil.</p>

<p><strong>Modelo:</strong> G710 Rift | <strong>Marca:</strong> Redragon | <strong>SKU:</strong> G710</p>",REDRAGON,Electronics > Electronics Accessories > Computer Components > Input Devices > Game Controllers > Joystick Controllers,Gaming y Periféricos,"gamepad, gaming, joystick, mayorista, pc, redragon",true,Title,Default Title,,,,,,,,G710,310.0,shopify,1,deny,manual,34892.00,,true,true,,,,,6950376725493,https://cdn.shopify.com/s/files/1/0796/0703/8180/files/Joystick-Redragon-Rift-G710_49372_1.jpg?v=1773841781,1,"",false,Joystick Redragon Rift G710 | Gamepad PC Switch PS3,"Joystick Redragon Rift G710 cableado para PC, Nintendo Switch y PS3. Gamepad ergonómico con controles precisos. Conexión USB confiable. Marca Redragon.",,,,,,,,,,,,,,,,,,,,,,,,,,,,,,,,,,,,,,,,,,,,,,,,,,,,,,,,,,,,,,,,,,,,,,,,,,,,,,,,,,,,,,,,,,,,,,,,,,,,,,,,,,,,,,,,,,,,,,,,,,,,,,,,,,,,,,,,,,,,,,,,,,,,g,,,active
joystick-redragon-rift-wired-gamepad-para-pc-switch-ps3,,,,,,,,,,,,,,,,,,,,,,,,,,,,,,,,https://cdn.shopify.com/s/files/1/0796/0703/8180/files/D_NQ_NP_902608-MLA80734285708_112024-O.webp?v=1773841781,2,"",,,,,,,,,,,,,,,,,,,,,,,,,,,,,,,,,,,,,,,,,,,,,,,,,,,,,,,,,,,,,,,,,,,,,,,,,,,,,,,,,,,,,,,,,,,,,,,,,,,,,,,,,,,,,,,,,,,,,,,,,,,,,,,,,,,,,,,,,,,,,,,,,,,,,,,,,,
joystick-para-xbox-series-s-original-color-negro,Control Xbox Series S Original Negro - Joystick Microsoft,"<h3>Control Xbox Series S Original Negro - Joystick Oficial Microsoft</h3>

<p>Experimentá el gaming de nueva generación con el control oficial de Xbox Series S en color negro. Diseñado por Microsoft con tecnología de punta para ofrecer precisión, comodidad y rendimiento excepcional en cada partida.</p>

<h4>Características principales:</h4>
<ul>
<li>
<strong>100% Original Microsoft:</strong> Control oficial con garantía de calidad y compatibilidad total</li>
<li>
<strong>Diseño ergonómico mejorado:</strong> Empuaduras texturizadas y forma optimizada para máximo confort en sesiones largas</li>
<li>
<strong>Tecnología de precisión:</strong> Sticks analógicos mejorados, gatillos texturizados y botón Share dedicado</li>
<li>
<strong>Compatibilidad amplia:</strong> Funciona con Xbox Series X|S, Xbox One y PC con Windows 10/11</li>
<li>
<strong>Conexión versátil:</strong> Bluetooth y USB-C para jugar de forma inalámbrica o cableada</li>
<li>
<strong>Batería de larga duración:</strong> Hasta 40 horas de juego con pilas AA (no incluidas)</li>
<li>
<strong>Color clásico negro:</strong> Acabado elegante y atemporal</li>
</ul>

<h4>¿Por qué elegir el control original?</h4>
<p>La calidad Microsoft garantiza durabilidad, respuesta instantánea, actualizaciones de firmware y compatibilidad total con todas las funciones de Xbox. Ideal para gamers exigentes que buscan el mejor rendimiento.</p>

<p><strong>Marca:</strong> Microsoft | <strong>Compatible con:</strong> Xbox Series X|S, Xbox One, PC</p>",MICROSOFT,Electronics > Video Game Console Accessories > Home Game Console Accessories,Gaming y Periféricos,"control, gaming, joystick, mayorista, microsoft, xbox",true,Title,Default Title,,,,,,,,,475.0,shopify,1,deny,manual,124410.00,,true,true,,,,,,https://cdn.shopify.com/s/files/1/0796/0703/8180/files/b7dcc215-8804-49.webp?v=1773841909,1,"",false,Control Xbox Series S Original Negro | Joystick Microsoft,"Control Xbox Series S original Microsoft en negro. Joystick oficial con diseño ergonómico, Bluetooth y compatibilidad Xbox/PC. Calidad garantizada.",,,,,,,,,,,,,,,,,,,,,,,,,,,,,,,,,,,,,,,,,,,negro,,,,,,,,,,,,,,,,,,,,,,,,,,,,,,,,,,,,,,,,,,,,,,,,,,,,,,,,,,,,,,,,,,,,,,,,,,,,,,,,,,,,,,,,,,,,,,,,,,,,,,,,,g,,,active
joystick-para-xbox-series-s-original-color-negro,,,,,,,,,,,,,,,,,,,,,,,,,,,,,,,,https://cdn.shopify.com/s/files/1/0796/0703/8180/files/pos-889842657517-546387426dc2d00509c29cba2dcee5ee.jpg?v=1773841909,2,"",,,,,,,,,,,,,,,,,,,,,,,,,,,,,,,,,,,,,,,,,,,,,,,,,,,,,,,,,,,,,,,,,,,,,,,,,,,,,,,,,,,,,,,,,,,,,,,,,,,,,,,,,,,,,,,,,,,,,,,,,,,,,,,,,,,,,,,,,,,,,,,,,,,,,,,,,,
joystick-para-xbox-one-inalambrico-a-bateria,Control Xbox One Inalámbrico a Batería - Joystick Wireless,"<h3>Control Xbox One Inalámbrico a Batería - Joystick Wireless</h3>

<p>Disfrutá de la libertad del gaming inalámbrico con este control para Xbox One. Diseñado para ofrecer comodidad, precisión y rendimiento confiable en todas tus sesiones de juego sin cables que te limiten.</p>

<h4>Características principales:</h4>
<ul>
<li>
<strong>Conexión inalámbrica:</strong> Jugá sin cables con tecnología wireless de 2.4GHz para máxima libertad de movimiento</li>
<li>
<strong>Compatible con Xbox One:</strong> Funciona perfectamente con todas las consolas Xbox One (S, X y modelos originales)</li>
<li>
<strong>Alimentación a batería:</strong> Funciona con pilas AA para sesiones de juego prolongadas (pilas no incluidas)</li>
<li>
<strong>Diseño ergonómico:</strong> Empuñaduras cómodas y botones responsivos para control preciso</li>
<li>
<strong>Controles completos:</strong> Sticks analógicos, gatillos, D-pad y todos los botones estándar de Xbox</li>
<li>
<strong>Plug &amp; Play:</strong> Sincronización sencilla con tu consola, conectá y jugá</li>
</ul>

<h4>Ideal para:</h4>
<p>Gamers que buscan una alternativa económica al control oficial, jugadores casuales y competitivos, gaming en sala sin restricciones de cables. Perfecto para juegos de acción, deportes, carreras y más.</p>

<p><strong>SKU:</strong> NJX313A | <strong>Proveedor:</strong> SIN MARCA</p>",SIN MARCA,Electronics > Video Game Console Accessories > Home Game Console Accessories,Gaming y Periféricos,"control, gaming, inalambrico, joystick, mayorista, xbox-one",true,Title,Default Title,,,,,,,,NJX313A,300.0,shopify,1,deny,manual,70760.00,,true,true,,,,,6290132584385,https://cdn.shopify.com/s/files/1/0796/0703/8180/files/4558_medium_888a280f-0260-48a8-a8a5-43e92abaa981.jpg?v=1773842138,1,"",false,Control Xbox One Inalámbrico a Batería | Joystick Wireless,"Control Xbox One inalámbrico a batería. Joystick wireless compatible con Xbox One S/X. Diseño ergonómico, conexión 2.4GHz. Alternativa económica.",,,,,,,,,,,,,,,,,,,,,,,,,,,,,,,,,,,,,,,,,,,,,,,,,,,,,,,,,,,,,,,,,,,,,,,,,,,,,,,,,,,,,,,,,,,,,,,,,,,,,,,,,,,,,,,,,,,,,,,,,,,,,,,,,,,,,,,,,,,,,,,,,,,,g,,,active
joystick-para-ps3-sony-replica-inalambrico-con-bateria-recargable,Control PS3 Inalámbrico con Batería Recargable - Joystick Compatible,"<h3>Control PS3 Inalámbrico con Batería Recargable - Joystick Compatible PlayStation 3</h3>

<p>Volvé a disfrutar de tus juegos clásicos de PS3 con este control inalámbrico compatible. Diseño tipo DualShock con batería recargable integrada para sesiones de juego sin interrupciones y sin gastar en pilas.</p>

<h4>Características principales:</h4>
<ul>
<li>
<strong>Conexión inalámbrica Bluetooth:</strong> Jugá sin cables con libertad total de movimiento</li>
<li>
<strong>Batería recargable integrada:</strong> Ahorra en pilas, recargá por USB y jugá durante horas</li>
<li>
<strong>Compatible con PlayStation 3:</strong> Funciona perfectamente con todas las consolas PS3</li>
<li>
<strong>Diseño ergonómico:</strong> Empuñaduras cómodas inspiradas en el control original Sony</li>
<li>
<strong>Controles completos:</strong> Sticks analógicos, gatillos L2/R2, D-pad, botones de acción y botón PS</li>
<li>
<strong>Vibración dual:</strong> Feedback táctil para mayor inmersión en tus juegos</li>
<li>
<strong>Cable USB incluido:</strong> Para carga y juego cableado si preferís</li>
</ul>

<h4>Ventajas:</h4>
<p>Alternativa económica al control original Sony, ideal para tener un segundo mando, reemplazar controles dañados o para juego multijugador. Perfecto para gamers que buscan funcionalidad completa a excelente precio.</p>

<p><strong>SKU:</strong> JPS3S | <strong>Código de barras:</strong> 711719990048 | <strong>Proveedor:</strong> GENÉRICO</p>",GENERICO,Electronics > Video Game Console Accessories > Home Game Console Accessories,Gaming y Periféricos,"control, gaming, inalambrico, mayorista, playstation, ps3",true,Title,Default Title,,,,,,,,JPS3S,230.0,shopify,1,deny,manual,15057.90,,true,true,,,,,711719990048,https://cdn.shopify.com/s/files/1/0796/0703/8180/files/joystick-ps3-generico-dual.webp?v=1773843265,1,"",false,Control PS3 Inalámbrico Recargable | Joystick Compatible,"Control PS3 inalámbrico con batería recargable. Joystick compatible PlayStation 3, Bluetooth, vibración dual. Alternativa económica al original Sony.",,,,,,,,,,,,,,,,,,,,,,,,,,,,,,,,,,,,,,,,,,,negro,,,,,,,,,,,,,,,,,,,,,,,,,,,,,,,,,,,,,,,,,,,,,,,,,,,,,,,,,,,,,,,,,,,,,,,,,,,,,,,,,,,,,,,,,,,,,,,,,,,,,,,,,g,,,active
joystick-para-ps3-sony-replica-inalambrico-con-bateria-recargable,,,,,,,,,,,,,,,,,,,,,,,,,,,,,,,,https://cdn.shopify.com/s/files/1/0796/0703/8180/files/1-15.png?v=1773843265,2,"",,,,,,,,,,,,,,,,,,,,,,,,,,,,,,,,,,,,,,,,,,,,,,,,,,,,,,,,,,,,,,,,,,,,,,,,,,,,,,,,,,,,,,,,,,,,,,,,,,,,,,,,,,,,,,,,,,,,,,,,,,,,,,,,,,,,,,,,,,,,,,,,,,,,,,,,,,
joystick-para-ps3-inalambrico-sin-marca,Control PS3 Inalámbrico Económico - Joystick Compatible PlayStation 3,"<h3>Control PS3 Inalámbrico Económico - Joystick Compatible PlayStation 3</h3>

<p>Solución práctica y accesible para seguir disfrutando de tus juegos de PS3. Este control inalámbrico compatible ofrece funcionalidad completa a un precio económico, ideal como segundo mando o reemplazo.</p>

<h4>Características principales:</h4>
<ul>
<li>
<strong>Conexión inalámbrica:</strong> Tecnología wireless para jugar sin cables que te limiten</li>
<li>
<strong>Compatible con PS3:</strong> Funciona con todas las consolas PlayStation 3</li>
<li>
<strong>Controles estándar:</strong> Sticks analógicos, gatillos, D-pad y botones de acción completos</li>
<li>
<strong>Diseño funcional:</strong> Empuñaduras ergonómicas para sesiones de juego cómodas</li>
<li>
<strong>Precio accesible:</strong> Alternativa económica sin sacrificar funcionalidad</li>
<li>
<strong>Fácil sincronización:</strong> Conecta rápidamente con tu consola y empezá a jugar</li>
</ul>

<h4>Ideal para:</h4>
<p>Gamers que buscan un control de repuesto, juego multijugador con amigos, reemplazo económico de controles dañados o como primer control para consolas usadas. Perfecto para uso casual y gaming recreativo.</p>

<p><strong>SKU:</strong> P-3 | <strong>Proveedor:</strong> SIN MARCA</p>",SIN MARCA,Electronics > Video Game Console Accessories > Home Game Console Accessories,Gaming y Periféricos,"economico, gaming, inalambrico, mayorista, playstation, ps3",true,Color,rojo,product.metafields.shopify.color-pattern,,,,,,,P-3,240.0,shopify,1,deny,manual,10412.50,,true,true,,,,,"",https://cdn.shopify.com/s/files/1/0796/0703/8180/files/WhatsAppImage2026-03-18at11.22.51.jpg?v=1773844121,1,"",false,Control PS3 Inalámbrico Económico | Joystick Compatible,"Control PS3 inalámbrico económico. Joystick compatible PlayStation 3, wireless, controles completos. Alternativa accesible para gaming casual y repuesto.",,,,,,,,,,,,,,,,,,,,,,,,,,,,,,,,,,,,,,,,,,,rojo; azul; negro; blanco,,,,,,,,,,,,,,,,,,,,,,,,,,,,,,,,,,,,,,,,,,,,,,,,,,,,,,,,,,,,,,,,,,,,,,,,,,,,,,,,,,,,,,,,,,,,,,,,,,,,,,,,https://cdn.shopify.com/s/files/1/0796/0703/8180/files/WhatsAppImage2026-03-18at11.22.50_2.jpg?v=1773844121,g,,,active
joystick-para-ps3-inalambrico-sin-marca,,,,,,,,,azul,,,,,,,,P-4,240.0,shopify,2,deny,manual,10412.50,,true,true,,,,,"",https://cdn.shopify.com/s/files/1/0796/0703/8180/files/WhatsAppImage2026-03-18at11.22.50.jpg?v=1773844121,2,"",,,,,,,,,,,,,,,,,,,,,,,,,,,,,,,,,,,,,,,,,,,,,,,,,,,,,,,,,,,,,,,,,,,,,,,,,,,,,,,,,,,,,,,,,,,,,,,,,,,,,,,,,,,,,,,,,,,,,,,,,,,,,,,,,,,,,,,,,,,,,,,,,,,,,,https://cdn.shopify.com/s/files/1/0796/0703/8180/files/WhatsAppImage2026-03-18at11.22.50_1.jpg?v=1773844121,g,,,
joystick-para-ps3-inalambrico-sin-marca,,,,,,,,,negro,,,,,,,,P-5,240.0,shopify,1,deny,manual,10412.50,,true,true,,,,,"",https://cdn.shopify.com/s/files/1/0796/0703/8180/files/WhatsAppImage2026-03-18at11.22.50_1.jpg?v=1773844121,3,"",,,,,,,,,,,,,,,,,,,,,,,,,,,,,,,,,,,,,,,,,,,,,,,,,,,,,,,,,,,,,,,,,,,,,,,,,,,,,,,,,,,,,,,,,,,,,,,,,,,,,,,,,,,,,,,,,,,,,,,,,,,,,,,,,,,,,,,,,,,,,,,,,,,,,,https://cdn.shopify.com/s/files/1/0796/0703/8180/files/WhatsAppImage2026-03-18at11.22.51.jpg?v=1773844121,g,,,
joystick-para-ps3-inalambrico-sin-marca,,,,,,,,,blanco,,,,,,,,P-6,240.0,shopify,2,deny,manual,10412.50,,true,true,,,,,"",https://cdn.shopify.com/s/files/1/0796/0703/8180/files/WhatsAppImage2026-03-18at11.22.50_2.jpg?v=1773844121,4,"",,,,,,,,,,,,,,,,,,,,,,,,,,,,,,,,,,,,,,,,,,,,,,,,,,,,,,,,,,,,,,,,,,,,,,,,,,,,,,,,,,,,,,,,,,,,,,,,,,,,,,,,,,,,,,,,,,,,,,,,,,,,,,,,,,,,,,,,,,,,,,,,,,,,,,https://cdn.shopify.com/s/files/1/0796/0703/8180/files/WhatsAppImage2026-03-18at11.22.50.jpg?v=1773844121,g,,,
joystick-para-ps3-inalambrico-sin-marca,,,,,,,,,,,,,,,,,,,,,,,,,,,,,,,,https://cdn.shopify.com/s/files/1/0796/0703/8180/files/WhatsApp-Image-2025-05-05-at-15.44.42.jpg?v=1773843901,5,"",,,,,,,,,,,,,,,,,,,,,,,,,,,,,,,,,,,,,,,,,,,,,,,,,,,,,,,,,,,,,,,,,,,,,,,,,,,,,,,,,,,,,,,,,,,,,,,,,,,,,,,,,,,,,,,,,,,,,,,,,,,,,,,,,,,,,,,,,,,,,,,,,,,,,,,,,,
joystick-para-ps2-noga-con-analogico-en-blister,Control PS2 Noga NG-3004 con Analógico - Joystick PlayStation 2,"<h3>Control PS2 Noga NG-3004 con Analógico - Joystick PlayStation 2</h3>

<p>Reviví los clásicos de PlayStation 2 con el control Noga NG-3004, un joystick con sticks analógicos que ofrece compatibilidad total y excelente relación precio-calidad. Presentación en blister para protección y exhibición.</p>

<h4>Características principales:</h4>
<ul>
<li>
<strong>Marca Noga:</strong> Reconocida marca argentina de accesorios gaming con trayectoria y calidad</li>
<li>
<strong>Sticks analógicos:</strong> Control preciso para juegos que requieren movimiento 360°</li>
<li>
<strong>Compatible con PS2:</strong> Funciona perfectamente con todas las consolas PlayStation 2</li>
<li>
<strong>Conexión cableada:</strong> Cable largo para jugar cómodamente sin lag ni baterías</li>
<li>
<strong>Controles completos:</strong> Todos los botones estándar de PS2 (X, O, □, △, L1/L2, R1/R2, D-pad)</li>
<li>
<strong>Presentación en blister:</strong> Empaque protector ideal para reventa o almacenamiento</li>
<li>
<strong>Diseño ergonómico:</strong> Empuñaduras cómodas para sesiones prolongadas</li>
</ul>

<h4>Ideal para:</h4>
<p>Gamers retro que quieren volver a jugar sus títulos favoritos de PS2, coleccionistas, reemplazo de controles originales dañados o como segundo mando para juego multijugador. Excelente opción calidad-precio de marca confiable.</p>

<p><strong>Modelo:</strong> NG-3004 | <strong>Marca:</strong> Noga | <strong>SKU:</strong> NG-3004</p>",NOGA,Electronics > Video Game Console Accessories > Home Game Console Accessories,Gaming y Periféricos,"gaming, mayorista, noga, playstation, ps2, retro",true,Title,Default Title,,,,,,,,NG-3004,255.0,shopify,1,deny,manual,11479.00,,true,true,,,,,,https://cdn.shopify.com/s/files/1/0796/0703/8180/files/ng-3004-ng1-c3639a70b1e6f46b0916560075111088-1024-1024_fc8a4916-0270-49dd-bb11-4b179313df20.webp?v=1773844308,1,"",false,Control PS2 Noga NG-3004 Analógico | Joystick PlayStation 2,"Control PS2 Noga NG-3004 con analógico. Joystick PlayStation 2 cableado, marca argentina, controles completos. Presentación en blister. Calidad Noga.",,,,,,,,,,,,,,,,,,,,,,,,,,,,,,,,,,,,,,,,,,,negro,,,,,,,,,,,,,,,,,,,,,,,,,,,,,,,,,,,,,,,,,,,,,,,,,,,,,,,,,,,,,,,,,,,,,,,,,,,,,,,,,,,,,,,,,,,,,,,,,,,,,,,,,g,,,active
joystick-para-ps2-noga-con-analogico-en-blister,,,,,,,,,,,,,,,,,,,,,,,,,,,,,,,,https://cdn.shopify.com/s/files/1/0796/0703/8180/files/ng-3004-ng_e30a792a-d30d-4750-89bd-90bba1bd1538.webp?v=1773844308,2,"",,,,,,,,,,,,,,,,,,,,,,,,,,,,,,,,,,,,,,,,,,,,,,,,,,,,,,,,,,,,,,,,,,,,,,,,,,,,,,,,,,,,,,,,,,,,,,,,,,,,,,,,,,,,,,,,,,,,,,,,,,,,,,,,,,,,,,,,,,,,,,,,,,,,,,,,,,
joystick-para-pc-noga-sin-analogo,Control PC Noga NG-2103 Digital - Gamepad USB sin Analógico,"<h3>Control PC Noga NG-2103 Digital - Gamepad USB sin Analógico</h3>

<p>Gamepad clásico Noga para PC con diseño digital (sin sticks analógicos), ideal para juegos retro, emuladores y títulos que no requieren control analógico. Conexión USB plug &amp; play para máxima compatibilidad.</p>

<h4>Características principales:</h4>
<ul>
<li>
<strong>Marca Noga:</strong> Calidad y confiabilidad de marca argentina reconocida en gaming</li>
<li>
<strong>Diseño digital:</strong> Control con D-pad y botones, sin sticks analógicos (perfecto para juegos retro)</li>
<li>
<strong>Conexión USB:</strong> Cable USB para PC, plug &amp; play sin drivers adicionales en la mayoría de sistemas</li>
<li>
<strong>Compatible con Windows:</strong> Funciona con Windows XP, 7, 8, 10 y 11</li>
<li>
<strong>Ideal para emuladores:</strong> Perfecto para juegos de NES, SNES, Mega Drive, arcade y otros clásicos</li>
<li>
<strong>Controles completos:</strong> D-pad de 8 direcciones, botones de acción, Start y Select</li>
<li>
<strong>Precio accesible:</strong> Solución económica para gaming retro en PC</li>
</ul>

<h4>Ideal para:</h4>
<p>Gamers retro que usan emuladores, juegos de plataformas 2D, beat 'em ups, juegos de lucha clásicos, arcade, y cualquier título que no requiera control analógico. Excelente opción para nostalgia gaming a precio accesible.</p>

<p><strong>Modelo:</strong> NG-2103 | <strong>Marca:</strong> Noga | <strong>SKU:</strong> NG-2103</p>",NOGA,Electronics > Electronics Accessories > Computer Components > Input Devices > Game Controllers > Joystick Controllers,Gaming y Periféricos,"gamepad, gaming, mayorista, noga, pc, retro",true,Title,Default Title,,,,,,,,NG-2103,160.0,shopify,1,deny,manual,13720.00,,true,true,,,,,7798137713162,https://cdn.shopify.com/s/files/1/0796/0703/8180/files/ng-2103-frente1-cd06ab0f0c9a38bb6d16560074120323-1024-1024.webp?v=1773844563,1,"",false,Control PC Noga NG-2103 Digital USB | Gamepad sin Analógico,Control PC Noga NG-2103 digital sin analógico. Gamepad USB para emuladores y juegos retro. Compatible Windows. Marca Noga. Ideal gaming clásico.,,,,,,,,,,,,,,,,,,,,,,,,,,,,,,,,,,,,,,,,,,,,,,,,,,,,,,,,,,,,,,,,,,,,,,,,,,,,,,,,,,,,,,,,,,,,,,,,,,,,,,,,,,,,,,,,,,,,,,,,,,,,,,,,,,,,,,,,,,,,,,,,,,,,g,,,active
joystick-para-pc-noga-sin-analogo,,,,,,,,,,,,,,,,,,,,,,,,,,,,,,,,https://cdn.shopify.com/s/files/1/0796/0703/8180/files/ng-2103-detalle1-50f7afcc63b3b8e20b.webp?v=1773844563,2,"",,,,,,,,,,,,,,,,,,,,,,,,,,,,,,,,,,,,,,,,,,,,,,,,,,,,,,,,,,,,,,,,,,,,,,,,,,,,,,,,,,,,,,,,,,,,,,,,,,,,,,,,,,,,,,,,,,,,,,,,,,,,,,,,,,,,,,,,,,,,,,,,,,,,,,,,,,
joystick-para-pc-noga-sin-analogo,,,,,,,,,,,,,,,,,,,,,,,,,,,,,,,,https://cdn.shopify.com/s/files/1/0796/0703/8180/files/ng-2103-pack1-de467.webp?v=1773844438,3,"",,,,,,,,,,,,,,,,,,,,,,,,,,,,,,,,,,,,,,,,,,,,,,,,,,,,,,,,,,,,,,,,,,,,,,,,,,,,,,,,,,,,,,,,,,,,,,,,,,,,,,,,,,,,,,,,,,,,,,,,,,,,,,,,,,,,,,,,,,,,,,,,,,,,,,,,,,
joystick-multiconsola-seisa-sirve-para-ps4-ps3-ns-xbox-360-windows-android-ios-con-luz,Control Multiconsola Seisa SJ-4016B con Luz - Compatible PS4/PS3/Switch/Xbox/PC/Móvil,"<h3>Control Multiconsola Seisa SJ-4016B con Luz LED - Compatibilidad Universal</h3>

<p>La solución definitiva para gamers multiplataforma. Este control Seisa funciona con PS4, PS3, Nintendo Switch, Xbox 360, PC Windows, Android e iOS. Un solo mando para todas tus consolas y dispositivos, con iluminación LED para gaming con estilo.</p>

<h4>Compatibilidad universal:</h4>
<ul>
<li>
<strong>PlayStation:</strong> PS4 y PS3</li>
<li>
<strong>Nintendo:</strong> Nintendo Switch (NS)</li>
<li>
<strong>Xbox:</strong> Xbox 360</li>
<li>
<strong>PC:</strong> Windows (USB y Bluetooth)</li>
<li>
<strong>Móviles:</strong> Android e iOS (gaming móvil)</li>
</ul>

<h4>Características principales:</h4>
<ul>
<li>
<strong>Iluminación LED:</strong> Luces integradas para experiencia gaming visual atractiva</li>
<li>
<strong>Conexión versátil:</strong> Bluetooth inalámbrico y USB cableado según plataforma</li>
<li>
<strong>Controles completos:</strong> Sticks analógicos, gatillos, D-pad y todos los botones estándar</li>
<li>
<strong>Diseño ergonómico:</strong> Empuñaduras cómodas para sesiones prolongadas</li>
<li>
<strong>Marca Seisa:</strong> Calidad y versatilidad en un solo producto</li>
<li>
<strong>Ahorro inteligente:</strong> Un control para múltiples plataformas, máxima inversión</li>
</ul>

<h4>Ideal para:</h4>
<p>Gamers que juegan en múltiples plataformas, familias con varias consolas, gaming móvil competitivo, streamers multiplataforma y cualquiera que busque versatilidad total sin comprar múltiples controles.</p>

<p><strong>Modelo:</strong> SJ-4016B | <strong>Marca:</strong> Seisa | <strong>SKU:</strong> SJ-4016B</p>",SEISA,Electronics > Video Game Console Accessories > Home Game Console Accessories,Gaming y Periféricos,"gaming, led, mayorista, multiconsola, seisa, universal",true,diseño led,Estrellas,,,,,,,,SJ-4016Be,320.0,shopify,1,deny,manual,45167.50,,true,true,,,,,6290132590881,https://cdn.shopify.com/s/files/1/0796/0703/8180/files/9804-producto-1.jpg?v=1773845483,1,"",false,Control Multiconsola Seisa SJ-4016B | PS4 PS3 Switch Xbox PC,"Control multiconsola Seisa SJ-4016B con luz LED. Compatible PS4, PS3, Switch, Xbox 360, PC, Android, iOS. Un joystick para todas tus plataformas.",,,,,,,,,,,,,,,,,,,,,,,,,,,,,,,,,,,,,,,,,,,geometrico; negro,,,,,,,,,,,,,,,,,,,,,,,,,,,,,,,,,,,,,,,,,,,,,,,,,,,,,,,,,,,,,,,,,,,,,,,,,,,,,,,,,,,,,,,,,,,,,,,,,,,,,,,,https://cdn.shopify.com/s/files/1/0796/0703/8180/files/WhatsAppImage2026-03-18at11.48.06_1.jpg?v=1773845483,g,,,active
joystick-multiconsola-seisa-sirve-para-ps4-ps3-ns-xbox-360-windows-android-ios-con-luz,,,,,,,,,lineas,,,,,,,,SJ-4016B,320.0,shopify,1,deny,manual,45167.50,,true,true,,,,,6290132590881,https://cdn.shopify.com/s/files/1/0796/0703/8180/files/WhatsAppImage2026-03-18at11.48.06_2.jpg?v=1773845483,2,"",,,,,,,,,,,,,,,,,,,,,,,,,,,,,,,,,,,,,,,,,,,,,,,,,,,,,,,,,,,,,,,,,,,,,,,,,,,,,,,,,,,,,,,,,,,,,,,,,,,,,,,,,,,,,,,,,,,,,,,,,,,,,,,,,,,,,,,,,,,,,,,,,,,,,,https://cdn.shopify.com/s/files/1/0796/0703/8180/files/WhatsAppImage2026-03-18at11.48.06_2.jpg?v=1773845483,g,,,
joystick-multiconsola-seisa-sirve-para-ps4-ps3-ns-xbox-360-windows-android-ios-con-luz,,,,,,,,,,,,,,,,,,,,,,,,,,,,,,,,https://cdn.shopify.com/s/files/1/0796/0703/8180/files/WhatsAppImage2026-03-18at11.48.06_1.jpg?v=1773845483,3,"",,,,,,,,,,,,,,,,,,,,,,,,,,,,,,,,,,,,,,,,,,,,,,,,,,,,,,,,,,,,,,,,,,,,,,,,,,,,,,,,,,,,,,,,,,,,,,,,,,,,,,,,,,,,,,,,,,,,,,,,,,,,,,,,,,,,,,,,,,,,,,,,,,,,,,,,,,
jardin-silla-plegable-noga-metal-y-plastico-reforzado,Silla Plegable Noga NH-S1 - Jardín Metal y Plástico Reforzado,"<h3>Silla Plegable Noga NH-S1 - Jardín y Exterior Metal y Plástico Reforzado</h3>

<p>Silla plegable versátil y resistente de Noga, ideal para jardín, patio, camping, eventos y cualquier espacio exterior. Construcción robusta con estructura de metal y asiento de plástico reforzado para máxima durabilidad y fácil almacenamiento.</p>

<h4>Características principales:</h4>
<ul>
<li>
<strong>Estructura de metal resistente:</strong> Marco metálico sólido que soporta uso intensivo</li>
<li>
<strong>Asiento de plástico reforzado:</strong> Material duradero, resistente a la intemperie y fácil de limpiar</li>
<li>
<strong>Diseño plegable:</strong> Se pliega completamente para almacenamiento compacto y transporte sencillo</li>
<li>
<strong>Marca Noga:</strong> Calidad argentina reconocida en productos para el hogar y exterior</li>
<li>
<strong>Uso interior y exterior:</strong> Resistente para jardín, patio, balcón, camping, eventos y más</li>
<li>
<strong>Fácil mantenimiento:</strong> Limpieza simple con paño húmedo</li>
<li>
<strong>Montaje instantáneo:</strong> Desplegá y usá en segundos, sin herramientas</li>
</ul>

<h4>Aplicaciones:</h4>
<p>Perfecta para asientos adicionales en reuniones familiares, eventos al aire libre, camping, pesca, picnics, terrazas, patios, jardines, balcones o como silla de respaldo que se guarda fácilmente cuando no se usa.</p>

<p><strong>Modelo:</strong> NH-S1 | <strong>Marca:</strong> Noga | <strong>SKU:</strong> NH-S1</p>",NOGA,Furniture > Outdoor Furniture > Outdoor Seating > Outdoor Chairs > Folding Chairs,Hogar y Jardín,"exterior, jardin, mayorista, noga, plegable, silla",true,Title,Default Title,,,,,,,,NH-S1,3000.0,shopify,4,deny,manual,42000.00,,true,true,,,,,,https://cdn.shopify.com/s/files/1/0796/0703/8180/files/nh-s1_frente-2.webp?v=1773861055,1,"",false,Silla Plegable Noga NH-S1 Jardín | Metal Plástico Reforzado,"Silla plegable Noga NH-S1 para jardín y exterior. Estructura metal y plástico reforzado. Resistente, compacta, fácil almacenamiento. Marca Noga.",,,,,,,,,,,,,,,,,,,,,,duro,,,,,,,,,,,,,,,,,,,,,blanco,,,,,,,,,,,,,,,,,,,,,,,,,,,metal; plastico,,,,,,,,,,,,,,,,,,,,,,,,,,,,,,,,,,,,,,,,,,,,solido,puro; duro,,,,,,,,,,,,,,,,,,,,,,,,,,,,,,,,,g,,,active
jardin-silla-plegable-noga-metal-y-plastico-reforzado,,,,,,,,,,,,,,,,,,,,,,,,,,,,,,,,https://cdn.shopify.com/s/files/1/0796/0703/8180/files/nh-s1_latera.webp?v=1773861055,2,"",,,,,,,,,,,,,,,,,,,,,,,,,,,,,,,,,,,,,,,,,,,,,,,,,,,,,,,,,,,,,,,,,,,,,,,,,,,,,,,,,,,,,,,,,,,,,,,,,,,,,,,,,,,,,,,,,,,,,,,,,,,,,,,,,,,,,,,,,,,,,,,,,,,,,,,,,,
jardin-silla-plegable-noga-metal-y-plastico-reforzado,,,,,,,,,,,,,,,,,,,,,,,,,,,,,,,,https://cdn.shopify.com/s/files/1/0796/0703/8180/files/silla_nh-s1_detalle2.webp?v=1773861055,3,"",,,,,,,,,,,,,,,,,,,,,,,,,,,,,,,,,,,,,,,,,,,,,,,,,,,,,,,,,,,,,,,,,,,,,,,,,,,,,,,,,,,,,,,,,,,,,,,,,,,,,,,,,,,,,,,,,,,,,,,,,,,,,,,,,,,,,,,,,,,,,,,,,,,,,,,,,,
jardin-silla-plegable-noga-metal-y-plastico-reforzado,,,,,,,,,,,,,,,,,,,,,,,,,,,,,,,,https://cdn.shopify.com/s/files/1/0796/0703/8180/files/silla_nh-s1_detalle.webp?v=1773861055,4,"",,,,,,,,,,,,,,,,,,,,,,,,,,,,,,,,,,,,,,,,,,,,,,,,,,,,,,,,,,,,,,,,,,,,,,,,,,,,,,,,,,,,,,,,,,,,,,,,,,,,,,,,,,,,,,,,,,,,,,,,,,,,,,,,,,,,,,,,,,,,,,,,,,,,,,,,,,
jardin-mesa-plegable-noga-metal-y-plastico-reforzado-medida-180-70-74,Mesa Plegable Noga NH-M1 - Jardín 180x70x74cm Metal y Plástico Reforzado,"<h3>Mesa Plegable Noga NH-M1 - Jardín y Exterior 180x70x74cm</h3>

<p>Mesa plegable de gran tamaño ideal para eventos, reuniones familiares, camping y uso en jardín. Construcción robusta con estructura de metal y superficie de plástico reforzado que combina resistencia, durabilidad y fácil almacenamiento.</p>

<h4>Dimensiones:</h4>
<ul>
<li>
<strong>Largo:</strong> 180 cm</li>
<li>
<strong>Ancho:</strong> 70 cm</li>
<li>
<strong>Alto:</strong> 74 cm</li>
<li>
<strong>Capacidad:</strong> Hasta 6-8 personas cómodamente</li>
</ul>

<h4>Características principales:</h4>
<ul>
<li>
<strong>Estructura de metal resistente:</strong> Marco metálico reforzado que soporta peso considerable y uso intensivo</li>
<li>
<strong>Superficie de plástico reforzado:</strong> Tablero duradero, resistente a la intemperie, manchas y fácil de limpiar</li>
<li>
<strong>Diseño plegable:</strong> Se pliega por la mitad tipo maletín para almacenamiento compacto y transporte sencillo</li>
<li>
<strong>Marca Noga:</strong> Calidad argentina reconocida en mobiliario para exterior</li>
<li>
<strong>Uso interior y exterior:</strong> Resistente para jardín, patio, eventos, camping, ferias y más</li>
<li>
<strong>Asa de transporte:</strong> Fácil de llevar cuando está plegada</li>
<li>
<strong>Montaje sin herramientas:</strong> Desplegá las patas y usá en segundos</li>
</ul>

<h4>Aplicaciones:</h4>
<p>Perfecta para asados, reuniones familiares, cumpleaños, eventos al aire libre, camping, ferias, mercados, stands, catering, terrazas, patios, jardines o como mesa adicional que se guarda fácilmente cuando no se usa.</p>

<p><strong>Modelo:</strong> NH-M1 | <strong>Marca:</strong> Noga | <strong>SKU:</strong> NH-M1 | <strong>Peso:</strong> 10 kg</p>",NOGA,Furniture > Outdoor Furniture > Outdoor Tables,Hogar y Jardín,"eventos, jardin, mayorista, mesa, noga, plegable",true,Title,Default Title,,,,,,,,NH-M1,10.0,shopify,1,deny,manual,86800.00,,true,true,,,,,,https://cdn.shopify.com/s/files/1/0796/0703/8180/files/nh-m1_angulo.webp?v=1773861658,1,"",false,Mesa Plegable Noga NH-M1 180cm Jardín | Metal Plástico,Mesa plegable Noga NH-M1 180x70x74cm para jardín y eventos. Estructura metal y plástico reforzado. Capacidad 6-8 personas. Fácil almacenamiento.,,,,,,,,,,,,,,,,,,,,,,,,,,,,,,,,,,,,,,,,,,,blanco,,,,,,,,,,,,,,,,,,,,,,,,,,,plastico; metal,,,,,,,,,,,,,,,,,,,,,,,,,,,,,,,,,,,,,,,,,,,,,,,,,,,,,,,,,,,,,,,,,,,,,,,,,,,,,,g,,,active
jardin-mesa-plegable-noga-metal-y-plastico-reforzado-medida-180-70-74,,,,,,,,,,,,,,,,,,,,,,,,,,,,,,,,https://cdn.shopify.com/s/files/1/0796/0703/8180/files/nh-m1_lateral_ok.webp?v=1773861658,2,"",,,,,,,,,,,,,,,,,,,,,,,,,,,,,,,,,,,,,,,,,,,,,,,,,,,,,,,,,,,,,,,,,,,,,,,,,,,,,,,,,,,,,,,,,,,,,,,,,,,,,,,,,,,,,,,,,,,,,,,,,,,,,,,,,,,,,,,,,,,,,,,,,,,,,,,,,,
jardin-mesa-plegable-noga-metal-y-plastico-reforzado-medida-180-70-74,,,,,,,,,,,,,,,,,,,,,,,,,,,,,,,,https://cdn.shopify.com/s/files/1/0796/0703/8180/files/nh-m1_cierre.webp?v=1773861658,3,"",,,,,,,,,,,,,,,,,,,,,,,,,,,,,,,,,,,,,,,,,,,,,,,,,,,,,,,,,,,,,,,,,,,,,,,,,,,,,,,,,,,,,,,,,,,,,,,,,,,,,,,,,,,,,,,,,,,,,,,,,,,,,,,,,,,,,,,,,,,,,,,,,,,,,,,,,,
jardin-mesa-plegable-noga-metal-y-plastico-reforzado-medida-180-70-74,,,,,,,,,,,,,,,,,,,,,,,,,,,,,,,,https://cdn.shopify.com/s/files/1/0796/0703/8180/files/nh-m1.webp?v=1773861658,4,"",,,,,,,,,,,,,,,,,,,,,,,,,,,,,,,,,,,,,,,,,,,,,,,,,,,,,,,,,,,,,,,,,,,,,,,,,,,,,,,,,,,,,,,,,,,,,,,,,,,,,,,,,,,,,,,,,,,,,,,,,,,,,,,,,,,,,,,,,,,,,,,,,,,,,,,,,,
hub-usb-c-con-4-puertos-usb-a-netmak,Hub USB-C Netmak NM-HUB - 4 Puertos USB-A 3.0,"<h3>Hub USB-C Netmak NM-HUB - Multiplicador 4 Puertos USB-A 3.0</h3>

<p>Expande la conectividad de tu notebook, tablet o dispositivo con puerto USB-C. Este hub Netmak te permite conectar hasta 4 dispositivos USB-A simultáneamente, ideal para pen drives, mouse, teclado, discos externos y más.</p>

<h4>Características principales:</h4>
<ul>
<li>
<strong>4 puertos USB-A 3.0:</strong> Conecta hasta 4 dispositivos USB simultáneamente con velocidad de transferencia rápida</li>
<li>
<strong>Conexión USB-C:</strong> Compatible con notebooks, tablets y dispositivos modernos con puerto USB Type-C</li>
<li>
<strong>USB 3.0 alta velocidad:</strong> Transferencia de datos hasta 5 Gbps, ideal para discos externos y pen drives</li>
<li>
<strong>Plug &amp; Play:</strong> Sin drivers ni instalación, conectá y usá instantáneamente</li>
<li>
<strong>Diseño compacto:</strong> Portátil y liviano, perfecto para llevar en tu mochila o bolso</li>
<li>
<strong>Marca Netmak:</strong> Calidad en accesorios de conectividad</li>
<li>
<strong>Compatible universal:</strong> Funciona con Windows, macOS, Linux, Android y más</li>
</ul>

<h4>Aplicaciones:</h4>
<p>Ideal para notebooks con pocos puertos USB, estaciones de trabajo, oficinas, home office, estudiantes, profesionales que usan múltiples periféricos USB (mouse, teclado, pen drive, disco externo, impresora, cámara, etc.).</p>

<h4>Compatibilidad:</h4>
<p>MacBook Pro/Air, Dell XPS, HP, Lenovo, Samsung Galaxy Tab, iPad Pro, Chromebook y cualquier dispositivo con puerto USB-C.</p>

<p><strong>Modelo:</strong> NM-HUB | <strong>Marca:</strong> Netmak | <strong>SKU:</strong> NM-HUB</p>",NETMAK,Electronics > Electronics Accessories > Computer Components > USB & FireWire Hubs,Accesorios Informática,"accesorios, conectividad, hub, mayorista, netmak, usb",true,Title,Default Title,,,,,,,,NM-HUB,55.0,shopify,3,deny,manual,11131.00,,true,true,,,,,700306603072,https://cdn.shopify.com/s/files/1/0796/0703/8180/files/NM-HUBC.jpg?v=1773862331,1,"",false,Hub USB-C Netmak 4 Puertos USB-A 3.0 | Multiplicador USB,"Hub USB-C Netmak NM-HUB con 4 puertos USB-A 3.0. Multiplicador USB para notebook, tablet. Plug & Play, alta velocidad 5Gbps. Compatible universal.",,,,,,,,,,,,,,,,,,,,,,,,,,,,,,,,,,,,,,,,,,,,,,,,,,,,,,,,,,,,,,,,,,,,,,,,,,,,,,,,,,,,,,,,,,,,,,,,,,,,,,,,,,,,,,,,,,,,,,,,,,,,,,,,,,,,,,,,,,,,,,,,,,,,g,,,active
hub-usb-noga-3-0-con-4-puertos,Hub USB 3.0 Noga NGH-47 - 4 Puertos USB-A de Alta Velocidad,"<h3>Hub USB 3.0 Noga NGH-47 - Multiplicador 4 Puertos USB-A</h3>

<p>Ampliá los puertos USB de tu PC, notebook o Mac con el hub Noga NGH-47. Conectá hasta 4 dispositivos USB simultáneamente con velocidad USB 3.0 para transferencias rápidas y eficientes.</p>

<h4>Características principales:</h4>
<ul>
<li>
<strong>4 puertos USB-A 3.0:</strong> Conectá hasta 4 dispositivos USB al mismo tiempo</li>
<li>
<strong>USB 3.0 SuperSpeed:</strong> Velocidad de transferencia de hasta 5 Gbps, ideal para discos externos y pen drives</li>
<li>
<strong>Conexión USB-A:</strong> Compatible con la gran mayoría de PCs, notebooks y equipos de escritorio</li>
<li>
<strong>Plug &amp; Play:</strong> Sin instalación ni drivers, conectá y usá de inmediato</li>
<li>
<strong>Diseño compacto:</strong> Liviano y portátil, ideal para escritorio y viajes</li>
<li>
<strong>Marca Noga:</strong> Calidad argentina reconocida en accesorios de conectividad</li>
<li>
<strong>Compatible universal:</strong> Windows, macOS y Linux</li>
</ul>

<h4>Aplicaciones:</h4>
<p>Perfecto para conectar simultáneamente mouse, teclado, pen drives, discos externos, impresoras, cámaras y cualquier periférico USB. Ideal para home office, oficinas y estudiantes.</p>

<p><strong>Modelo:</strong> NGH-47 | <strong>Marca:</strong> Noga | <strong>SKU:</strong> NGH-47 | <strong>Código de barras:</strong> 7798137721877</p>",NOGA,Electronics > Electronics Accessories > Computer Components > USB & FireWire Hubs,Accesorios Informática,"accesorios, conectividad, hub, mayorista, noga, usb",true,Title,Default Title,,,,,,,,NGH-47,85.0,shopify,1,deny,manual,6440.00,,true,true,,,,,7798137721877,https://cdn.shopify.com/s/files/1/0796/0703/8180/files/ngh-47-new2025.webp?v=1773863073,1,"",false,Hub USB 3.0 Noga NGH-47 4 Puertos | Multiplicador USB,"Hub USB 3.0 Noga NGH-47 con 4 puertos USB-A. Velocidad 5Gbps, plug & play, compatible Windows/Mac/Linux. Ideal para home office y estudiantes.",,,,,,,,,,,,,,,,,,,,,,,,,,,,,,,,,,,,,,,,,,,,,,,,,,,,,,,,,,,,,,,,,,,,,,,,,,,,,,,,,,,,,,,,,,,,,,,,,,,,,,,,,,,,,,,,,,,,,,,,,,,,,,,,,,,,,,,,,,,,,,,,,,,,g,,,active
gabinete-gamer-rgb-noga-con-fuente-de-600w-coolers-rgb,Gabinete Gamer RGB Noga 8608 con Fuente 600W y Coolers RGB,"<h3>Gabinete Gamer RGB Noga 8608 - Fuente 600W + Coolers RGB Incluidos</h3>

<p>Armá tu PC gamer con estilo con el gabinete Noga 8608. Todo lo que necesitás en un solo paquete: gabinete con panel lateral de vidrio templado, fuente de alimentación de 600W y coolers RGB preinstalados para una iluminación espectacular desde el primer momento.</p>

<h4>Características principales:</h4>
<ul>
<li>
<strong>Fuente de alimentación 600W incluida:</strong> Potencia suficiente para armar una PC gamer de gama media-alta</li>
<li>
<strong>Coolers RGB preinstalados:</strong> Ventiladores con iluminación RGB para un look gamer impactante</li>
<li>
<strong>Iluminación RGB:</strong> Efectos de luz personalizables que dan vida a tu build</li>
<li>
<strong>Panel lateral transparente:</strong> Vidrio o acrílico para mostrar los componentes internos con orgullo</li>
<li>
<strong>Diseño gamer agresivo:</strong> Estética moderna y llamativa, ideal para setups gaming</li>
<li>
<strong>Buena ventilación:</strong> Flujo de aire optimizado para mantener los componentes frescos</li>
<li>
<strong>Marca Noga:</strong> Calidad argentina en hardware y accesorios para PC</li>
<li>
<strong>Compatibilidad amplia:</strong> Soporta placas madre ATX, Micro-ATX y Mini-ITX</li>
</ul>

<h4>¿Por qué elegir este gabinete?</h4>
<p>La combinación de gabinete + fuente 600W + coolers RGB en un solo producto representa un ahorro significativo frente a comprar cada componente por separado. Ideal para quienes están armando su primera PC gamer o actualizando su setup con un presupuesto optimizado.</p>

<h4>Compatibilidad de componentes:</h4>
<p>Diseñado para alojar placas madre ATX/Micro-ATX, tarjetas de video de largo estándar, torres de CPU de altura estándar y múltiples unidades de almacenamiento (HDD/SSD).</p>

<p><strong>Modelo:</strong> 8608 | <strong>Marca:</strong> Noga | <strong>SKU:</strong> 8608</p>",NOGA,Electronics > Electronics Accessories > Computer Components > Desktop Computer & Server Cases,Hardware PC,"gabinete, gaming, mayorista, noga, pc-gamer, rgb",true,Title,Default Title,,,,,,,,8608,9000.0,shopify,2,deny,manual,114800.00,,true,true,,,,,,https://cdn.shopify.com/s/files/1/0796/0703/8180/files/8608_8-9.webp?v=1773863944,1,"",false,Gabinete Gamer RGB Noga 8608 con Fuente 600W | Coolers RGB,"Gabinete gamer RGB Noga 8608 con fuente 600W y coolers RGB incluidos. Panel lateral, iluminación RGB, compatible ATX. Todo para armar tu PC gamer.",,,,,,,,,,,,,,,,,,,,,,,,,,,,,,,,,,,,,,,,,,,negro; geometrico,,,,,,,,,,,,,,,,,,,,,,,,,,,,,,,,,,,,,,,,,,cerradura-con-llave; sin-cerradura,,,,,,,,,,,,,,,,,,,,,,,,,,,,,,,,,,,,,,,,,,,,,,,,,,,,,,,,,,,,,,,g,,,active
gabinete-gamer-rgb-noga-con-fuente-de-600w-coolers-rgb,,,,,,,,,,,,,,,,,,,,,,,,,,,,,,,,https://cdn.shopify.com/s/files/1/0796/0703/8180/files/8608_7-b763539.webp?v=1773863944,2,"",,,,,,,,,,,,,,,,,,,,,,,,,,,,,,,,,,,,,,,,,,,,,,,,,,,,,,,,,,,,,,,,,,,,,,,,,,,,,,,,,,,,,,,,,,,,,,,,,,,,,,,,,,,,,,,,,,,,,,,,,,,,,,,,,,,,,,,,,,,,,,,,,,,,,,,,,,
gabinete-gamer-rgb-noga-con-fuente-de-600w-coolers-rgb,,,,,,,,,,,,,,,,,,,,,,,,,,,,,,,,https://cdn.shopify.com/s/files/1/0796/0703/8180/files/8608_6-4778e69d.webp?v=1773863944,3,"",,,,,,,,,,,,,,,,,,,,,,,,,,,,,,,,,,,,,,,,,,,,,,,,,,,,,,,,,,,,,,,,,,,,,,,,,,,,,,,,,,,,,,,,,,,,,,,,,,,,,,,,,,,,,,,,,,,,,,,,,,,,,,,,,,,,,,,,,,,,,,,,,,,,,,,,,,
gabinete-gamer-rgb-noga-con-fuente-de-600w-coolers-rgb,,,,,,,,,,,,,,,,,,,,,,,,,,,,,,,,https://cdn.shopify.com/s/files/1/0796/0703/8180/files/8608_5-08c.webp?v=1773863944,4,"",,,,,,,,,,,,,,,,,,,,,,,,,,,,,,,,,,,,,,,,,,,,,,,,,,,,,,,,,,,,,,,,,,,,,,,,,,,,,,,,,,,,,,,,,,,,,,,,,,,,,,,,,,,,,,,,,,,,,,,,,,,,,,,,,,,,,,,,,,,,,,,,,,,,,,,,,,
gabinete-gamer-rgb-noga-con-fuente-de-600w-coolers-rgb,,,,,,,,,,,,,,,,,,,,,,,,,,,,,,,,https://cdn.shopify.com/s/files/1/0796/0703/8180/files/8608_4-667640.webp?v=1773863944,5,"",,,,,,,,,,,,,,,,,,,,,,,,,,,,,,,,,,,,,,,,,,,,,,,,,,,,,,,,,,,,,,,,,,,,,,,,,,,,,,,,,,,,,,,,,,,,,,,,,,,,,,,,,,,,,,,,,,,,,,,,,,,,,,,,,,,,,,,,,,,,,,,,,,,,,,,,,,
gabinete-gamer-rgb-noga-con-fuente-de-600w-coolers-rgb,,,,,,,,,,,,,,,,,,,,,,,,,,,,,,,,https://cdn.shopify.com/s/files/1/0796/0703/8180/files/8608_2.webp?v=1773863944,6,"",,,,,,,,,,,,,,,,,,,,,,,,,,,,,,,,,,,,,,,,,,,,,,,,,,,,,,,,,,,,,,,,,,,,,,,,,,,,,,,,,,,,,,,,,,,,,,,,,,,,,,,,,,,,,,,,,,,,,,,,,,,,,,,,,,,,,,,,,,,,,,,,,,,,,,,,,,
gabinete-gamer-rgb-noga-con-fuente-de-600w-coolers-rgb,,,,,,,,,,,,,,,,,,,,,,,,,,,,,,,,https://cdn.shopify.com/s/files/1/0796/0703/8180/files/8608_3-38cca8c53a.webp?v=1773863944,7,"",,,,,,,,,,,,,,,,,,,,,,,,,,,,,,,,,,,,,,,,,,,,,,,,,,,,,,,,,,,,,,,,,,,,,,,,,,,,,,,,,,,,,,,,,,,,,,,,,,,,,,,,,,,,,,,,,,,,,,,,,,,,,,,,,,,,,,,,,,,,,,,,,,,,,,,,,,
gabinete-gamer-rgb-noga-con-fuente-de-600w-coolers-rgb,,,,,,,,,,,,,,,,,,,,,,,,,,,,,,,,https://cdn.shopify.com/s/files/1/0796/0703/8180/files/8608_1-490b19695b502c.webp?v=1773863944,8,"",,,,,,,,,,,,,,,,,,,,,,,,,,,,,,,,,,,,,,,,,,,,,,,,,,,,,,,,,,,,,,,,,,,,,,,,,,,,,,,,,,,,,,,,,,,,,,,,,,,,,,,,,,,,,,,,,,,,,,,,,,,,,,,,,,,,,,,,,,,,,,,,,,,,,,,,,,
fundas-de-silicona-para-joystick-xbox,Fundas de Silicona para Joystick - Compatible Xbox / PS4 / PS5,"<h3>Fundas de Silicona para Joystick - Protección y Grip para Xbox, PS4 y PS5</h3>

<p>Protecté y personalizá tu control favorito con estas fundas de silicona de alta calidad. Diseñadas para ajustarse perfectamente a los controles de Xbox, PS4 y PS5, ofrecen mejor agarre, protección contra golpes y un look renovado.</p>

<h4>Características principales:</h4>
<ul>
<li>
<strong>Material silicona premium:</strong> Suave al tacto, flexible y resistente, no resbala ni se deforma</li>
<li>
<strong>Mejor agarre (grip):</strong> Textura antideslizante para mayor control en partidas intensas</li>
<li>
<strong>Protección completa:</strong> Cubre el control contra golpes, rañaduras, polvo y sudor</li>
<li>
<strong>Diseño a medida:</strong> Cortes precisos para acceder a todos los botones, puertos y gatillos sin quitar la funda</li>
<li>
<strong>Fácil instalación:</strong> Se coloca y retira en segundos sin herramientas</li>
<li>
<strong>Fácil limpieza:</strong> Lavable con agua y jabón, mantiene tu control siempre limpio</li>
</ul>

<h4>Compatibilidad disponible:</h4>
<ul>
<li>Xbox (One / Series S / Series X)</li>
<li>PlayStation 4 (PS4 / DualShock 4)</li>
<li>PlayStation 5 (PS5 / DualSense)</li>
</ul>

<h4>Ideal para:</h4>
<p>Gamers que quieren proteger su inversión, mejorar el agarre durante sesiones largas, personalizar el look de su control o simplemente mantenerlo limpio e higienizado. Excelente regalo para gamers.</p>",SIN MARCA,Electronics > Video Game Console Accessories > Home Game Console Accessories,Accesorios Gaming,"accesorios, funda, gaming, joystick, mayorista, silicona",true,Consola ,PS4 ROSA,,,,,,,,,40.0,shopify,2,deny,manual,2145.00,,true,true,,,,,"",https://cdn.shopify.com/s/files/1/0796/0703/8180/files/WhatsAppImage2026-03-18at17.09.10.jpg?v=1773865139,1,"",false,Fundas Silicona Joystick Xbox PS4 PS5 | Protección y Grip,"Fundas de silicona para joystick Xbox, PS4 y PS5. Protección antideslizante, grip mejorado, diseño a medida. Fácil instalación y limpieza.",,,,,,,,,,,,,,,,,,,,,,,,,,,,,,,,,,,,,,,,,,,verde; gris; negro; camuflaje; purpura,,,,,,,,,,,,,,,,,,,,,,,,,,,,,,,,,,,,,,,,,,,,,,,,,,,,,,,,,,,,,,,,,,,,,,,,,,,,,,,,,,,,,,,,,,,,,,,,,,,,,,,,https://cdn.shopify.com/s/files/1/0796/0703/8180/files/WhatsAppImage2026-03-18at17.09.12_2.jpg?v=1773865140,g,,,active
fundas-de-silicona-para-joystick-xbox,,,,,,,,,PS5 VERDE/BLANCO/NEGRO,,,,,,,,,40.0,shopify,1,deny,manual,3145.00,,true,true,,,,,"",https://cdn.shopify.com/s/files/1/0796/0703/8180/files/WhatsAppImage2026-03-18at17.09.11.jpg?v=1773865140,2,"",,,,,,,,,,,,,,,,,,,,,,,,,,,,,,,,,,,,,,,,,,,,,,,,,,,,,,,,,,,,,,,,,,,,,,,,,,,,,,,,,,,,,,,,,,,,,,,,,,,,,,,,,,,,,,,,,,,,,,,,,,,,,,,,,,,,,,,,,,,,,,,,,,,,,,https://cdn.shopify.com/s/files/1/0796/0703/8180/files/WhatsAppImage2026-03-18at17.09.11_1.jpg?v=1773865140,g,,,
fundas-de-silicona-para-joystick-xbox,,,,,,,,,PS5 VERDE,,,,,,,,,40.0,shopify,2,deny,manual,3145.00,,true,true,,,,,"",https://cdn.shopify.com/s/files/1/0796/0703/8180/files/WhatsAppImage2026-03-18at17.09.11_1.jpg?v=1773865140,3,"",,,,,,,,,,,,,,,,,,,,,,,,,,,,,,,,,,,,,,,,,,,,,,,,,,,,,,,,,,,,,,,,,,,,,,,,,,,,,,,,,,,,,,,,,,,,,,,,,,,,,,,,,,,,,,,,,,,,,,,,,,,,,,,,,,,,,,,,,,,,,,,,,,,,,,https://cdn.shopify.com/s/files/1/0796/0703/8180/files/WhatsAppImage2026-03-18at17.09.13.jpg?v=1773865139,g,,,
fundas-de-silicona-para-joystick-xbox,,,,,,,,,PS5 VERDE/ROSA/NEGRO,,,,,,,,,40.0,shopify,3,deny,manual,3145.00,,true,true,,,,,"",https://cdn.shopify.com/s/files/1/0796/0703/8180/files/WhatsAppImage2026-03-18at17.09.12.jpg?v=1773865139,4,"",,,,,,,,,,,,,,,,,,,,,,,,,,,,,,,,,,,,,,,,,,,,,,,,,,,,,,,,,,,,,,,,,,,,,,,,,,,,,,,,,,,,,,,,,,,,,,,,,,,,,,,,,,,,,,,,,,,,,,,,,,,,,,,,,,,,,,,,,,,,,,,,,,,,,,https://cdn.shopify.com/s/files/1/0796/0703/8180/files/WhatsAppImage2026-03-18at17.09.12_1.jpg?v=1773865139,g,,,
fundas-de-silicona-para-joystick-xbox,,,,,,,,,PS5 ROJA/BLANCO/NEGRO,,,,,,,,,40.0,shopify,2,deny,manual,3145.00,,true,true,,,,,"",https://cdn.shopify.com/s/files/1/0796/0703/8180/files/WhatsAppImage2026-03-18at17.09.12_1.jpg?v=1773865139,5,"",,,,,,,,,,,,,,,,,,,,,,,,,,,,,,,,,,,,,,,,,,,,,,,,,,,,,,,,,,,,,,,,,,,,,,,,,,,,,,,,,,,,,,,,,,,,,,,,,,,,,,,,,,,,,,,,,,,,,,,,,,,,,,,,,,,,,,,,,,,,,,,,,,,,,,https://cdn.shopify.com/s/files/1/0796/0703/8180/files/WhatsAppImage2026-03-18at17.09.12.jpg?v=1773865139,g,,,
fundas-de-silicona-para-joystick-xbox,,,,,,,,,XBOX 360 VERDE/GRIS,,,,,,,,,40.0,shopify,1,deny,manual,2145.00,,true,true,,,,,"",https://cdn.shopify.com/s/files/1/0796/0703/8180/files/WhatsAppImage2026-03-18at17.09.12_2.jpg?v=1773865140,6,"",,,,,,,,,,,,,,,,,,,,,,,,,,,,,,,,,,,,,,,,,,,,,,,,,,,,,,,,,,,,,,,,,,,,,,,,,,,,,,,,,,,,,,,,,,,,,,,,,,,,,,,,,,,,,,,,,,,,,,,,,,,,,,,,,,,,,,,,,,,,,,,,,,,,,,https://cdn.shopify.com/s/files/1/0796/0703/8180/files/WhatsAppImage2026-03-18at17.09.10.jpg?v=1773865139,g,,,
fundas-de-silicona-para-joystick-xbox,,,,,,,,,XBOX 360 BLANCO/GRIS,,,,,,,,,40.0,shopify,1,deny,manual,2145.00,,true,true,,,,,"",https://cdn.shopify.com/s/files/1/0796/0703/8180/files/WhatsAppImage2026-03-18at17.09.13.jpg?v=1773865139,7,"",,,,,,,,,,,,,,,,,,,,,,,,,,,,,,,,,,,,,,,,,,,,,,,,,,,,,,,,,,,,,,,,,,,,,,,,,,,,,,,,,,,,,,,,,,,,,,,,,,,,,,,,,,,,,,,,,,,,,,,,,,,,,,,,,,,,,,,,,,,,,,,,,,,,,,https://cdn.shopify.com/s/files/1/0796/0703/8180/files/WhatsAppImage2026-03-18at17.09.11.jpg?v=1773865140,g,,,
fuente-seisa-para-consola-ps2,Fuente de Alimentación Seisa F9001 para PS2 - Adaptador de Corriente PlayStation 2,"<h3>Fuente de Alimentación Seisa F9001 para PS2 - Adaptador Oficial Compatible PlayStation 2</h3>

<p>Reemplazá la fuente original de tu PlayStation 2 con este adaptador de corriente Seisa, diseñado específicamente para consolas PS2. Solución confiable para dar nueva vida a tu consola cuando la fuente original falló o se perdió.</p>

<h4>Características principales:</h4>
<ul>
<li>
<strong>Compatible con PlayStation 2:</strong> Diseñada específicamente para todas las versiones de PS2 (Fat y Slim según modelo)</li>
<li>
<strong>Marca Seisa:</strong> Fabricante reconocido en accesorios para consolas con trayectoria en el mercado argentino</li>
<li>
<strong>Voltaje y amperaje correcto:</strong> Especificaciones eléctricas adaptadas para el correcto funcionamiento de la consola</li>
<li>
<strong>Conector original:</strong> Enchufe compatible con el puerto de alimentación de la PS2</li>
<li>
<strong>Protección eléctrica:</strong> Diseño seguro para proteger tu consola de sobrecargas</li>
<li>
<strong>Plug argentino:</strong> Enchufe adaptado a la red eléctrica argentina (220V)</li>
</ul>

<h4>Ideal para:</h4>
<p>Reemplazar fuentes originales dañadas o perdidas, recuperar consolas PS2 sin fuente, coleccionistas de retrogaming y gamers que quieren volver a disfrutar los clásicos de PlayStation 2.</p>

<p><strong>Modelo:</strong> F9001 | <strong>Marca:</strong> Seisa | <strong>SKU:</strong> F9001 | <strong>Peso:</strong> 265g</p>",SEISA,Electronics > Video Game Console Accessories > Home Game Console Accessories,Accesorios Consolas,"accesorios, fuente, mayorista, playstation, ps2, seisa",true,Title,Default Title,,,,,,,,F9001,265.0,shopify,0,deny,manual,7975.00,,true,true,,,,,6290132550588,https://cdn.shopify.com/s/files/1/0796/0703/8180/files/fb21124f687e7fa32b2e6e668ee80216.webp?v=1773865846,1,"",false,Fuente Seisa F9001 para PS2 | Adaptador Corriente PlayStation 2,"Fuente de alimentación Seisa F9001 para PlayStation 2. Adaptador compatible PS2 Fat y Slim, 220V, marca Seisa. Reemplazo confiable para tu consola.",,,,,,,,,,,,,,,,,,,,,,,,,,,,,,,,,,,,,,,,,,,,,,,,,,,,,,,,,,,,,,,,,,,,,,,,,,,,,,,,,,,,,,,,,,,,,,,,,,,,,,,,,,,,,,,,,,,,,,,,,,,,,,,,,,,,,,,,,,,,,,,,,,,,g,,,active
fuente-de-pc-atx-550-marca-noga,Fuente de PC Noga ATX 550W - Alimentación Estable para Desktop,"<h2>Potencia confiable para tu PC de escritorio</h2><p>La fuente de alimentación Noga ATX 550W es la solución ideal para mantener tu computadora funcionando de manera estable y eficiente. Diseñada para equipos de escritorio que demandan energía constante, esta fuente garantiza un suministro limpio y regulado para todos tus componentes.</p><h3>Características principales</h3><ul>
<li>
<strong>Potencia:</strong> 550W para alimentar procesadores, placas de video y periféricos sin inconvenientes</li>
<li>
<strong>Factor de forma:</strong> ATX estándar, compatible con la mayoría de los gabinetes de escritorio</li>
<li>
<strong>Marca:</strong> Noga – reconocida en el mercado argentino por su relación calidad-precio</li>
<li>
<strong>Conectores múltiples:</strong> Incluye conectores para placa madre, CPU, discos y periféricos</li>
<li>
<strong>Ventilador integrado:</strong> Refrigeración activa para mayor vida útil y operación silenciosa</li>
</ul><h3>¿Para quién es ideal?</h3><p>Perfecta para armar o actualizar una PC de escritorio de uso hogareño u oficina. Si tu fuente actual falla o necesitás más potencia para agregar componentes, la ATX 550W de Noga es una opción accesible y confiable.</p><h3>Especificaciones técnicas</h3><ul>
<li>Potencia total: 550W</li>
<li>Factor de forma: ATX</li>
<li>Marca: Noga</li>
<li>Voltajes de salida: +3.3V, +5V, +12V, -12V, +5VSB</li>
</ul>",NOGA,Electronics > Electronics Accessories > Computer Components > Computer Power Supplies,Fuentes de Alimentación,"550w, atx, componentes-pc, fuente-pc, noga",true,Title,Default Title,,,,,,,,ATX 550 P4,530.0,shopify,5,deny,manual,19880.00,,true,true,,,,,,https://cdn.shopify.com/s/files/1/0796/0703/8180/files/1073-producto-fuente-8939.jpg?v=1773943079,1,"",false,Fuente PC Noga ATX 550W | Alimentación Estable para Desktop,"Fuente de alimentación Noga ATX 550W para PC de escritorio. Potencia estable, múltiples conectores y ventilador integrado. Ideal para armar o actualizar tu PC.",,,,,,,,,,,,,,,,,,,,,,,,,,,,,,,,,,,,,,,,,,,plateado; camuflaje; gris,,,,,,,,,,,,,,,,,,,,,,,,,,,,,,,,,,,,,,,,,,,,metal,,,,,,,,,,,,,,,,,,,,,,,,,,,,,,,,,,,,,,,,,,,,,,,,,,,,,,,,,,,,,g,,,active
fuente-de-pc-atx-550-marca-noga,,,,,,,,,,,,,,,,,,,,,,,,,,,,,,,,https://cdn.shopify.com/s/files/1/0796/0703/8180/files/d_nq_np_2x_759643.webp?v=1773943079,2,"",,,,,,,,,,,,,,,,,,,,,,,,,,,,,,,,,,,,,,,,,,,,,,,,,,,,,,,,,,,,,,,,,,,,,,,,,,,,,,,,,,,,,,,,,,,,,,,,,,,,,,,,,,,,,,,,,,,,,,,,,,,,,,,,,,,,,,,,,,,,,,,,,,,,,,,,,,
ficha-rj-45-categoria-6-x50-unidades,Fichas RJ-45 Categoría 6 x50 Unidades - Conector de Red para Cableado Estructurado,"<h2>Conectividad de red profesional en pack conveniente</h2><p>Las fichas RJ-45 Categoría 6 son el conector estándar para instalaciones de red de alta velocidad. Este pack de 50 unidades es ideal para técnicos, instaladores y empresas que realizan cableado estructurado o mantenimiento de redes.</p><h3>Características principales</h3><ul>
<li>
<strong>Categoría 6 (Cat6):</strong> Soporta velocidades de hasta 1 Gbps y frecuencias de hasta 250 MHz</li>
<li>
<strong>Pack x50 unidades:</strong> Cantidad ideal para instalaciones medianas o stock de repuesto</li>
<li>
<strong>Compatibilidad universal:</strong> Para cables UTP Cat6 estándar de 8 hilos</li>
<li>
<strong>Construcción robusta:</strong> Contactos de cobre para conexión confiable y duradera</li>
<li>
<strong>Fácil crimpado:</strong> Diseño estándar compatible con todas las herramientas de crimpado RJ-45</li>
</ul><h3>¿Para quién es ideal?</h3><p>Perfectas para técnicos en redes, instaladores de cableado estructurado, empresas de IT y cualquier profesional que necesite armar o reparar cables de red Cat6 con frecuencia. El pack de 50 unidades asegura tener siempre stock disponible para cualquier trabajo.</p><h3>Especificaciones técnicas</h3><ul>
<li>Tipo: RJ-45 (8P8C)</li>
<li>Categoría: Cat6</li>
<li>Cantidad: 50 unidades por pack</li>
<li>Compatibilidad: Cable UTP Cat6</li>
<li>Velocidad soportada: hasta 1 Gbps</li>
</ul>",NOGA,Electronics > Components > Electronics Component Connectors,Redes y Conectividad,"cableado, cat6, conectores, redes, rj45",true,Title,Default Title,,,,,,,,RJ-45 (CAT6),5.0,shopify,12,deny,manual,12600.00,,true,true,,,,,,https://cdn.shopify.com/s/files/1/0796/0703/8180/files/1_3.jpg?v=1773943663,1,"",false,Fichas RJ-45 Cat6 x50 Unidades | Conectores de Red para Cableado,Pack de 50 fichas RJ-45 Categoría 6 para cableado estructurado. Soportan hasta 1 Gbps. Ideales para técnicos e instaladores de redes.,,,,,,,,,,,,,,,,,,,,,,,,,,,,,,,,,,,,,,,,,,,clara,,,,,,,,,,,,femenino,,ethernet,,,,,,,,,,,,,,,,,,,,,,,,,,,,,,,,,,,,,,,,,,,,,,,,,,,,,,,,,,,,,,,,,,,,,,,,,,,,,,,,,,,,,,,,,,,g,,,active
adaptador-splitter-usb-c-auricular-microfono-3-5mm,Adaptador Splitter USB-C a Auricular + Micrófono 3.5mm,"<h2>Conectá auriculares y micrófono desde un solo puerto USB-C</h2><p>El <strong>Adaptador Splitter USB-C a 3.5mm</strong> te permite conectar simultáneamente un auricular y un micrófono desde un único puerto USB-C. Ideal para celulares y notebooks sin entrada de audio.</p><ul>
<li>Entrada <strong>USB-C macho</strong> – compatible con smartphones, tablets y notebooks</li>
<li>
<strong>Salida 3.5mm para auriculares</strong> – audio estéreo de alta calidad</li>
<li>
<strong>Salida 3.5mm para micrófono</strong> – captura de voz clara</li>
<li>Plug &amp; Play – sin instalación de drivers</li>
<li>Diseño compacto y liviano – ideal para llevar en el bolso</li>
<li>Compatible con Android, Windows y macOS</li>
</ul><p>Perfecto para videollamadas, gaming y streaming en dispositivos modernos sin jack 3.5mm.</p>",Genérico,Electronics > Electronics Accessories > Audio & Video Splitters & Switches,Adaptadores / Audio,"3.5mm, adaptador, audio, auriculares, mayorista, splitter, usb-c",true,Title,Default Title,,,,,,,,U-3,10.0,shopify,15,deny,manual,6293.00,,true,true,,,,,6956369620783,https://cdn.shopify.com/s/files/1/0796/0703/8180/files/WhatsAppImage2026-03-24at15.13.29_1.jpg?v=1774376139,1,"",false,Adaptador Splitter USB-C a Auricular y Micrófono 3.5mm | Plug & Play,"Adaptador splitter USB-C macho a salida 3.5mm para auriculares y salida 3.5mm para micrófono. Plug & Play, compatible con Android, Windows y macOS.",,,,,,,,,,,,,,,,,,,,,,,,,,,,,,,,,,,,,,,,,,,negro; gris; colour,,,,,,,,,,,,de-macho-a-macho,,,,,,,,,,,,,,,,,,,,,,,,,,,,,,,,plastico; metal,,,,,,,,,,,,,,,,,,,,,manual,,,,,,,,,,,,,,,,,,,,,,,,,,,,,,,,,,,,,,,,g,,,active
adaptador-splitter-usb-c-auricular-microfono-3-5mm,,,,,,,,,,,,,,,,,,,,,,,,,,,,,,,,https://cdn.shopify.com/s/files/1/0796/0703/8180/files/WhatsAppImage2026-03-24at15.13.29.jpg?v=1774376139,2,"",,,,,,,,,,,,,,,,,,,,,,,,,,,,,,,,,,,,,,,,,,,,,,,,,,,,,,,,,,,,,,,,,,,,,,,,,,,,,,,,,,,,,,,,,,,,,,,,,,,,,,,,,,,,,,,,,,,,,,,,,,,,,,,,,,,,,,,,,,,,,,,,,,,,,,,,,,
adaptador-splitter-usb-c-auricular-microfono-3-5mm,,,,,,,,,,,,,,,,,,,,,,,,,,,,,,,,https://cdn.shopify.com/s/files/1/0796/0703/8180/files/WhatsAppImage2026-03-24at15.13.29_2.jpg?v=1774376139,3,"",,,,,,,,,,,,,,,,,,,,,,,,,,,,,,,,,,,,,,,,,,,,,,,,,,,,,,,,,,,,,,,,,,,,,,,,,,,,,,,,,,,,,,,,,,,,,,,,,,,,,,,,,,,,,,,,,,,,,,,,,,,,,,,,,,,,,,,,,,,,,,,,,,,,,,,,,,
ficha-adaptador-splitter-divisor-audio-3-5m-a-2-3-5h,Adaptador Splitter 3.5mm - Audio y Micrófono en 1 Conector,"<h2>Usá tu auricular con doble plug en cualquier dispositivo</h2><p>Este adaptador splitter 3.5mm te permite conectar un auricular que tiene dos plugs separados (uno de audio y uno de micrófono) a un único puerto combo de 3.5mm. Ideal para usar tus auriculares con micrófono en notebooks, PCs o cualquier dispositivo con entrada de audio combinada.</p><h3>Características principales</h3><ul>
<li>
<strong>Conexión:</strong> 1 plug macho 3.5mm (TRRS combo) a 2 jacks hembra 3.5mm (audio + micrófono)</li>
<li>
<strong>Función:</strong> Convierte una entrada combo en dos salidas separadas: una para auricular y otra para micrófono</li>
<li>
<strong>Compatibilidad:</strong> Ideal para notebooks, PCs de escritorio y placas de sonido con puerto combo 3.5mm</li>
<li>
<strong>Diseño compacto:</strong> Liviano y fácil de transportar</li>
<li>
<strong>Plug &amp; Play:</strong> Sin instalación, listo para usar al instante</li>
</ul><h3>¿Para quién es ideal?</h3><p>Perfecto para gamers, estudiantes y profesionales que tienen auriculares con dos plugs separados (audio y mic) y necesitan conectarlos a una notebook o PC que solo tiene un único puerto de audio combinado. Solución simple y económica para no quedarte sin micrófono.</p><h3>Especificaciones técnicas</h3><ul>
<li>Tipo: Splitter audio + micrófono</li>
<li>Entrada: 1x plug 3.5mm macho (TRRS - combo)</li>
<li>Salidas: 1x jack 3.5mm hembra (audio) + 1x jack 3.5mm hembra (micrófono)</li>
<li>Compatibilidad: Universal 3.5mm combo</li>
</ul>",SIN MARCA,Electronics > Electronics Accessories > Audio & Video Splitters & Switches,Accesorios de Audio,"3.5mm, adaptador, audio, auriculares, splitter",true,Title,Default Title,,,,,,,,U-2,5.0,shopify,14,deny,manual,6293.00,,true,true,,,,,,https://cdn.shopify.com/s/files/1/0796/0703/8180/files/WhatsApp_Image_2026-03-19_at_15.47.33.jpg?v=1773946320,1,"",false,Adaptador Splitter 3.5mm Audio y Micrófono | Plug Doble a 1 Conector,Adaptador splitter 3.5mm para conectar auriculares con doble plug (audio + mic) a un puerto combo. Compatible con notebooks y PCs. Plug & Play.,,,,,,,,,,,,,,,,,,,,,,,,,,,,,,,,,,,,,,,,,,,,,,,,,,,,,,,,,,,,,,,,,,,,,,,,,,,,,,,,,,,,,,,,,,,,,,,,,,,,,,,,,,,,,,,,,,,,,,,,,,,,,,,,,,,,,,,,,,,,,,,,,,,,g,,,active
ficha-adaptador-splitter-divisor-audio-3-5m-a-2-3-5h,,,,,,,,,,,,,,,,,,,,,,,,,,,,,,,,https://cdn.shopify.com/s/files/1/0796/0703/8180/files/WhatsAppImage2026-03-19at15.34.30.jpg?v=1773946320,2,"",,,,,,,,,,,,,,,,,,,,,,,,,,,,,,,,,,,,,,,,,,,,,,,,,,,,,,,,,,,,,,,,,,,,,,,,,,,,,,,,,,,,,,,,,,,,,,,,,,,,,,,,,,,,,,,,,,,,,,,,,,,,,,,,,,,,,,,,,,,,,,,,,,,,,,,,,,
estabilizador-forza-volt-reg-900va-450w,Estabilizador de Tensión Forza FVR-902A 900VA/450W - Protección para PC y Electrodomésticos,"<h2>Protégé tus equipos de las variaciones de tensión</h2><p>El estabilizador Forza FVR-902A de 900VA/450W regula automáticamente la tensión eléctrica para mantener tus equipos seguros ante subidas, bajadas y fluctuaciones de la red. Ideal para el uso doméstico y de oficina en zonas con inestabilidad eléctrica.</p><h3>Características principales</h3><ul>
<li>
<strong>Potencia:</strong> 900VA / 450W — suficiente para PC de escritorio, monitor y periféricos</li>
<li>
<strong>Regulación automática:</strong> Corrige variaciones de tensión sin interrumpir el funcionamiento de los equipos</li>
<li>
<strong>Protección contra sobretensiones:</strong> Cuida tus dispositivos de picos eléctricos dañinos</li>
<li>
<strong>Marca Forza:</strong> Reconocida en Latinoamérica por su confiabilidad en protección eléctrica</li>
<li>
<strong>Múltiples tomas:</strong> Permite conectar varios dispositivos simultáneamente</li>
</ul><h3>¿Para quién es ideal?</h3><p>Indispensable para quienes viven en zonas con cortes frecuentes o tensión inestable. Protégé tu PC, monitor, impresora, TV o cualquier equipo sensible a las variaciones eléctricas. Una inversión pequeña que puede evitar daños costosos en tus dispositivos.</p><h3>Especificaciones técnicas</h3><ul>
<li>Modelo: FVR-902A</li>
<li>Marca: Forza</li>
<li>Potencia: 900VA / 450W</li>
<li>Función: Regulador / Estabilizador de tensión</li>
<li>Uso: Doméstico y oficina</li>
</ul>",FORZA,Hardware > Power & Electrical Supplies > Voltage Transformers & Regulators > Voltage Regulators,Estabilizadores y Protección Eléctrica,"estabilizador, forza, pc, proteccion-electrica, regulador-tension",true,Title,Default Title,,,,,,,,FVR-902A,1270.0,shopify,4,deny,manual,33242.20,,true,true,,,,,798302108486,https://cdn.shopify.com/s/files/1/0796/0703/8180/files/bF7IL_m.webp?v=1773948134,1,"",false,Estabilizador Forza FVR-902A 900VA/450W | Regulador de Tensión,Estabilizador de tensión Forza FVR-902A 900VA/450W. Protege PC y electrodomésticos de variaciones eléctricas. Ideal para zonas con inestabilidad en la red.,,,,,,,,,,,,,,,,,,,,,,,,,,,,,,,,,,,,,,,,,,,negro,,,,,,,,,,,,,,,,,,,,,,,,,,,,,,,,,,,,,,,,,,,,,,,,,,,,,,,,,,,,,,,,,,,,,,,,,,,,,,,,,,,,,,,,,,,,,,,,,,,,,,,,,g,,,active
estabilizador-forza-volt-reg-900va-450w,,,,,,,,,,,,,,,,,,,,,,,,,,,,,,,,https://cdn.shopify.com/s/files/1/0796/0703/8180/files/Estabilizador-Forza-FVR-902A-900va-450w.jpg?v=1773948586,2,"",,,,,,,,,,,,,,,,,,,,,,,,,,,,,,,,,,,,,,,,,,,,,,,,,,,,,,,,,,,,,,,,,,,,,,,,,,,,,,,,,,,,,,,,,,,,,,,,,,,,,,,,,,,,,,,,,,,,,,,,,,,,,,,,,,,,,,,,,,,,,,,,,,,,,,,,,,
estabilizador-forza-volt-reg-900va-450w,,,,,,,,,,,,,,,,,,,,,,,,,,,,,,,,https://cdn.shopify.com/s/files/1/0796/0703/8180/files/FVR-902A1_1.jpg?v=1773948586,3,"",,,,,,,,,,,,,,,,,,,,,,,,,,,,,,,,,,,,,,,,,,,,,,,,,,,,,,,,,,,,,,,,,,,,,,,,,,,,,,,,,,,,,,,,,,,,,,,,,,,,,,,,,,,,,,,,,,,,,,,,,,,,,,,,,,,,,,,,,,,,,,,,,,,,,,,,,,
estabilizador-forza-volt-reg-900va-450w,,,,,,,,,,,,,,,,,,,,,,,,,,,,,,,,https://cdn.shopify.com/s/files/1/0796/0703/8180/files/jA4cO_m.webp?v=1773948586,4,"",,,,,,,,,,,,,,,,,,,,,,,,,,,,,,,,,,,,,,,,,,,,,,,,,,,,,,,,,,,,,,,,,,,,,,,,,,,,,,,,,,,,,,,,,,,,,,,,,,,,,,,,,,,,,,,,,,,,,,,,,,,,,,,,,,,,,,,,,,,,,,,,,,,,,,,,,,
destornillador-con-24-puntas-imantadas,Destornillador con 24 Puntas Imantadas GJ-CT24 - Kit de Herramientas para Electrónica,"<h2>Un solo destornillador, 24 soluciones</h2><p>El kit destornillador GJ-CT24 incluye 24 puntas imantadas intercambiables que te permiten trabajar en todo tipo de tornillos: desde electrónica y computadoras hasta electrodomésticos y muebles. Todo en un único mango cómodo y compacto.</p><h3>Características principales</h3><ul>
<li>
<strong>24 puntas incluidas:</strong> Variedad completa para Phillips, plana, Torx, estrella, pentalobe y más</li>
<li>
<strong>Puntas imantadas:</strong> Sujetan el tornillo para mayor precisión y comodidad, especialmente en espacios reducidos</li>
<li>
<strong>Mango ergonómico:</strong> Diseño antideslizante para mayor control y comodidad en uso prolongado</li>
<li>
<strong>Intercambio rápido:</strong> Sistema de cambio de puntas simple y rápido</li>
<li>
<strong>Compacto y portátil:</strong> Ideal para llevar en la mochila o guardar en el cajón de herramientas</li>
</ul><h3>¿Para quién es ideal?</h3><p>Perfecto para técnicos en electrónica, reparadores de celulares y computadoras, entusiastas del DIY y cualquier persona que necesite una herramienta versátil para el hogar u oficina. Con 24 puntas siempre tenés la adecuada a mano.</p><h3>Especificaciones técnicas</h3><ul>
<li>Modelo: GJ-CT24</li>
<li>Cantidad de puntas: 24 unidades imantadas</li>
<li>Tipos de puntas: Phillips, plana, Torx, estrella, pentalobe y más</li>
<li>Característica: Puntas magnéticas intercambiables</li>
<li>Uso: Electrónica, computadoras, electrodomésticos, hogar</li>
</ul>",SIN MARCA,Hardware > Tools > Screwdrivers,Herramientas y Accesorios,"destornillador, electronica, herramientas, kit-herramientas, puntas-imantadas",true,Title,Default Title,,,,,,,,GJ-CT24,165.0,shopify,9,deny,manual,10222.50,,true,true,,,,,6290132590850,https://cdn.shopify.com/s/files/1/0796/0703/8180/files/Juego-de-Desto.webp?v=1773948826,1,"",false,Destornillador 24 Puntas Imantadas GJ-CT24 | Kit para Electrónica,"Kit destornillador GJ-CT24 con 24 puntas imantadas intercambiables. Phillips, Torx, plana y más. Ideal para electrónica, celulares y computadoras.",,,,,,,,,,,,,,,,,,,,,,,,,,,,,,,,,,,,,,,,,,,,,,,,,,,,,,,,,,,,,,,,,,,,,,,,,,,,,,,,,,,,,,,,,,,,,,,,,,,,,,,,,,,,,,,,,,,,,,,,,,,,,,,,,,,,,,,,,,,,,,,,,,,,g,,,active
destornillador-con-24-puntas-imantadas,,,,,,,,,,,,,,,,,,,,,,,,,,,,,,,,https://cdn.shopify.com/s/files/1/0796/0703/8180/files/e5312c1bb4e179cb0a74736b494f7530.webp?v=1773948826,2,"",,,,,,,,,,,,,,,,,,,,,,,,,,,,,,,,,,,,,,,,,,,,,,,,,,,,,,,,,,,,,,,,,,,,,,,,,,,,,,,,,,,,,,,,,,,,,,,,,,,,,,,,,,,,,,,,,,,,,,,,,,,,,,,,,,,,,,,,,,,,,,,,,,,,,,,,,,
despertador-infantil-digital-con-alarma-fecha-diferente-intensidades-de-luz-color-celeste-o-rosa,"Despertador Infantil Digital SXW-380 - Alarma, Fecha y Luz Regulable | Celeste o Rosa","<h2>El despertador ideal para que los chicos aprendan a manejar su tiempo</h2><p>El despertador infantil digital SXW-380 combina funcionalidad y diseño amigable para niños. Con pantalla clara, alarma programable y luz nocturna de intensidad regulable, es el compañero perfecto para la mesita de luz de los más chicos.</p><h3>Características principales</h3><ul>
<li>
<strong>Pantalla digital:</strong> Muestra hora y fecha de forma clara y fácil de leer</li>
<li>
<strong>Alarma programable:</strong> Para que los chicos se acostumbren a sus rutinas de forma autónoma</li>
<li>
<strong>Luz nocturna regulable:</strong> Múltiples intensidades de iluminación para no molestar el sueño</li>
<li>
<strong>Colores disponibles:</strong> Celeste y Rosa — diseños pensados para niños y niñas</li>
<li>
<strong>Diseño compacto:</strong> Tamaño ideal para mesita de luz infantil</li>
</ul><h3>¿Para quién es ideal?</h3><p>Perfecto como regalo para niños en edad escolar que empiezan a manejar sus horarios. La luz regulable lo hace útil también como lámpara nocturna suave, ideal para quienes necesitan un poco de luz para dormir tranquilos.</p><h3>Especificaciones técnicas</h3><ul>
<li>Modelo: SXW-380</li>
<li>Tipo: Despertador digital infantil</li>
<li>Funciones: Hora, fecha, alarma, luz nocturna regulable</li>
<li>Colores: Celeste / Rosa</li>
</ul>",SIN MARCA,Home & Garden > Decor > Clocks > Alarm Clocks,Relojes y Despertadores,"alarma, despertador, digital, infantil, luz-nocturna",true,Color,rosa,product.metafields.shopify.color-pattern,,,,,,,,290.0,shopify,3,deny,manual,36809.00,,true,true,,,,,6290132592878,https://cdn.shopify.com/s/files/1/0796/0703/8180/files/imageUrl_1.webp?v=1773949302,1,"",false,Despertador Infantil Digital SXW-380 | Alarma y Luz Regulable,"Despertador infantil digital con alarma, fecha y luz nocturna regulable. Disponible en celeste y rosa. Ideal para niños en edad escolar.",,,,,,,,,,,,,,,,,,,,,,,,,,,,,,,,,,,,,,,,,,,rosa; celeste,,,,,,,,,,,,,,,,,,,,,,,,,,,,,,,,,,,,,,,,,,,,plastico,,,,,,,,,,,,,,,,,,,,,funciona-con-baterias,,,,,,,,,,,,,,,,,,,,,,,,,,,,,,,,,,,,,,,https://cdn.shopify.com/s/files/1/0796/0703/8180/files/imageUrl_1.webp?v=1773949302,g,,,active
despertador-infantil-digital-con-alarma-fecha-diferente-intensidades-de-luz-color-celeste-o-rosa,,,,,,,,,celeste,,,,,,,,,290.0,shopify,3,deny,manual,36809.00,,true,true,,,,,"",https://cdn.shopify.com/s/files/1/0796/0703/8180/files/imageUrla_1.webp?v=1773949302,2,"",,,,,,,,,,,,,,,,,,,,,,,,,,,,,,,,,,,,,,,,,,,,,,,,,,,,,,,,,,,,,,,,,,,,,,,,,,,,,,,,,,,,,,,,,,,,,,,,,,,,,,,,,,,,,,,,,,,,,,,,,,,,,,,,,,,,,,,,,,,,,,,,,,,,,,https://cdn.shopify.com/s/files/1/0796/0703/8180/files/imageUrla_1.webp?v=1773949302,g,,,
despertador-infantil-digital-con-alarma-fecha-diferente-intensidades-de-luz-color-celeste-o-rosa,,,,,,,,,,,,,,,,,,,,,,,,,,,,,,,,https://cdn.shopify.com/s/files/1/0796/0703/8180/files/imageUrl_2.webp?v=1773949302,3,"",,,,,,,,,,,,,,,,,,,,,,,,,,,,,,,,,,,,,,,,,,,,,,,,,,,,,,,,,,,,,,,,,,,,,,,,,,,,,,,,,,,,,,,,,,,,,,,,,,,,,,,,,,,,,,,,,,,,,,,,,,,,,,,,,,,,,,,,,,,,,,,,,,,,,,,,,,
cooler-seisa-8x8-rgb-colores,Cooler Fan Seisa HW8010 80x80mm RGB - Ventilador para PC con Iluminación,"<h2>Refrescá tu PC con estilo y colores</h2><p>El cooler Seisa HW8010 de 80x80mm combina refrigeración eficiente con iluminación RGB multicolor. Ideal para reemplazar o agregar ventilación en gabinetes de PC, fuentes de alimentación o disipadores que usen el formato 80mm.</p><h3>Características principales</h3><ul>
<li>
<strong>Tamaño:</strong> 80x80mm (8x8cm) — formato estándar ampliamente compatible</li>
<li>
<strong>Iluminación RGB:</strong> Múltiples colores para personalizar el interior de tu gabinete</li>
<li>
<strong>Refrigeración activa:</strong> Mejora el flujo de aire y reduce la temperatura de los componentes</li>
<li>
<strong>Marca Seisa:</strong> Fabricante reconocido en el mercado de periféricos y accesorios para PC</li>
<li>
<strong>Fácil instalación:</strong> Diseño estándar con tornillos de montaje incluidos</li>
</ul><h3>¿Para quién es ideal?</h3><p>Perfecto para armar o actualizar una PC de escritorio que necesite mejor ventilación. También ideal para quienes quieren agregar iluminación RGB a su setup sin gastar de más. Compatible con la mayoría de los gabinetes ATX que tienen bahías de 80mm.</p><h3>Especificaciones técnicas</h3><ul>
<li>Modelo: HW8010</li>
<li>Marca: Seisa</li>
<li>Dimensiones: 80 x 80mm</li>
<li>Iluminación: RGB multicolor</li>
<li>Uso: Ventilación de gabinete PC</li>
</ul>",SEISA,Electronics > Electronics Accessories > Computer Components > Computer System Cooling Parts,Cooling y Ventilación,"80mm, cooler, rgb, seisa, ventilador-pc",true,Color,verde,product.metafields.shopify.color-pattern,,,,,,,HW8010,0.0,shopify,3,deny,manual,4089.00,,true,true,,,,,"",https://cdn.shopify.com/s/files/1/0796/0703/8180/files/WhatsAppImage2026-03-23at13.18.13_1.jpg?v=1774283322,1,"",false,Cooler Seisa HW8010 80mm RGB | Ventilador PC con Iluminación,"Cooler fan Seisa 80x80mm con iluminación RGB multicolor para PC. Fácil instalación, compatible con gabinetes ATX. Refrigeración eficiente y estilo.",,,,,,,,,,,,,,,,,,,,,,,,,,,,,,,,,,,,,,,,,,,verde; celeste; colour; rainbow,,,,,,,,,,,,,,,,,,,,,,,,,,,,,,,,,,,,,,,,,,,,plastico; metal,,,,,,,,,,,,,,,,,,,,,,,,,,,,,,,,,,,,,,,,,,,,,,,,,,,,,,,,,,,,https://cdn.shopify.com/s/files/1/0796/0703/8180/files/WhatsAppImage2026-03-23at13.18.13.jpg?v=1774283322,g,,,active
cooler-seisa-8x8-rgb-colores,,,,,,,,,celeste,,,,,,,,HW8011,0.0,shopify,6,deny,manual,4089.00,,true,true,,,,,"",https://cdn.shopify.com/s/files/1/0796/0703/8180/files/WhatsAppImage2026-03-23at13.18.13.jpg?v=1774283322,2,"",,,,,,,,,,,,,,,,,,,,,,,,,,,,,,,,,,,,,,,,,,,,,,,,,,,,,,,,,,,,,,,,,,,,,,,,,,,,,,,,,,,,,,,,,,,,,,,,,,,,,,,,,,,,,,,,,,,,,,,,,,,,,,,,,,,,,,,,,,,,,,,,,,,,,,https://cdn.shopify.com/s/files/1/0796/0703/8180/files/WhatsAppImage2026-03-23at13.18.12_2.jpg?v=1774283322,g,,,
cooler-seisa-8x8-rgb-colores,,,,,,,,,colour,,,,,,,,HW8012,0.0,shopify,12,deny,manual,4089.00,,true,true,,,,,"",https://cdn.shopify.com/s/files/1/0796/0703/8180/files/WhatsAppImage2026-03-23at13.18.12_2.jpg?v=1774283322,3,"",,,,,,,,,,,,,,,,,,,,,,,,,,,,,,,,,,,,,,,,,,,,,,,,,,,,,,,,,,,,,,,,,,,,,,,,,,,,,,,,,,,,,,,,,,,,,,,,,,,,,,,,,,,,,,,,,,,,,,,,,,,,,,,,,,,,,,,,,,,,,,,,,,,,,,https://cdn.shopify.com/s/files/1/0796/0703/8180/files/WhatsAppImage2026-03-23at13.18.12.jpg?v=1774283322,g,,,
cooler-seisa-8x8-rgb-colores,,,,,,,,,rainbow,,,,,,,,HW8013,0.0,shopify,1,deny,manual,4089.00,,true,true,,,,,"",https://cdn.shopify.com/s/files/1/0796/0703/8180/files/WhatsAppImage2026-03-23at13.18.12.jpg?v=1774283322,4,"",,,,,,,,,,,,,,,,,,,,,,,,,,,,,,,,,,,,,,,,,,,,,,,,,,,,,,,,,,,,,,,,,,,,,,,,,,,,,,,,,,,,,,,,,,,,,,,,,,,,,,,,,,,,,,,,,,,,,,,,,,,,,,,,,,,,,,,,,,,,,,,,,,,,,,https://cdn.shopify.com/s/files/1/0796/0703/8180/files/WhatsAppImage2026-03-23at13.18.13_1.jpg?v=1774283322,g,,,
cooler-seisa-8x8-rgb-colores,,,,,,,,,,,,,,,,,,,,,,,,,,,,,,,,https://cdn.shopify.com/s/files/1/0796/0703/8180/files/WhatsAppImage2026-03-23at13.18.22.jpg?v=1774283322,5,"",,,,,,,,,,,,,,,,,,,,,,,,,,,,,,,,,,,,,,,,,,,,,,,,,,,,,,,,,,,,,,,,,,,,,,,,,,,,,,,,,,,,,,,,,,,,,,,,,,,,,,,,,,,,,,,,,,,,,,,,,,,,,,,,,,,,,,,,,,,,,,,,,,,,,,,,,,
cooler-seisa-120mm-rgb-multicolor,Cooler 120mm RGB SEISA – Ventilador PC Iluminación Multicolor,"<h2>Refrigeración eficiente con iluminación RGB</h2><p>El <strong>Cooler SEISA 12x12 RGB</strong> es un ventilador de 120mm diseñado para mantener tu PC a temperatura óptima mientras suma estilo con su iluminación multicolor sincronizable.</p><ul>
<li>Tamaño estándar 120mm (12x12 cm) – compatible con la mayoría de gabinetes ATX</li>
<li>Iluminación RGB multicolor con efecto visual llamativo</li>
<li>Bajo nivel de ruido para uso continuo</li>
<li>Fácil instalación con tornillos incluidos</li>
<li>Ideal para gabinetes con ventana lateral o builds con estética gaming</li>
</ul><p>Mejorá el flujo de aire de tu equipo sin sacrificar el diseño. Perfecto para armados gaming, workstations y upgrades de refrigeración.</p>",SEISA,Electronics > Electronics Accessories > Computer Components > Computer System Cooling Parts,Cooler / Ventilador,"120mm, cooler, gaming, mayorista, rgb, ventilador",true,Color,rainbow,product.metafields.shopify.color-pattern,,,,,,,HW12J01,130.0,shopify,28,deny,manual,7250.00,,true,true,,,,,6290132574973,https://cdn.shopify.com/s/files/1/0796/0703/8180/files/WhatsAppImage2026-03-23at14.16.46.jpg?v=1774286860,1,"",false,Cooler 120mm RGB SEISA | Ventilador PC Multicolor,Cooler SEISA 12x12 RGB de 120mm con iluminación multicolor. Compatible con gabinetes ATX. Ideal para builds gaming y upgrades de refrigeración.,,,,,,,,,,,,,,,,,,,,,,,,,,,,,,,,,,,,,,,,,,,rainbow; colour; blanco; multicolor,,,,,,,,,,,,,,,,,,,,,,,,,,,,,,,,,,,,,,,,,,,,,,,,,,,,,,,,,,,,,,,,,,,,,,,,,,,,,,,,,,,,,,,,,,,,,,,,,,,,,,,,https://cdn.shopify.com/s/files/1/0796/0703/8180/files/WhatsAppImage2026-03-23at14.16.47_1.jpg?v=1774286860,g,,,active
cooler-seisa-120mm-rgb-multicolor,,,,,,,,,colour,,,,,,,,HW12J02,130.0,shopify,1,deny,manual,7250.00,,true,true,,,,,"",https://cdn.shopify.com/s/files/1/0796/0703/8180/files/WhatsAppImage2026-03-23at14.16.47_3.jpg?v=1774286860,2,"",,,,,,,,,,,,,,,,,,,,,,,,,,,,,,,,,,,,,,,,,,,,,,,,,,,,,,,,,,,,,,,,,,,,,,,,,,,,,,,,,,,,,,,,,,,,,,,,,,,,,,,,,,,,,,,,,,,,,,,,,,,,,,,,,,,,,,,,,,,,,,,,,,,,,,https://cdn.shopify.com/s/files/1/0796/0703/8180/files/WhatsAppImage2026-03-23at14.16.47.jpg?v=1774286860,g,,,
cooler-seisa-120mm-rgb-multicolor,,,,,,,,,blanco,,,,,,,,HW12J03,130.0,shopify,5,deny,manual,7250.00,,true,true,,,,,"",https://cdn.shopify.com/s/files/1/0796/0703/8180/files/WhatsAppImage2026-03-23at14.16.47_2.jpg?v=1774286860,3,"",,,,,,,,,,,,,,,,,,,,,,,,,,,,,,,,,,,,,,,,,,,,,,,,,,,,,,,,,,,,,,,,,,,,,,,,,,,,,,,,,,,,,,,,,,,,,,,,,,,,,,,,,,,,,,,,,,,,,,,,,,,,,,,,,,,,,,,,,,,,,,,,,,,,,,https://cdn.shopify.com/s/files/1/0796/0703/8180/files/WhatsAppImage2026-03-23at14.16.47_2.jpg?v=1774286860,g,,,
cooler-seisa-120mm-rgb-multicolor,,,,,,,,,multicolor,,,,,,,,HW12J04,130.0,shopify,15,deny,manual,7250.00,,true,true,,,,,"",https://cdn.shopify.com/s/files/1/0796/0703/8180/files/WhatsAppImage2026-03-23at14.16.47_1.jpg?v=1774286860,4,"",,,,,,,,,,,,,,,,,,,,,,,,,,,,,,,,,,,,,,,,,,,,,,,,,,,,,,,,,,,,,,,,,,,,,,,,,,,,,,,,,,,,,,,,,,,,,,,,,,,,,,,,,,,,,,,,,,,,,,,,,,,,,,,,,,,,,,,,,,,,,,,,,,,,,,https://cdn.shopify.com/s/files/1/0796/0703/8180/files/WhatsAppImage2026-03-23at14.16.46.jpg?v=1774286860,g,,,
cooler-seisa-120mm-rgb-multicolor,,,,,,,,,,,,,,,,,,,,,,,,,,,,,,,,https://cdn.shopify.com/s/files/1/0796/0703/8180/files/WhatsAppImage2026-03-23at14.16.47.jpg?v=1774286860,5,"",,,,,,,,,,,,,,,,,,,,,,,,,,,,,,,,,,,,,,,,,,,,,,,,,,,,,,,,,,,,,,,,,,,,,,,,,,,,,,,,,,,,,,,,,,,,,,,,,,,,,,,,,,,,,,,,,,,,,,,,,,,,,,,,,,,,,,,,,,,,,,,,,,,,,,,,,,
cooler-seisa-140mm-rgb-multicolor,Cooler 140mm RGB SEISA – Ventilador PC Iluminación Multicolor,"<h2>Mayor flujo de aire con iluminación RGB</h2><p>El <strong>Cooler SEISA 14x14 RGB</strong> es un ventilador de 140mm que combina alto rendimiento en refrigeración con iluminación multicolor para darle vida a tu build.</p><ul>
<li>Tamaño 140mm (14x14 cm) – mayor caudal de aire que los modelos de 120mm</li>
<li>Iluminación RGB multicolor con efecto visual llamativo</li>
<li>Funcionamiento silencioso apto para uso prolongado</li>
<li>Compatible con gabinetes que admiten ventiladores de 140mm</li>
<li>Ideal para torres gaming, workstations y sistemas de refrigeración avanzada</li>
</ul><p>Optimizá la temperatura de tu equipo con un ventilador de mayor tamaño y mejor rendimiento. Perfecto para quienes buscan eficiencia y estética en un solo componente.</p>",SEISA,Electronics > Electronics Accessories > Computer Components > Computer System Cooling Parts,Cooler / Ventilador,"140mm, cooler, gaming, mayorista, rgb, ventilador",true,Color,rainbow,product.metafields.shopify.color-pattern,,,,,,,HW14025,450.0,shopify,18,deny,manual,6960.00,,true,true,,,,,"",https://cdn.shopify.com/s/files/1/0796/0703/8180/files/WhatsAppImage2026-03-20at12.09.57.jpg?v=1774287354,1,"",false,Cooler 140mm RGB SEISA | Ventilador PC Multicolor,Cooler SEISA 14x14 RGB de 140mm con iluminación multicolor. Mayor flujo de aire para gabinetes gaming y workstations. Silencioso y fácil de instalar.,,,,,,,,,,,,,,,,,,,,,,,,,,,,,,,,,,,,,,,,,,,rainbow; colour,,,,analogico,,,,,,,,,,,,,,,,,,,,,,,,,,,,,,,,,,,,,,,,plastico,,,,,,,,,,,,,,,,,,,,,,,,,,,,,,,,,,,,,,,,,,,,,,,,,,,,,,,,,,,,https://cdn.shopify.com/s/files/1/0796/0703/8180/files/WhatsAppImage2026-03-20at12.09.57.jpg?v=1774287354,g,,,active
cooler-seisa-140mm-rgb-multicolor,,,,,,,,,colour,,,,,,,,HW14026,450.0,shopify,20,deny,manual,6960.00,,true,true,,,,,"",https://cdn.shopify.com/s/files/1/0796/0703/8180/files/WhatsAppImage2026-03-20at12.13.56.jpg?v=1774287354,2,"",,,,,,,,,,,,,,,,,,,,,,,,,,,,,,,,,,,,,,,,,,,,,,,,,,,,,,,,,,,,,,,,,,,,,,,,,,,,,,,,,,,,,,,,,,,,,,,,,,,,,,,,,,,,,,,,,,,,,,,,,,,,,,,,,,,,,,,,,,,,,,,,,,,,,,https://cdn.shopify.com/s/files/1/0796/0703/8180/files/WhatsAppImage2026-03-20at12.13.56.jpg?v=1774287354,g,,,
cooler-seisa-140mm-rgb-multicolor,,,,,,,,,,,,,,,,,,,,,,,,,,,,,,,,https://cdn.shopify.com/s/files/1/0796/0703/8180/files/WhatsAppImage2026-03-20at12.09.56.jpg?v=1774287354,3,"",,,,,,,,,,,,,,,,,,,,,,,,,,,,,,,,,,,,,,,,,,,,,,,,,,,,,,,,,,,,,,,,,,,,,,,,,,,,,,,,,,,,,,,,,,,,,,,,,,,,,,,,,,,,,,,,,,,,,,,,,,,,,,,,,,,,,,,,,,,,,,,,,,,,,,,,,,
amazon-fire-tv-stick-4k-2024,Amazon Fire TV Stick 4K (2024) – Streaming en Ultra HD con Alexa,"<h2>Transformá cualquier TV en un Smart TV 4K</h2><p>El <strong>Amazon Fire TV Stick 4K (2024)</strong> es el dispositivo de streaming más completo de Amazon. Con resolución Ultra HD y soporte para Dolby Vision, HDR10+ y Dolby Atmos, disfutás de imagen y sonido de cine en tu hogar.</p><ul>
<li>Resolución <strong>4K Ultra HD</strong> con Dolby Vision y HDR10+</li>
<li>Audio <strong>Dolby Atmos</strong> para una experiencia cinematográfica</li>
<li>Acceso a <strong>Netflix, Disney+, YouTube, Prime Video, HBO Max</strong> y más</li>
<li>Control por voz con <strong>Alexa</strong> integrada</li>
<li>Licencia oficial Amazon – actualizaciones garantizadas</li>
<li>Generación 2024 – procesador más rápido y mayor fluidez</li>
</ul><p>Conectálo al puerto HDMI de tu TV y en minutos tenés acceso a miles de contenidos en streaming. Compatible con cualquier televisor con entrada HDMI.</p>",AMAZON,Electronics > Video > Video Players & Recorders > Streaming & Home Media Players,Streaming / Smart TV,"4k, alexa, amazon, fire tv, mayorista, smart tv, streaming",true,Title,Default Title,,,,,,,,,250.0,shopify,3,deny,manual,88660.00,,true,true,,,,,840268935092,https://cdn.shopify.com/s/files/1/0796/0703/8180/files/20507_xlarge.png?v=1774289448,1,"",false,Amazon Fire TV Stick 4K 2024 | Streaming Ultra HD con Alexa,"Amazon Fire TV Stick 4K generación 2024. Streaming en Ultra HD, Dolby Vision, Dolby Atmos y Alexa. Netflix, Disney+, YouTube y más. Licencia oficial.",,,,,,,,,,,,,,,,,,,,,,,,,,,,,,,,,,,,,,,,,,,negro,,,,,,,hdmi; wi-fi,,,,,,,,,,,,,,,,,,,,,,,,,,,,,,,,,,,,,,,,,,,,,,,,,,,,,,,,,,,,,,,,,,,,,,,,,,,,,,,,,,,,,,h-264; hevc-h-265,,,,,,,,,,,,g,,,active
amazon-fire-tv-stick-4k-2024,,,,,,,,,,,,,,,,,,,,,,,,,,,,,,,,https://cdn.shopify.com/s/files/1/0796/0703/8180/files/WhatsAppImage2026-03-23at15.08.50.jpg?v=1774289448,2,"",,,,,,,,,,,,,,,,,,,,,,,,,,,,,,,,,,,,,,,,,,,,,,,,,,,,,,,,,,,,,,,,,,,,,,,,,,,,,,,,,,,,,,,,,,,,,,,,,,,,,,,,,,,,,,,,,,,,,,,,,,,,,,,,,,,,,,,,,,,,,,,,,,,,,,,,,,
amazon-fire-tv-stick-4k-2024,,,,,,,,,,,,,,,,,,,,,,,,,,,,,,,,https://cdn.shopify.com/s/files/1/0796/0703/8180/files/WhatsAppImage2026-03-23at15.08.34.jpg?v=1774289448,3,"",,,,,,,,,,,,,,,,,,,,,,,,,,,,,,,,,,,,,,,,,,,,,,,,,,,,,,,,,,,,,,,,,,,,,,,,,,,,,,,,,,,,,,,,,,,,,,,,,,,,,,,,,,,,,,,,,,,,,,,,,,,,,,,,,,,,,,,,,,,,,,,,,,,,,,,,,,
conversor-vga-a-hdmi,Conversor VGA a HDMI – Adaptador de Video para PC y Monitor,"<h2>Conectá tu PC o notebook a cualquier pantalla HDMI</h2><p>El <strong>Conversor VGA a HDMI</strong> te permite conectar equipos con salida VGA a monitores, televisores o proyectores con entrada HDMI de forma simple y sin necesidad de drivers.</p><ul>
<li>Convierte señal <strong>VGA (analógica) a HDMI (digital)</strong> en tiempo real</li>
<li>Compatible con PC de escritorio, notebooks y proyectores con salida VGA</li>
<li>Resolución de salida hasta <strong>1080p Full HD</strong>
</li>
<li>Plug &amp; Play – sin instalación de software ni drivers</li>
<li>Compacto y liviano, ideal para llevar en el bolso</li>
</ul><p>Ideal para conectar equipos antiguos a pantallas modernas, presentaciones en sala o extender el escritorio de tu PC.</p>",Genérico,Electronics > Electronics Accessories > Adapters > Audio & Video Cable Adapters & Couplers,Adaptadores / Conversores,"adaptador, conversor, full hd, hdmi, mayorista, vga, video",true,Title,Default Title,,,,,,,,VGA2HDMI,70.0,shopify,2,deny,manual,5687.00,,true,true,,,,,6290132555620,https://cdn.shopify.com/s/files/1/0796/0703/8180/files/IntCoConversorVGAaHDMI09-031BCONSONIDO2.jpg?v=1774289901,1,"",false,Conversor VGA a HDMI | Adaptador Video Full HD Plug & Play,"Conversor VGA a HDMI hasta 1080p Full HD. Plug & Play, sin drivers. Compatible con PC, notebooks y proyectores. Ideal para monitores y TVs modernos.",,,,,,,,,,,,,,,,,,,,,,,,,,,,,,,,,,,,,,,,,,,blanco,,,,,,,,,,,,macho-a-hembra,,vga; hdmi,,,,,,,,,,,,,,,,,,,,,,,,,,,,,,,,,,,,,,,,,,,,,,,,,,,,,,,,,,,,,,,,,,,,,,,,,,,,,,,,,,,,,,,,,,,g,,,active
conversor-av-a-hdmi,Conversor AV a HDMI – Adaptador RCA a HDMI para TV y Monitor,"<h2>Dale nueva vida a tus dispositivos con salida AV</h2><p>El <strong>Conversor AV a HDMI</strong> te permite conectar equipos con salida RCA (audio/video compuesto) a televisores, monitores o proyectores modernos con entrada HDMI.</p><ul>
<li>Convierte señal <strong>AV/RCA (compuesto) a HDMI</strong> en tiempo real</li>
<li>Compatible con consolas retro, reproductores de DVD, VHS, cámaras y decodificadores</li>
<li>Resolución de salida hasta <strong>1080p Full HD</strong>
</li>
<li>Plug &amp; Play – sin instalación de software ni drivers</li>
<li>Incluye cable AV y alimentación por USB</li>
</ul><p>Ideal para conectar equipos clásicos a pantallas modernas sin perder calidad de imagen. Perfecto para gaming retro, digitalización de contenido o presentaciones.</p>",Genérico,Electronics > Electronics Accessories > Adapters > Audio & Video Cable Adapters & Couplers,Adaptadores / Conversores,"adaptador, av, conversor, hdmi, mayorista, rca, retro",true,Title,Default Title,,,,,,,,AV2HDTV,65.0,shopify,2,deny,manual,9663.00,,true,true,,,,,6290132556115,https://cdn.shopify.com/s/files/1/0796/0703/8180/files/adaptador-conversor-rca-av-a-hdmi.jpg?v=1774290497,1,"",false,Conversor AV a HDMI | Adaptador RCA a HDMI Full HD,"Conversor AV RCA a HDMI hasta 1080p. Plug & Play, sin drivers. Compatible con DVD, consolas retro, VHS y cámaras. Ideal para TVs y monitores modernos.",,,,,,,,,,,,,,,,,,,,,,,,,,,,,,,,,,,,,,,,,,,blanco,,,,,,,,,,,,de-hembra-a-macho,,hdmi; rca-1,,,,,,,,,,,,,,,,,,,,,,,,,,,,,,,,,,,,,,,,,,,,,,,,,,,,,,,,,,,,,,,,,,,,,,,,,,,,,,,,,,,,,,,,,,,g,,,active
control-remoto-universal-aire-acondicionado,Control Remoto Universal para Aire Acondicionado – Compatible con Todas las Marcas,"<h2>Reemplazá el control de tu aire acondicionado al instante</h2><p>El <strong>Control Remoto Universal para Aire Acondicionado</strong> es compatible con la gran mayoría de marcas y modelos del mercado. Fácil de configurar y listo para usar en minutos.</p><ul>
<li>Compatible con <strong>Carrier, Philco, Noblex, BGH, Sanyo, LG, Samsung, Hitachi, Midea</strong> y más</li>
<li>Funciones completas: frío, calor, ventilación, temporizador y velocidad de ventilador</li>
<li>Configuración rápida mediante códigos predefinidos</li>
<li>Alcance de hasta <strong>8 metros</strong>
</li>
<li>Incluye baterías AAA</li>
</ul><p>Ideal para reemplazar controles perdidos o dañados sin necesidad de llamar al técnico. Compatible con equipos split, portatil y de ventana.</p>",Genérico,Home & Garden > Household Appliance Accessories > Air Conditioner Accessories,Controles Remotos,"aire acondicionado, control remoto, mayorista, reemplazo, split, universal",true,Title,Default Title,,,,,,,,K-1028E,65.0,shopify,6,deny,manual,3430.00,,true,true,,,,,6921338623003,https://cdn.shopify.com/s/files/1/0796/0703/8180/files/366a9dec06b0d1e845b35e1ffd6b91d6.png?v=1774291101,1,"",false,Control Remoto Universal Aire Acondicionado | Todas las Marcas,"Control remoto universal para aire acondicionado. Compatible con Carrier, BGH, LG, Samsung, Philco y más. Fácil configuración, alcance 8 metros.",,,,,,,,,,,,,,,,,,,,,,,,,,,,,,,,,,,,,,,,,,,,,,,,,,,,,,,,,,,,,,,,,,,,,,,,,,,,,,,,,,,,,,,,,,,,,,,,,,,,,,,,,,,,,,,,,,,,,,,,,,,,,,,,,,,,,,,,,,,,,,,,,,,,g,,,active
consola-retro-sup-400-juegos-bateria-recargable,Consola Retro SUP 400 Juegos en 1 – Portátil con Batería Recargable,"<h2>400 juegos clásicos en la palma de tu mano</h2><p>La <strong>Consola SUP 400 en 1</strong> es una consola portátil retro que trae preinstalados 400 juegos clásicos. Con diseño compacto inspirado en la Game Boy y batería recargable, es ideal para jugar en cualquier lugar.</p><ul>
<li>
<strong>400 juegos clásicos</strong> preinstalados (arcade, acción, deportes y más)</li>
<li>Batería recargable de <strong>520 mAh</strong> – horas de juego sin interrupciones</li>
<li>Pantalla LCD a color integrada</li>
<li>Diseño portátil tipo Game Boy – liviana y fácil de transportar</li>
<li>Carga vía USB – compatible con cualquier cargador estándar</li>
<li>Ideal para niños y amantes del gaming retro</li>
</ul><p>El regalo perfecto para los fanáticos de los videojuegos clásicos. Sin necesidad de cartuchos ni conexión a internet.</p>",SUP,Electronics > Video Game Consoles,Consolas / Gaming,"consola, gaming, juegos, mayorista, niños, portátil, retro",true,Color,azul-marino,product.metafields.shopify.color-pattern,,,,,,,QF-Y01,140.0,shopify,2,deny,manual,11650.75,,true,true,,,,,7170973000802,https://cdn.shopify.com/s/files/1/0796/0703/8180/files/61a075f9-918d-4d87-be9c-71084ea95823.fbb82426699df50659eccc7af4a1bcd3.webp?v=1774291515,1,"",false,Consola Retro SUP 400 Juegos en 1 | Portátil con Batería Recargable,"Consola portátil SUP con 400 juegos retro preinstalados y batería recargable de 520mAh. Pantalla LCD, carga USB. Ideal para niños y gaming retro.",,,,,,,,,,,,,,,,,,,,,,,,,,,,,,,,,,,,,,,,,,,azul-marino; negro,,,,,,,,,,,,,,,,,,,,,,,,,,,,,,,,,,,,,,,,,,,,,,,,,,,,,,,,,,,,,,,,,,,,,,,,,,,,,,,,,,,,,,,,,,,,,,,,,,,,,,,,https://cdn.shopify.com/s/files/1/0796/0703/8180/files/61a075f9-918d-4d87-be9c-71084ea95823.fbb82426699df50659eccc7af4a1bcd3.webp?v=1774291515,g,,,active
consola-retro-sup-400-juegos-bateria-recargable,,,,,,,,,negro,,,,,,,,QF-Y02,140.0,shopify,6,deny,manual,11650.75,,true,true,,,,,"",https://cdn.shopify.com/s/files/1/0796/0703/8180/files/producto-3-1430.jpg?v=1774291515,2,"",,,,,,,,,,,,,,,,,,,,,,,,,,,,,,,,,,,,,,,,,,,,,,,,,,,,,,,,,,,,,,,,,,,,,,,,,,,,,,,,,,,,,,,,,,,,,,,,,,,,,,,,,,,,,,,,,,,,,,,,,,,,,,,,,,,,,,,,,,,,,,,,,,,,,,https://cdn.shopify.com/s/files/1/0796/0703/8180/files/producto-3-1430.jpg?v=1774291515,g,,,
consola-retro-sega-16bits-apevtech,Consola Retro Sega 16 Bits APEVTECH – 2 Joysticks + Cables incluidos,"<h2>Reviví la era dorada del gaming con 16 bits</h2><p>La <strong>Consola Retro Sega 16 Bits APEVTECH</strong> es una réplica fiel de la clásica consola de 16 bits, lista para conectar a tu TV y disfrutar de tus cartuchos favoritos. Ideal para coleccionistas y amantes del gaming retro.</p><ul>
<li>Compatible con <strong>cartuchos Sega Mega Drive / Genesis</strong> de 16 bits</li>
<li>Incluye <strong>2 joysticks</strong> para jugar de a dos</li>
<li>Incluye <strong>cable de alimentación y cable AV</strong> (audio y video)</li>
<li>Salida de video compuesto (AV/RCA) – compatible con TVs con entrada AV</li>
<li>
<strong>No incluye cartucho</strong> – compatible con tu colección existente</li>
</ul><p>Conectála a tu TV, insertá tu cartucho favorito y volvé a los mejores momentos del gaming de los 90. Perfecta como regalo o para armar tu setup retro.</p>",APEVTECH,Electronics > Video Game Consoles,Consolas / Gaming,"16 bits, consola, gaming, mayorista, mega drive, retro, sega",true,Title,Default Title,,,,,,,,FP-3010S,600.0,shopify,0,deny,manual,36465.00,,true,true,,,,,,https://cdn.shopify.com/s/files/1/0796/0703/8180/files/Apevtech-Consola-y-Joysticks-16-bit.png?v=1774292031,1,"",false,Consola Retro Sega 16 Bits APEVTECH | 2 Joysticks + Cables,"Consola retro Sega 16 bits APEVTECH con 2 joysticks, cable AV y alimentación. Compatible con cartuchos Mega Drive. Ideal para gaming retro y coleccionistas.",,,,,,,,,,,,,,,,,,,,,,,,,,,,,,,,,,,,,,,,,,,negro,,disco-fisico,480p; sd,,,,video-compuesto; cable-de-alimentacion,,,,,,,,,,,,,,,,,,,,,,,,,,,,,,,,,,,,,,,,,,,,,,,,,,,,,,,,,,alimentado-por-ca,,,,,,,,,,,,,,,,,,,,,,,,,,,,,,,,,,,,,,,,g,,,active
consola-retro-sega-16bits-apevtech,,,,,,,,,,,,,,,,,,,,,,,,,,,,,,,,https://cdn.shopify.com/s/files/1/0796/0703/8180/files/b1ff8fc25f19b3efe36c0c67c79970fa76724bb7937ed988852ed454e273cb9d258987.png?v=1774292031,2,"",,,,,,,,,,,,,,,,,,,,,,,,,,,,,,,,,,,,,,,,,,,,,,,,,,,,,,,,,,,,,,,,,,,,,,,,,,,,,,,,,,,,,,,,,,,,,,,,,,,,,,,,,,,,,,,,,,,,,,,,,,,,,,,,,,,,,,,,,,,,,,,,,,,,,,,,,,
consola-retro-family-apevtech-juegos-incorporados,Consola Retro Family APEVTECH – Juegos Clásicos Incorporados,"<h2>El Family de siempre, con todo listo para jugar</h2><p>La <strong>Consola Retro Family APEVTECH</strong> trae los juegos clásicos de 8 bits ya incorporados, sin necesidad de cartuchos. Conectála a tu TV y empezá a jugar al instante.</p><ul>
<li>
<strong>Juegos clásicos incorporados</strong> estilo Family/NES – sin cartuchos adicionales</li>
<li>Compatible con cartuchos de <strong>72 pines</strong> (Family / NES)</li>
<li>Salida de video AV/RCA – compatible con TVs con entrada de video compuesto</li>
<li>Diseño compacto y fácil de conectar</li>
<li>Ideal para regalo, colección o nostalgia gamer</li>
</ul><p>Reviví los mejores juegos de tu infancia con la consola retro más clásica. Perfecta para toda la familia.</p>",APEVTECH,Electronics > Video Game Consoles,Consolas / Gaming,"8 bits, consola, family, gaming, mayorista, nes, retro",true,Title,Default Title,,,,,,,,FP-3010F,655.0,shopify,50,deny,manual,21450.00,,true,true,,,,,,https://cdn.shopify.com/s/files/1/0796/0703/8180/files/WhatsApp_Image_2025-08-18_at_11.45.43_2.jpg?v=1774292779,1,"",false,Consola Retro Family APEVTECH | Juegos Clásicos Incorporados,Consola retro Family APEVTECH con juegos clásicos incorporados. Compatible con cartuchos NES/72 pines. Salida AV. Ideal para regalo y gaming retro.,,,,,,,,,,,,,,,,,,,,,,,,,,,,,,,,,,,,,,,,,,,rojo; blanco; rainbow,,,480p; sd,,,,video-compuesto,,,,,,,,,,,,,,,,,,,,,,,,,,,,,,,,,,,,,,,,,,,,,,,,,,,,,,,,,,alimentado-por-ca,,,,,,,,,,,,,,,,,,,,,,,,,,,,,,,,,,,,,,,,g,,,active
consola-retro-family-apevtech-juegos-incorporados,,,,,,,,,,,,,,,,,,,,,,,,,,,,,,,,https://cdn.shopify.com/s/files/1/0796/0703/8180/files/WhatsApp_Image_2025-08-18_at_11.45.43.jpg?v=1774292779,2,"",,,,,,,,,,,,,,,,,,,,,,,,,,,,,,,,,,,,,,,,,,,,,,,,,,,,,,,,,,,,,,,,,,,,,,,,,,,,,,,,,,,,,,,,,,,,,,,,,,,,,,,,,,,,,,,,,,,,,,,,,,,,,,,,,,,,,,,,,,,,,,,,,,,,,,,,,,
consola-retro-family-apevtech-juegos-incorporados,,,,,,,,,,,,,,,,,,,,,,,,,,,,,,,,https://cdn.shopify.com/s/files/1/0796/0703/8180/files/WhatsApp_Image_2025-08-18_at_11.45.43_1.jpg?v=1774292779,3,"",,,,,,,,,,,,,,,,,,,,,,,,,,,,,,,,,,,,,,,,,,,,,,,,,,,,,,,,,,,,,,,,,,,,,,,,,,,,,,,,,,,,,,,,,,,,,,,,,,,,,,,,,,,,,,,,,,,,,,,,,,,,,,,,,,,,,,,,,,,,,,,,,,,,,,,,,,
consola-retro-family-apevtech-juegos-incorporados,,,,,,,,,,,,,,,,,,,,,,,,,,,,,,,,https://cdn.shopify.com/s/files/1/0796/0703/8180/files/D_870018-MLA77574810877_072024-C.jpg?v=1774292779,4,"",,,,,,,,,,,,,,,,,,,,,,,,,,,,,,,,,,,,,,,,,,,,,,,,,,,,,,,,,,,,,,,,,,,,,,,,,,,,,,,,,,,,,,,,,,,,,,,,,,,,,,,,,,,,,,,,,,,,,,,,,,,,,,,,,,,,,,,,,,,,,,,,,,,,,,,,,,
consola-retro-family-apevtech-juegos-incorporados,,,,,,,,,,,,,,,,,,,,,,,,,,,,,,,,https://cdn.shopify.com/s/files/1/0796/0703/8180/files/WhatsApp_Image_2025-08-18_at_11.45.42.jpg?v=1774292779,5,"",,,,,,,,,,,,,,,,,,,,,,,,,,,,,,,,,,,,,,,,,,,,,,,,,,,,,,,,,,,,,,,,,,,,,,,,,,,,,,,,,,,,,,,,,,,,,,,,,,,,,,,,,,,,,,,,,,,,,,,,,,,,,,,,,,,,,,,,,,,,,,,,,,,,,,,,,,
consola-retro-family-apevtech-juegos-incorporados,,,,,,,,,,,,,,,,,,,,,,,,,,,,,,,,https://cdn.shopify.com/s/files/1/0796/0703/8180/files/WhatsApp_Image_2025-08-18_at_11.45.43_3.jpg?v=1774292779,6,"",,,,,,,,,,,,,,,,,,,,,,,,,,,,,,,,,,,,,,,,,,,,,,,,,,,,,,,,,,,,,,,,,,,,,,,,,,,,,,,,,,,,,,,,,,,,,,,,,,,,,,,,,,,,,,,,,,,,,,,,,,,,,,,,,,,,,,,,,,,,,,,,,,,,,,,,,,
consola-portatil-sup-500-juegos-retro-pantalla-3-5,"Consola Portátil SUP 500 Juegos Retro – Pantalla 3.5"" con Joystick","<h2>500 juegos retro en la palma de tu mano</h2><p>La <strong>Consola Portátil SUP</strong> trae 500 juegos clásicos estilo Family preinstalados en un diseño compacto con pantalla de 3.5 pulgadas y joystick integrado. Jugá en cualquier lugar sin necesidad de TV ni cables.</p><ul>
<li>
<strong>500 juegos clásicos</strong> estilo Family/NES preinstalados</li>
<li>Pantalla LCD a color de <strong>3.5 pulgadas</strong>
</li>
<li>
<strong>Joystick integrado</strong> para mayor comodidad y precisión</li>
<li>Diseño portátil y liviano – ideal para viajes y traslados</li>
<li>Carga vía USB – compatible con cualquier cargador estándar</li>
<li>Ideal para niños y amantes del gaming retro</li>
</ul><p>El regalo perfecto para los fans de los videojuegos clásicos. Sin cartuchos, sin conexión a internet, solo encendé y jugá.</p>",SUP,Electronics > Video Game Consoles,Consolas / Gaming,"500 juegos, consola, family, gaming, mayorista, portátil, retro",true,Title,Default Title,,,,,,,,X7M,355.0,shopify,0,deny,manual,34416.62,,true,true,,,,,6500000305760,https://cdn.shopify.com/s/files/1/0796/0703/8180/files/consola-portatil-x7m-c379a9a20081bb063f17432568308771-1024-1024.webp?v=1774293058,1,"",false,"Consola Portátil SUP 500 Juegos Retro | Pantalla 3.5"" con Joystick","Consola portátil SUP con 500 juegos retro estilo Family, pantalla LCD 3.5"" y joystick integrado. Carga USB. Ideal para niños y gaming retro.",,,,,,,,,,,,,,,,,,,,,,,,,,,,,,,,,,,,,,,,,,,rainbow,,,,,,,usb,,,,,,,,,,,,,,,,,,,,,,,,,,,,,,,,,,,,,,,,,,,,,,,,,,,,,,,,,,usb,,,,,,,,,,,,,,,,,,,,,,,,,,,,,,,,,,,,,,,,g,,,active
consola-portatil-sup-500-juegos-retro-pantalla-3-5,,,,,,,,,,,,,,,,,,,,,,,,,,,,,,,,https://cdn.shopify.com/s/files/1/0796/0703/8180/files/Of_9qFZAy216KcWgWDT.jpg?v=1774293058,2,"",,,,,,,,,,,,,,,,,,,,,,,,,,,,,,,,,,,,,,,,,,,,,,,,,,,,,,,,,,,,,,,,,,,,,,,,,,,,,,,,,,,,,,,,,,,,,,,,,,,,,,,,,,,,,,,,,,,,,,,,,,,,,,,,,,,,,,,,,,,,,,,,,,,,,,,,,,
consola-portatil-sup-500-juegos-retro-pantalla-3-5,,,,,,,,,,,,,,,,,,,,,,,,,,,,,,,,https://cdn.shopify.com/s/files/1/0796/0703/8180/files/61hb3AAltSL.jpg?v=1774293058,3,"",,,,,,,,,,,,,,,,,,,,,,,,,,,,,,,,,,,,,,,,,,,,,,,,,,,,,,,,,,,,,,,,,,,,,,,,,,,,,,,,,,,,,,,,,,,,,,,,,,,,,,,,,,,,,,,,,,,,,,,,,,,,,,,,,,,,,,,,,,,,,,,,,,,,,,,,,,
consola-portatil-noga-pocky-r5-8bits-500-juegos,"Consola Portátil NOGA Pocky-R5 8 Bits – 500 Juegos, Pantalla 3"" y Batería Recargable","<h2>Gaming retro portátil para jugar solo o de a dos</h2><p>La <strong>NOGA Pocky-R5</strong> es una consola portátil de 8 bits con 500 juegos clásicos preinstalados, pantalla LCD de 3 pulgadas y batería recargable. Trae un joystick adicional para jugar en modo multijugador.</p><ul>
<li>
<strong>500 juegos clásicos</strong> de 8 bits preinstalados</li>
<li>Pantalla <strong>LCD a color de 3""</strong> integrada</li>
<li>
<strong>Joystick adicional incluido</strong> para jugar de a dos</li>
<li>Batería <strong>recargable</strong> – carga vía USB</li>
<li>Color <strong>verde</strong> – diseño compacto y liviano</li>
<li>Ideal para niños, viajes y regalo retro</li>
</ul><p>Llevá la diversión a cualquier lado. Sin cartuchos, sin TV, solo encendé y jugá con un amigo.</p>",NOGA,Electronics > Video Game Consoles,Consolas / Gaming,"500 juegos, 8 bits, consola, mayorista, noga, portátil, retro",true,Color,celeste,product.metafields.shopify.color-pattern,,,,,,,POCKY-R5c,220.0,shopify,5,deny,manual,25200.00,,true,true,,,,,7798137726384,https://cdn.shopify.com/s/files/1/0796/0703/8180/files/pocky-r5-az-full-305f493a1708b4d65c17526889156890-1024-1024.webp?v=1774293787,1,"",false,Consola Portátil NOGA Pocky-R5 | 500 Juegos 8 Bits + Joystick,"Consola portátil NOGA Pocky-R5 con 500 juegos 8 bits, pantalla LCD 3"", joystick para 2 jugadores y batería recargable. Color verde. Ideal para regalo.",,,,,,,,,,,,,,,,,,,,,,,,,,,,,,,,,,,,,,,,,,,celeste; gris; verde; rosa,,,,,,,,,,,,,,,,,,,,,,,,,,,,,,,,,,,,,,,,,,,,,,,,,,,,,,,,,,,,,,,,,,,,,,,,,,,,,,,,,,,,,,,,,,,,,,,,,,,,,,,,https://cdn.shopify.com/s/files/1/0796/0703/8180/files/pocky-r5-az-full-305f493a1708b4d65c17526889156890-1024-1024.webp?v=1774293787,g,,,active
consola-portatil-noga-pocky-r5-8bits-500-juegos,,,,,,,,,gris,,,,,,,,POCKY-R5g,220.0,shopify,4,deny,manual,25200.00,,true,true,,,,,7798137726391,https://cdn.shopify.com/s/files/1/0796/0703/8180/files/pocky-r5_caja-fbc78b8f72b390f6ba17538188854380-1024-1024.webp?v=1774293787,2,"",,,,,,,,,,,,,,,,,,,,,,,,,,,,,,,,,,,,,,,,,,,,,,,,,,,,,,,,,,,,,,,,,,,,,,,,,,,,,,,,,,,,,,,,,,,,,,,,,,,,,,,,,,,,,,,,,,,,,,,,,,,,,,,,,,,,,,,,,,,,,,,,,,,,,,https://cdn.shopify.com/s/files/1/0796/0703/8180/files/pocky-r5-gr-full-ec35f726431e3da87e17526889241420-1024-1024.webp?v=1774293787,g,,,
consola-portatil-noga-pocky-r5-8bits-500-juegos,,,,,,,,,verde,,,,,,,,POCKY-R5v,220.0,shopify,4,deny,manual,25200.00,,true,true,,,,,7798137726407,https://cdn.shopify.com/s/files/1/0796/0703/8180/files/pocky-r5-vr-full-e753b393dac7ab50c517526889347955-1024-1024.webp?v=1774293787,3,"",,,,,,,,,,,,,,,,,,,,,,,,,,,,,,,,,,,,,,,,,,,,,,,,,,,,,,,,,,,,,,,,,,,,,,,,,,,,,,,,,,,,,,,,,,,,,,,,,,,,,,,,,,,,,,,,,,,,,,,,,,,,,,,,,,,,,,,,,,,,,,,,,,,,,,https://cdn.shopify.com/s/files/1/0796/0703/8180/files/pocky-r5-vr-full-e753b393dac7ab50c517526889347955-1024-1024.webp?v=1774293787,g,,,
consola-portatil-noga-pocky-r5-8bits-500-juegos,,,,,,,,,rosa,,,,,,,,POCKY-R5r,220.0,shopify,5,deny,manual,25200.00,,true,true,,,,,7798137726377,https://cdn.shopify.com/s/files/1/0796/0703/8180/files/pocky-r5-rs-full-a5af8158d1c00ed5cb17526889297497-1024-1024.webp?v=1774293787,4,"",,,,,,,,,,,,,,,,,,,,,,,,,,,,,,,,,,,,,,,,,,,,,,,,,,,,,,,,,,,,,,,,,,,,,,,,,,,,,,,,,,,,,,,,,,,,,,,,,,,,,,,,,,,,,,,,,,,,,,,,,,,,,,,,,,,,,,,,,,,,,,,,,,,,,,https://cdn.shopify.com/s/files/1/0796/0703/8180/files/pocky-r5-rs-full-a5af8158d1c00ed5cb17526889297497-1024-1024.webp?v=1774293787,g,,,
consola-portatil-noga-pocky-r5-8bits-500-juegos,,,,,,,,,,,,,,,,,,,,,,,,,,,,,,,,https://cdn.shopify.com/s/files/1/0796/0703/8180/files/pocky-r5-gr-full-ec35f726431e3da87e17526889241420-1024-1024.webp?v=1774293787,5,"",,,,,,,,,,,,,,,,,,,,,,,,,,,,,,,,,,,,,,,,,,,,,,,,,,,,,,,,,,,,,,,,,,,,,,,,,,,,,,,,,,,,,,,,,,,,,,,,,,,,,,,,,,,,,,,,,,,,,,,,,,,,,,,,,,,,,,,,,,,,,,,,,,,,,,,,,,
consola-portatil-noga-pocky-18-8bits-600-juegos,"Consola Portátil NOGA Pocky-18 8 Bits – +600 Juegos, Pantalla 2.5"" y Batería Recargable","<h2>Gaming retro portátil para jugar solo o de a dos</h2><p>La <strong>NOGA Pocky-18</strong> es una consola portátil de 8 bits con más de 600 juegos clásicos preinstalados, pantalla LCD de 2.5 pulgadas y batería recargable. Incluye un joystick adicional para jugar en modo multijugador.</p><ul>
<li>
<strong>+600 juegos clásicos</strong> de 8 bits preinstalados</li>
<li>Pantalla <strong>LCD a color de 2.5""</strong> integrada</li>
<li>
<strong>Joystick adicional incluido</strong> para jugar de a dos</li>
<li>Batería <strong>recargable</strong> – carga vía USB</li>
<li>Disponible en colores <strong>Rojo y Negro</strong>
</li>
<li>Diseño compacto y liviano – ideal para viajes y traslados</li>
<li>Ideal para niños, regalo retro y amantes del gaming clásico</li>
</ul><p>Llevá la diversión a cualquier lado. Sin cartuchos, sin TV, solo encendé y jugá con un amigo.</p>",NOGA,Electronics > Video Game Consoles,Consolas / Gaming,"600 juegos, 8 bits, consola, mayorista, noga, portátil, retro",true,Color,rojo,product.metafields.shopify.color-pattern,,,,,,,POCKY-18,225.0,shopify,3,deny,manual,31920.00,,true,true,,,,,7798137726315,https://cdn.shopify.com/s/files/1/0796/0703/8180/files/pocky-18-ng-full-8a153e69952f16484517526929669543-1024-1024.webp?v=1774294653,1,"",false,Consola Portátil NOGA Pocky-18 | +600 Juegos 8 Bits + Joystick,"Consola portátil NOGA Pocky-18 con +600 juegos 8 bits, pantalla LCD 2.5"", joystick para 2 jugadores y batería recargable. Rojo y Negro. Ideal para regalo.",,,,,,,,,,,,,,,,,,,,,,,,,,,,,,,,,,,,,,,,,,,rojo; negro,,,,,,,usb,,,,,,,,,,,,,,,,,,,,,,,,,,,,,,,,,,,,,,,,,,,,,,,,,,,,,,,,,,recargable; usb,,,,,,,,,,,,,,,,,,,,,,,,,,,,,,,,,,,,,,,https://cdn.shopify.com/s/files/1/0796/0703/8180/files/pocky-18-rj-full-bf29a7ea51024196b417526929749949-1024-1024.webp?v=1774294653,g,,,active
consola-portatil-noga-pocky-18-8bits-600-juegos,,,,,,,,,negro,,,,,,,,POCKY-18n,225.0,shopify,3,deny,manual,31920.00,,true,true,,,,,7798137726322,https://cdn.shopify.com/s/files/1/0796/0703/8180/files/pocky-18-rj-full-bf29a7ea51024196b417526929749949-1024-1024.webp?v=1774294653,2,"",,,,,,,,,,,,,,,,,,,,,,,,,,,,,,,,,,,,,,,,,,,,,,,,,,,,,,,,,,,,,,,,,,,,,,,,,,,,,,,,,,,,,,,,,,,,,,,,,,,,,,,,,,,,,,,,,,,,,,,,,,,,,,,,,,,,,,,,,,,,,,,,,,,,,,https://cdn.shopify.com/s/files/1/0796/0703/8180/files/pocky-18-ng-full-8a153e69952f16484517526929669543-1024-1024.webp?v=1774294653,g,,,
consola-portatil-noga-pocky-18-8bits-600-juegos,,,,,,,,,,,,,,,,,,,,,,,,,,,,,,,,https://cdn.shopify.com/s/files/1/0796/0703/8180/files/pocky-18_caja-019cc2d6c9d85ac84e17538189234701-1024-1024.webp?v=1774294593,3,"",,,,,,,,,,,,,,,,,,,,,,,,,,,,,,,,,,,,,,,,,,,,,,,,,,,,,,,,,,,,,,,,,,,,,,,,,,,,,,,,,,,,,,,,,,,,,,,,,,,,,,,,,,,,,,,,,,,,,,,,,,,,,,,,,,,,,,,,,,,,,,,,,,,,,,,,,,
consola-portatil-noga-pocky-retro-8bits-400-juegos,"Consola Portátil NOGA Pocky Retro 8 Bits – 400 Juegos, Pantalla 3"" y Batería Recargable","<h2>Gaming retro portátil en 4 colores</h2><p>La <strong>NOGA Pocky Retro</strong> es una consola portátil de 8 bits con 400 juegos clásicos preinstalados, pantalla LCD de 3 pulgadas y batería recargable. Disponible en 4 colores para elegir el que más te gusta.</p><ul>
<li>
<strong>400 juegos clásicos</strong> de 8 bits preinstalados</li>
<li>Pantalla <strong>LCD a color de 3""</strong> integrada</li>
<li>Batería <strong>recargable</strong> – carga vía USB</li>
<li>Disponible en <strong>Azul marino, Rojo, Blanco y Negro</strong>
</li>
<li>Diseño compacto y liviano – ideal para viajes y traslados</li>
<li>Ideal para niños, regalo retro y amantes del gaming clásico</li>
</ul><p>Llevá la diversión a cualquier lado. Sin cartuchos, sin TV, solo encendé y jugá.</p>",NOGA,Electronics > Video Game Consoles,Consolas / Gaming,"400 juegos, 8 bits, consola, mayorista, noga, portátil, retro",true,Color,azul-marino,product.metafields.shopify.color-pattern,,,,,,,POCKY RETRO8,160.0,shopify,3,continue,manual,20160.00,,true,true,,,,,7798137726292,https://cdn.shopify.com/s/files/1/0796/0703/8180/files/pocky-r8-ng-angulo1-167679da7a7f4c3cfe16154797089538-1024-1024_7010493f-f968-4f03-8210-1ff8265aefcf.webp?v=1774372835,1,"",false,Consola Portátil NOGA Pocky Retro 8 Bits | 400 Juegos + Batería,"Consola portátil NOGA Pocky Retro 8 bits con 400 juegos, pantalla LCD 3"" y batería recargable. 4 colores disponibles. Ideal para niños y gaming retro.",,,,,,,,,,,,,,,,,,,,,,,,,,,,,,,,,,,,,,,,,,,azul-marino; rojo; blanco; negro,,,,,,,usb,,,,,,,,,,,,,,,,,,,,,,,,,,,,,,,,,,,,,,,,,,,,,,,,,,,,,,,,,,recargable; usb,,,,,,,,,,,,,,,,,,,,,,,,,,,,,,,,,,,,,,,https://cdn.shopify.com/s/files/1/0796/0703/8180/files/WhatsAppImage2026-03-24at14.16.57_1.jpg?v=1774372835,g,,,active
consola-portatil-noga-pocky-retro-8bits-400-juegos,,,,,,,,,rojo,,,,,,,,POCKY RETRO9,160.0,shopify,4,continue,manual,20160.00,,true,true,,,,,"",https://cdn.shopify.com/s/files/1/0796/0703/8180/files/WhatsAppImage2026-03-24at14.16.57_1.jpg?v=1774372835,2,"",,,,,,,,,,,,,,,,,,,,,,,,,,,,,,,,,,,,,,,,,,,,,,,,,,,,,,,,,,,,,,,,,,,,,,,,,,,,,,,,,,,,,,,,,,,,,,,,,,,,,,,,,,,,,,,,,,,,,,,,,,,,,,,,,,,,,,,,,,,,,,,,,,,,,,https://cdn.shopify.com/s/files/1/0796/0703/8180/files/WhatsAppImage2026-03-24at14.16.57.jpg?v=1774372835,g,,,
consola-portatil-noga-pocky-retro-8bits-400-juegos,,,,,,,,,blanco,,,,,,,,POCKY RETRO10,160.0,shopify,4,continue,manual,20160.00,,true,true,,,,,"",https://cdn.shopify.com/s/files/1/0796/0703/8180/files/WhatsAppImage2026-03-24at14.16.57.jpg?v=1774372835,3,"",,,,,,,,,,,,,,,,,,,,,,,,,,,,,,,,,,,,,,,,,,,,,,,,,,,,,,,,,,,,,,,,,,,,,,,,,,,,,,,,,,,,,,,,,,,,,,,,,,,,,,,,,,,,,,,,,,,,,,,,,,,,,,,,,,,,,,,,,,,,,,,,,,,,,,https://cdn.shopify.com/s/files/1/0796/0703/8180/files/WhatsAppImage2026-03-24at14.16.56.jpg?v=1774372835,g,,,
consola-portatil-noga-pocky-retro-8bits-400-juegos,,,,,,,,,negro,,,,,,,,POCKY RETRO11,160.0,shopify,4,continue,manual,20160.00,,true,true,,,,,"",https://cdn.shopify.com/s/files/1/0796/0703/8180/files/WhatsAppImage2026-03-24at14.16.56.jpg?v=1774372835,4,"",,,,,,,,,,,,,,,,,,,,,,,,,,,,,,,,,,,,,,,,,,,,,,,,,,,,,,,,,,,,,,,,,,,,,,,,,,,,,,,,,,,,,,,,,,,,,,,,,,,,,,,,,,,,,,,,,,,,,,,,,,,,,,,,,,,,,,,,,,,,,,,,,,,,,,https://cdn.shopify.com/s/files/1/0796/0703/8180/files/WhatsAppImage2026-03-24at14.16.56_1.jpg?v=1774372835,g,,,
consola-portatil-noga-pocky-retro-8bits-400-juegos,,,,,,,,,,,,,,,,,,,,,,,,,,,,,,,,https://cdn.shopify.com/s/files/1/0796/0703/8180/files/WhatsAppImage2026-03-24at14.16.56_1.jpg?v=1774372835,5,"",,,,,,,,,,,,,,,,,,,,,,,,,,,,,,,,,,,,,,,,,,,,,,,,,,,,,,,,,,,,,,,,,,,,,,,,,,,,,,,,,,,,,,,,,,,,,,,,,,,,,,,,,,,,,,,,,,,,,,,,,,,,,,,,,,,,,,,,,,,,,,,,,,,,,,,,,,
consola-portatil-noga-pocky-retro-8bits-400-juegos,,,,,,,,,,,,,,,,,,,,,,,,,,,,,,,,https://cdn.shopify.com/s/files/1/0796/0703/8180/files/pocky-retro-r8_caja-f65d41f285ec3f7e7017538188301245-1024-1024_5df7c85b-0124-4d12-9148-56a268c1f6c3.webp?v=1774372835,6,"",,,,,,,,,,,,,,,,,,,,,,,,,,,,,,,,,,,,,,,,,,,,,,,,,,,,,,,,,,,,,,,,,,,,,,,,,,,,,,,,,,,,,,,,,,,,,,,,,,,,,,,,,,,,,,,,,,,,,,,,,,,,,,,,,,,,,,,,,,,,,,,,,,,,,,,,,,
consola-portatil-noga-pocky-retro-8bits-400-juegos,,,,,,,,,,,,,,,,,,,,,,,,,,,,,,,,https://cdn.shopify.com/s/files/1/0796/0703/8180/files/pocky-r8-ng-angulo31-907413173ca97f008816154797089212-1024-1024_19f9c0d6-9f8d-4682-ad88-34f9a4774223.webp?v=1774372835,7,"",,,,,,,,,,,,,,,,,,,,,,,,,,,,,,,,,,,,,,,,,,,,,,,,,,,,,,,,,,,,,,,,,,,,,,,,,,,,,,,,,,,,,,,,,,,,,,,,,,,,,,,,,,,,,,,,,,,,,,,,,,,,,,,,,,,,,,,,,,,,,,,,,,,,,,,,,,
consola-portatil-r36-pro-multijuegos-retro,Consola Portátil R36 Pro – Multijuegos Retro con Pantalla y Batería Recargable,"<h2>Emulación retro de alta gama en formato portátil</h2><p>La <strong>Consola R36 Pro</strong> es una consola portátil multijuegos de alto rendimiento, compatible con múltiples sistemas de emulación retro. Ideal para los gamers que quieren llevar su experiencia clásica a otro nivel.</p><ul>
<li>Compatible con emuladores de <strong>NES, SNES, GBA, Mega Drive, PS1</strong> y más</li>
<li>Pantalla LCD a color de alta resolución integrada</li>
<li>Batería <strong>recargable</strong> vía USB-C para largas sesiones de juego</li>
<li>Controles ergonómicos con joystick analógico y botones de acción</li>
<li>Almacenamiento interno con miles de juegos preinstalados</li>
<li>Diseño compacto tipo Game Boy – liviano y fácil de transportar</li>
</ul><p>La opción premium para los amantes del gaming retro. Jugá tus clásicos favoritos en cualquier lugar con la calidad que merecen.</p>",ALLGAME,Electronics > Video Game Consoles,Consolas / Gaming,"consola, emulador, mayorista, multijuegos, portátil, r36 pro, retro",true,Title,Default Title,,,,,,,,R36 PRO,0.0,shopify,1,deny,manual,81510.00,,true,true,,,,,,https://cdn.shopify.com/s/files/1/0796/0703/8180/files/2025-r36-pro-3-5inch-ips-128gb-18000-games-video-handheld-game-players-4000mah-new-462-fd9207d3a7e6d2ac5217583778091522-1024-1024.webp?v=1774373056,1,"",false,Consola Portátil R36 Pro | Multijuegos Retro Emulador,"Consola portátil R36 Pro multijuegos retro. Compatible con NES, SNES, GBA, PS1 y más. Pantalla LCD, batería recargable USB-C y joystick analógico.",,,,,,,,,,,,,,,,,,,,,,,,,,,,,,,,,,,,,,,,,,,negro,,,,,,,usb,,,,,,,,,,,,,,,,,,,,,,,,,,,,,,,,,,,,,,,,,,,,,,,,,,,,,,,,,,recargable; usb,,,,,,,,,,,,,,,,,,,,,,,,,,,,,,,,,,,,,,,,g,,,active
consola-portatil-m27-pantalla-ips-7-64gb-20000-juegos,"Consola Portátil M27 – Pantalla IPS 7"", 64GB y +20.000 Juegos Retro","<h2>La experiencia retro más completa en formato portátil</h2><p>La <strong>Consola M27</strong> es una consola portátil multijuegos de alta gama con pantalla IPS de 7 pulgadas, 64GB de almacenamiento y más de 20.000 juegos preinstalados de múltiples sistemas retro.</p><ul>
<li>Pantalla <strong>IPS de 7""</strong> – colores vibrantes y ángulos de visión amplios</li>
<li>
<strong>+20.000 juegos</strong> preinstalados de NES, SNES, GBA, Mega Drive, PS1, N64 y más</li>
<li>
<strong>64GB</strong> de almacenamiento interno</li>
<li>Batería recargable para largas sesiones de juego</li>
<li>Controles ergonómicos con joysticks analógicos y gatillos</li>
<li>Salida HDMI para jugar en TV</li>
<li>Diseño premium tipo consola portátil profesional</li>
</ul><p>La opción definitiva para los amantes del gaming retro. Una biblioteca completa de clásicos en la palma de tu mano.</p>",ALLGAME,Electronics > Video Game Consoles,Consolas / Gaming,"7 pulgadas, consola, emulador, m27, mayorista, multijuegos, portátil, retro",true,Title,Default Title,,,,,,,,,0.0,shopify,1,deny,manual,125840.00,,true,true,,,,,,https://cdn.shopify.com/s/files/1/0796/0703/8180/files/consola-portatil-retro-m27-64gb-20000-juegos-pantalla-ips-7-pulgadas.webp?v=1774373254,1,"",false,"Consola Portátil M27 | Pantalla IPS 7"" + 20000 Juegos + 64GB","Consola portátil M27 con pantalla IPS 7"", 64GB y +20.000 juegos retro preinstalados. NES, SNES, GBA, PS1, N64 y más. Salida HDMI. Batería recargable.",,,,,,,,,,,,,,,,,,,,,,,,,,,,,,,,,,,,,,,,,,,negro,,disco-fisico; solo-descargas-digitales,hd; 720p; 1080p,,,,usb; wi-fi,,,,,,,,,,,,,,,,,,,,,,,,,,,,,,,,,,,,,,,,,,,,,,,,,,,,,,,,,,funciona-con-baterias; recargable,,,,,,,,,,,,,,,,,,,,,,,,,,,,,,,,,,,,,,,,g,,,active
consola-gamestick-x2-multijuegos-retro-hdmi,Consola GameStick X2 – Multijuegos Retro Inalámbrica para TV,"<h2>Tu consola retro inalámbrica lista para conectar al TV</h2><p>La <strong>GameStick X2</strong> es una consola multijuegos en formato stick que se conecta directamente al puerto HDMI de tu TV. Con control inalámbrico incluido y miles de juegos preinstalados, es la forma más simple de disfrutar el gaming retro en pantalla grande.</p><ul>
<li>Conexión directa por <strong>HDMI</strong> – sin cables, sin configuración compleja</li>
<li>Miles de juegos clásicos preinstalados de NES, SNES, Mega Drive, GBA y más</li>
<li>
<strong>Control inalámbrico</strong> incluido</li>
<li>Alimentación vía USB – compatible con cualquier TV o cargador USB</li>
<li>Diseño compacto tipo stick – fácil de guardar y transportar</li>
<li>Ideal para regalo, living room gaming y nostalgia retro</li>
</ul><p>Conectá el stick al HDMI, encendé el TV y empezá a jugar al instante. Sin instalaciones, sin complicaciones.</p>",ALLGAME,Electronics > Video Game Consoles,Consolas / Gaming,"consola, gamestick, hdmi, inalámbrico, mayorista, multijuegos, retro",true,Title,Default Title,,,,,,,,X2,340.0,shopify,10,deny,manual,52910.00,,true,true,,,,,,https://cdn.shopify.com/s/files/1/0796/0703/8180/files/All-Games-X2-1.webp?v=1774373380,1,"",false,Consola GameStick X2 | Multijuegos Retro Inalámbrica HDMI,"Consola GameStick X2 multijuegos retro con conexión HDMI y control inalámbrico. Miles de juegos NES, SNES, GBA y más. Plug & Play para cualquier TV.",,,,,,,,,,,,,,,,,,,,,,,,,,,,,,,,,,,,,,,,,,,,,,,,,,,,,,,,,,,,,,,,,,,,,,,,,,,,,,,,,,,,,,,,,,,,,,,,,,,,,,,,,,,,,,,,,,,,,,,,,,,,,,,,,,,,,,,,,,,,,,,,,,,,g,,,active
consola-gamestick-x2-multijuegos-retro-hdmi,,,,,,,,,,,,,,,,,,,,,,,,,,,,,,,,https://cdn.shopify.com/s/files/1/0796/0703/8180/files/1000021666-bb2ba2558da609883d17317950409531-1024-1024.webp?v=1774373381,2,"",,,,,,,,,,,,,,,,,,,,,,,,,,,,,,,,,,,,,,,,,,,,,,,,,,,,,,,,,,,,,,,,,,,,,,,,,,,,,,,,,,,,,,,,,,,,,,,,,,,,,,,,,,,,,,,,,,,,,,,,,,,,,,,,,,,,,,,,,,,,,,,,,,,,,,,,,,
consola-gamestick-pro-128gb-700-juegos-ps1-retro,Consola GameStick Pro 128GB – +700 Juegos PS1 y Retro para TV,"<h2>La GameStick más potente con 128GB y juegos de PS1</h2><p>La <strong>GameStick Pro 128GB</strong> es la versión premium de la consola multijuegos en formato stick. Con 128GB de almacenamiento y más de 700 juegos de PS1 y otros sistemas retro, es la opción ideal para los gamers más exigentes.</p><ul>
<li>
<strong>+700 juegos preinstalados</strong> incluyendo títulos de PS1, NES, SNES, Mega Drive, GBA y más</li>
<li>
<strong>128GB</strong> de almacenamiento interno</li>
<li>Conexión directa por <strong>HDMI</strong> – plug &amp; play sin configuración</li>
<li>
<strong>Control inalámbrico</strong> incluido</li>
<li>Alimentación vía USB – compatible con cualquier TV o cargador</li>
<li>Diseño compacto tipo stick – fácil de guardar y transportar</li>
</ul><p>La experiencia retro más completa en el formato más simple. Conectá al HDMI y tenés cientos de clásicos listos para jugar.</p>",ALLGAME,Electronics > Video Game Consoles,Consolas / Gaming,"128gb, consola, gamestick, hdmi, mayorista, multijuegos, ps1, retro",true,Title,Default Title,,,,,,,,PRO,440.0,shopify,3,deny,manual,81510.00,,true,true,,,,,,https://cdn.shopify.com/s/files/1/0796/0703/8180/files/WhatsAppImage2026-03-24at14.41.34.jpg?v=1774374391,1,"",false,Consola GameStick Pro 128GB | +700 Juegos PS1 y Retro HDMI,"GameStick Pro 128GB con +700 juegos de PS1, NES, SNES, GBA y más. Conexión HDMI, control inalámbrico. Plug & Play para cualquier TV.",,,,,,,,,,,,,,,,,,,,,,,,,,,,,,,,,,,,,,,,,,,negro,,disco-fisico,hd; full-hd,,,,hdmi; usb,,,,,,,,,,,,,,,,,,,,,,,,,,,,,,,,,,,,,,,,,,,,,,,,,,,,,,,,,,usb,,,,,,,,,,,,,,,,,,,,,,,,,,,,,,,,,,,,,,,,g,,,active
consola-gamestick-pro-128gb-700-juegos-ps1-retro,,,,,,,,,,,,,,,,,,,,,,,,,,,,,,,,https://cdn.shopify.com/s/files/1/0796/0703/8180/files/WhatsAppImage2026-03-24at14.41.35_3.jpg?v=1774374391,2,"",,,,,,,,,,,,,,,,,,,,,,,,,,,,,,,,,,,,,,,,,,,,,,,,,,,,,,,,,,,,,,,,,,,,,,,,,,,,,,,,,,,,,,,,,,,,,,,,,,,,,,,,,,,,,,,,,,,,,,,,,,,,,,,,,,,,,,,,,,,,,,,,,,,,,,,,,,
consola-gamestick-pro-128gb-700-juegos-ps1-retro,,,,,,,,,,,,,,,,,,,,,,,,,,,,,,,,https://cdn.shopify.com/s/files/1/0796/0703/8180/files/WhatsAppImage2026-03-24at14.41.35_1.jpg?v=1774374391,3,"",,,,,,,,,,,,,,,,,,,,,,,,,,,,,,,,,,,,,,,,,,,,,,,,,,,,,,,,,,,,,,,,,,,,,,,,,,,,,,,,,,,,,,,,,,,,,,,,,,,,,,,,,,,,,,,,,,,,,,,,,,,,,,,,,,,,,,,,,,,,,,,,,,,,,,,,,,
consola-gamestick-pro-128gb-700-juegos-ps1-retro,,,,,,,,,,,,,,,,,,,,,,,,,,,,,,,,https://cdn.shopify.com/s/files/1/0796/0703/8180/files/WhatsAppImage2026-03-24at14.41.35.jpg?v=1774374391,4,"",,,,,,,,,,,,,,,,,,,,,,,,,,,,,,,,,,,,,,,,,,,,,,,,,,,,,,,,,,,,,,,,,,,,,,,,,,,,,,,,,,,,,,,,,,,,,,,,,,,,,,,,,,,,,,,,,,,,,,,,,,,,,,,,,,,,,,,,,,,,,,,,,,,,,,,,,,
consola-gamestick-m8-multijuegos-retro-hdmi,Consola GameStick M8 – Multijuegos Retro Inalámbrica para TV,"<h2>Gaming retro en tu TV sin complicaciones</h2><p>La <strong>GameStick M8</strong> es una consola multijuegos en formato stick que se conecta directamente al puerto HDMI de tu TV. Con control inalámbrico incluido y juegos clásicos preinstalados, es la forma más simple de disfrutar el retro gaming en pantalla grande.</p><ul>
<li>Conexión directa por <strong>HDMI</strong> – plug &amp; play sin configuración</li>
<li>Juegos clásicos preinstalados de NES, SNES, Mega Drive, GBA y más</li>
<li>
<strong>Control inalámbrico</strong> incluido</li>
<li>Alimentación vía USB – compatible con cualquier TV o cargador</li>
<li>Diseño compacto tipo stick – fácil de guardar y transportar</li>
<li>Ideal para regalo, living room gaming y nostalgia retro</li>
</ul><p>Conectá el stick al HDMI, encendé el TV y empezá a jugar al instante. Sin instalaciones, sin complicaciones.</p>",ALLGAME,Electronics > Video Game Consoles,Consolas / Gaming,"consola, gamestick, hdmi, inalámbrico, mayorista, multijuegos, retro",true,Title,Default Title,,,,,,,,M8,370.0,shopify,15,deny,manual,42900.00,,true,true,,,,,,https://cdn.shopify.com/s/files/1/0796/0703/8180/files/WhatsAppImage2026-03-24at14.37.21.jpg?v=1774374576,1,"",false,Consola GameStick M8 | Multijuegos Retro Inalámbrica HDMI,"Consola GameStick M8 multijuegos retro con conexión HDMI y control inalámbrico. Juegos NES, SNES, GBA, Mega Drive y más. Plug & Play para cualquier TV.",,,,,,,,,,,,,,,,,,,,,,,,,,,,,,,,,,,,,,,,,,,,,,,,,,,,,,,,,,,,,,,,,,,,,,,,,,,,,,,,,,,,,,,,,,,,,,,,,,,,,,,,,,,,,,,,,,,,,,,,,,,,,,,,,,,,,,,,,,,,,,,,,,,,g,,,active
consola-gamestick-m8-multijuegos-retro-hdmi,,,,,,,,,,,,,,,,,,,,,,,,,,,,,,,,https://cdn.shopify.com/s/files/1/0796/0703/8180/files/WhatsAppImage2026-03-24at14.37.22_2.jpg?v=1774374576,2,"",,,,,,,,,,,,,,,,,,,,,,,,,,,,,,,,,,,,,,,,,,,,,,,,,,,,,,,,,,,,,,,,,,,,,,,,,,,,,,,,,,,,,,,,,,,,,,,,,,,,,,,,,,,,,,,,,,,,,,,,,,,,,,,,,,,,,,,,,,,,,,,,,,,,,,,,,,
consola-gamestick-m8-multijuegos-retro-hdmi,,,,,,,,,,,,,,,,,,,,,,,,,,,,,,,,https://cdn.shopify.com/s/files/1/0796/0703/8180/files/WhatsAppImage2026-03-24at14.37.22_1.jpg?v=1774374576,3,"",,,,,,,,,,,,,,,,,,,,,,,,,,,,,,,,,,,,,,,,,,,,,,,,,,,,,,,,,,,,,,,,,,,,,,,,,,,,,,,,,,,,,,,,,,,,,,,,,,,,,,,,,,,,,,,,,,,,,,,,,,,,,,,,,,,,,,,,,,,,,,,,,,,,,,,,,,
combo-teclado-mouse-cable-teros,Combo Teclado y Mouse con Cable TEROS – Kit para PC y Notebook,"<h2>Todo lo que necesitás para trabajar o jugar en un solo combo</h2><p>El <strong>Combo Teclado y Mouse con Cable TEROS</strong> es la solución completa para equipar tu PC o notebook. Diseño ergonómico, conexión plug &amp; play y compatibilidad universal.</p><ul>
<li>Teclado con cable USB – diseño compacto y cómodo</li>
<li>Mouse con cable USB – preciso y ergonómico</li>
<li>Conexión <strong>Plug &amp; Play</strong> – sin instalación de drivers</li>
<li>Compatible con <strong>Windows, Linux y macOS</strong>
</li>
<li>Ideal para oficina, estudio y uso diario</li>
<li>Marca <strong>TEROS</strong> – calidad garantizada</li>
</ul><p>Un combo práctico y confiable para el día a día. Conectá y empezá a usar al instante.</p>",TEROS,Electronics > Electronics Accessories > Computer Accessories > Computer Accessory Sets,Teclados y Mouse,"combo, mayorista, mouse, pc, teclado, teros, usb",true,Title,Default Title,,,,,,,,TE-4062N,525.0,shopify,6,deny,manual,9300.00,,true,true,,,,,782752504004,https://cdn.shopify.com/s/files/1/0796/0703/8180/files/wefNb_l.webp?v=1774374833,1,"",false,Combo Teclado y Mouse con Cable TEROS | Kit PC Plug & Play,"Combo teclado y mouse con cable USB TEROS. Plug & Play, compatible con Windows, Linux y macOS. Ideal para oficina, estudio y uso diario.",,,,,,,,,,,,,,,,,,,,,,,,,,,,,,,,,,,,,,,,,,,negro,,,,,teclado; raton,,,,,,,,,,,,,,,,,,,,,,,,,,,,,,,,,,,,,,,,,,,,,,,,,,,,,,,,,,,,,,,,,,,,,,,,,,,,,,,,,,,,,,,,,,,,,,,,,,,,g,,,active
combo-inalambrico-noga-s5550,Combo Teclado y Mouse Inalámbrico NOGA S5550 – Kit para PC y Notebook,"<h2>Libertá tu escritorio con el combo inalámbrico NOGA</h2><p>El <strong>Combo Inalámbrico NOGA S5550</strong> incluye teclado y mouse sin cables, conectados por un único receptor USB nano. Ideal para mantener tu escritorio ordenado y trabajar con total comodidad.</p><ul>
<li>Teclado y mouse <strong>inalámbrico 2.4GHz</strong> – sin cables, sin enredos</li>
<li>
<strong>Receptor USB nano</strong> único para ambos dispositivos</li>
<li>Alcance de hasta <strong>10 metros</strong>
</li>
<li>Teclado de tamaño completo con diseño ergonómico</li>
<li>Mouse óptico preciso con scroll</li>
<li>Compatible con <strong>Windows, Linux y macOS</strong>
</li>
<li>Funciona con pilas AA – larga duración de batería</li>
</ul><p>El combo perfecto para oficina, estudio y home office. Conectá el receptor y empezá a usar al instante.</p>",NOGA,Electronics > Electronics Accessories > Computer Components > Input Devices > Keyboards > Keyboard Kits,Teclados y Mouse,"combo, inalámbrico, mayorista, mouse, noga, pc, teclado",true,Title,Default Title,,,,,,,,S5550,550.0,shopify,0,deny,manual,12600.00,,true,true,,,,,7798137724335,https://cdn.shopify.com/s/files/1/0796/0703/8180/files/s5550-full-ff5789183d1b3ef2aa17392971635212-1024-1024.webp?v=1774375157,1,"",false,Combo Inalámbrico NOGA S5550 | Teclado y Mouse sin Cable para PC,"Combo teclado y mouse inalámbrico NOGA S5550. Receptor USB nano, alcance 10m, compatible con Windows, Linux y macOS. Ideal para oficina y home office.",,,,,,,,,,,,,,,,,,,,,,,,,,,,,,,,,,,,,,,,,,,negro,,,,,,,,,,,,,,,,,,,,,,,,,,,,,,,,,,,,,,,,,,,,,,,,,,,,,,,,,,,,,,,,,,,,,,,,,,,,,,,,,,,,,,,,,,,,,,,,,,,,,,,,,g,,,active
combo-inalambrico-noga-s5550,,,,,,,,,,,,,,,,,,,,,,,,,,,,,,,,https://cdn.shopify.com/s/files/1/0796/0703/8180/files/s5550-pack-1ded8d6c8cbb5a457f17392971853731-1024-1024.webp?v=1774375157,2,"",,,,,,,,,,,,,,,,,,,,,,,,,,,,,,,,,,,,,,,,,,,,,,,,,,,,,,,,,,,,,,,,,,,,,,,,,,,,,,,,,,,,,,,,,,,,,,,,,,,,,,,,,,,,,,,,,,,,,,,,,,,,,,,,,,,,,,,,,,,,,,,,,,,,,,,,,,
combo-inalambrico-noga-s5550,,,,,,,,,,,,,,,,,,,,,,,,,,,,,,,,https://cdn.shopify.com/s/files/1/0796/0703/8180/files/s5550-mouse-lateral-0ed5e2397bc7b426e517392971800005-1024-1024.webp?v=1774375157,3,"",,,,,,,,,,,,,,,,,,,,,,,,,,,,,,,,,,,,,,,,,,,,,,,,,,,,,,,,,,,,,,,,,,,,,,,,,,,,,,,,,,,,,,,,,,,,,,,,,,,,,,,,,,,,,,,,,,,,,,,,,,,,,,,,,,,,,,,,,,,,,,,,,,,,,,,,,,
combo-inalambrico-noga-s5550,,,,,,,,,,,,,,,,,,,,,,,,,,,,,,,,https://cdn.shopify.com/s/files/1/0796/0703/8180/files/s5550-teclado-angulo-b09261524ca06fae1417392971750381-1024-1024.webp?v=1774375157,4,"",,,,,,,,,,,,,,,,,,,,,,,,,,,,,,,,,,,,,,,,,,,,,,,,,,,,,,,,,,,,,,,,,,,,,,,,,,,,,,,,,,,,,,,,,,,,,,,,,,,,,,,,,,,,,,,,,,,,,,,,,,,,,,,,,,,,,,,,,,,,,,,,,,,,,,,,,,
combo-inalambrico-noga-mini-slim-s5900r,Combo Teclado y Mouse Inalámbrico NOGA Mini Slim S5900 – Compacto y Liviano,"<h2>El combo inalámbrico más compacto de NOGA</h2><p>El <strong>Combo Inalámbrico NOGA Mini Slim S5900</strong> combina un teclado compacto y un mouse óptico sin cables en un diseño ultra delgado. Perfecto para escritorios pequeños, notebooks y uso en viajes.</p><ul>
<li>Teclado y mouse <strong>inalámbrico 2.4GHz</strong> – sin cables, sin enredos</li>
<li>Diseño <strong>Mini Slim</strong> – compacto, liviano y fácil de transportar</li>
<li>
<strong>Receptor USB nano</strong> único para ambos dispositivos</li>
<li>Alcance de hasta <strong>10 metros</strong>
</li>
<li>Compatible con <strong>Windows, Linux y macOS</strong>
</li>
<li>Disponible en <strong>Negro, Rojo y Rosa</strong>
</li>
<li>Funciona con pilas AA – larga duración de batería</li>
</ul><p>Ideal para home office, estudio y uso diario. Conectá el receptor y empezá a usar al instante.</p>",NOGA,Uncategorized,Teclados y Mouse,"combo, inalámbrico, mayorista, mini, mouse, noga, slim, teclado",true,Color,Negro,,,,,,,,S5900n,0.0,shopify,0,deny,manual,11100.60,,true,true,,,,,7798137724274,https://cdn.shopify.com/s/files/1/0796/0703/8180/files/s5900-ng-angulo-4557639c8be45fcdf817641854408575-1024-1024.webp?v=1774375573,1,"",false,Combo Inalámbrico NOGA Mini Slim S5900 | Teclado y Mouse Compacto,"Combo teclado y mouse inalámbrico NOGA Mini Slim S5900. Diseño compacto, receptor USB nano, alcance 10m. Negro, Rojo y Rosa. Ideal para home office.",,,,,,,,,,,,,,,,,,,,,,,,,,,,,,,,,,,,,,,,,,,,,,,,,,,,,,,,,,,,,,,,,,,,,,,,,,,,,,,,,,,,,,,,,,,,,,,,,,,,,,,,,,,,,,,,,,,,,,,,,,,,,,,,,,,,,,,,,,,,,,,,,,,https://cdn.shopify.com/s/files/1/0796/0703/8180/files/s5900-ng-angulo-4557639c8be45fcdf817641854408575-1024-1024.webp?v=1774375573,g,,,active
combo-inalambrico-noga-mini-slim-s5900r,,,,,,,,,Rojo,,,,,,,,S5900R,0.0,shopify,8,deny,manual,11100.60,,true,true,,,,,7798137727343,https://cdn.shopify.com/s/files/1/0796/0703/8180/files/s5900-ng-pack-05a7590d10fe89acef17641858627886-1024-1024.webp?v=1774375573,2,"",,,,,,,,,,,,,,,,,,,,,,,,,,,,,,,,,,,,,,,,,,,,,,,,,,,,,,,,,,,,,,,,,,,,,,,,,,,,,,,,,,,,,,,,,,,,,,,,,,,,,,,,,,,,,,,,,,,,,,,,,,,,,,,,,,,,,,,,,,,,,,,,,,,,,,https://cdn.shopify.com/s/files/1/0796/0703/8180/files/s5900-rj-angulo-4413df7edc380d0af417641854283093-1024-1024.webp?v=1774375331,g,,,
combo-inalambrico-noga-mini-slim-s5900r,,,,,,,,,Rosa,,,,,,,,S5900Ro,0.0,shopify,7,deny,manual,11100.60,,true,true,,,,,7798137724281,https://cdn.shopify.com/s/files/1/0796/0703/8180/files/s5900-rs-pack-fb33be4c01ee583dfa17641858581895-1024-1024.webp?v=1774375573,3,"",,,,,,,,,,,,,,,,,,,,,,,,,,,,,,,,,,,,,,,,,,,,,,,,,,,,,,,,,,,,,,,,,,,,,,,,,,,,,,,,,,,,,,,,,,,,,,,,,,,,,,,,,,,,,,,,,,,,,,,,,,,,,,,,,,,,,,,,,,,,,,,,,,,,,,https://cdn.shopify.com/s/files/1/0796/0703/8180/files/s5900-rs-angulo-4b0993a2bae777ef3917641856330287-1024-1024.webp?v=1774375331,g,,,
combo-inalambrico-noga-mini-slim-s5900r,,,,,,,,,Celeste,,,,,,,,S5900RJ-4,0.0,shopify,0,deny,manual,11100.60,,true,true,,,,,"",https://cdn.shopify.com/s/files/1/0796/0703/8180/files/s5900-rj-angulo-4413df7edc380d0af417641854283093-1024-1024.webp?v=1774375331,4,"",,,,,,,,,,,,,,,,,,,,,,,,,,,,,,,,,,,,,,,,,,,,,,,,,,,,,,,,,,,,,,,,,,,,,,,,,,,,,,,,,,,,,,,,,,,,,,,,,,,,,,,,,,,,,,,,,,,,,,,,,,,,,,,,,,,,,,,,,,,,,,,,,,,,,,https://cdn.shopify.com/s/files/1/0796/0703/8180/files/s5900-az-angulo-78f399ab0027b2737f17641854180851-1024-1024.webp?v=1774375330,g,,,
combo-inalambrico-noga-mini-slim-s5900r,,,,,,,,,,,,,,,,,,,,,,,,,,,,,,,,https://cdn.shopify.com/s/files/1/0796/0703/8180/files/s5900-az-angulo-78f399ab0027b2737f17641854180851-1024-1024.webp?v=1774375330,5,"",,,,,,,,,,,,,,,,,,,,,,,,,,,,,,,,,,,,,,,,,,,,,,,,,,,,,,,,,,,,,,,,,,,,,,,,,,,,,,,,,,,,,,,,,,,,,,,,,,,,,,,,,,,,,,,,,,,,,,,,,,,,,,,,,,,,,,,,,,,,,,,,,,,,,,,,,,
combo-inalambrico-noga-mini-slim-s5900r,,,,,,,,,,,,,,,,,,,,,,,,,,,,,,,,https://cdn.shopify.com/s/files/1/0796/0703/8180/files/s5900-rs-angulo-4b0993a2bae777ef3917641856330287-1024-1024.webp?v=1774375331,6,"",,,,,,,,,,,,,,,,,,,,,,,,,,,,,,,,,,,,,,,,,,,,,,,,,,,,,,,,,,,,,,,,,,,,,,,,,,,,,,,,,,,,,,,,,,,,,,,,,,,,,,,,,,,,,,,,,,,,,,,,,,,,,,,,,,,,,,,,,,,,,,,,,,,,,,,,,,
combo-dual-inalambrico-noga-multitarea,Combo Dual Inalámbrico NOGA Multitarea – Teclado y Mouse para PC y Tablet,"<h2>El combo inalámbrico diseñado para la multitarea</h2><p>El <strong>Combo Dual Inalámbrico NOGA Multitarea</strong> combina un teclado y mouse sin cables con conectividad dual, ideal para quienes trabajan con múltiples dispositivos simultáneamente.</p><ul>
<li>Teclado y mouse <strong>inalámbrico 2.4GHz</strong> – sin cables, sin enredos</li>
<li>Conectividad <strong>dual</strong> – conectá y cambiá entre dispositivos fácilmente</li>
<li>
<strong>Receptor USB nano</strong> único para ambos dispositivos</li>
<li>Diseño ergonómico para largas jornadas de trabajo</li>
<li>Compatible con <strong>Windows, Linux y macOS</strong>
</li>
<li>Color <strong>Rojo</strong> – diseño llamativo y moderno</li>
</ul><p>Ideal para home office, multitarea y productividad. Conectá el receptor y empezá a usar al instante.</p>",NOGA,Electronics > Electronics Accessories > Computer Accessories > Computer Accessory Sets,Teclados y Mouse,"combo, dual, inalámbrico, mayorista, mouse, multitarea, noga, teclado",true,Color,negro,product.metafields.shopify.color-pattern,,,,,,,NKB-Q20,795.0,shopify,2,deny,manual,33900.00,,true,true,,,,,7798137723703,https://cdn.shopify.com/s/files/1/0796/0703/8180/files/nkb-q20-03-52d30aabe806547b7417604627791633-1024-1024.webp?v=1774376633,1,"",false,Combo Dual Inalámbrico NOGA Multitarea | Teclado y Mouse sin Cable,"Combo dual inalámbrico NOGA multitarea. Teclado y mouse 2.4GHz, receptor USB nano, compatible con Windows, Linux y macOS. Ideal para home office.",,,,,,,,,,,,,,,,,,,,,,,,,,,,,,,,,,,,,,,,,,,negro; rosa; azul; gris; plateado,,,,,teclado; raton,,,,,,,,,,,,,,,,,,,,,,,,,,,,,,,,,,,,,,,,,,,,,,,,,,,,,,,,,,,,,,,,,,,,,,,,,,,,,,,,,,,,,,,,,,,,,,,,,,,https://cdn.shopify.com/s/files/1/0796/0703/8180/files/nkb-q20-02-4d866ea62d543797aa17604627783225-1024-1024.webp?v=1774376633,g,,,active
combo-dual-inalambrico-noga-multitarea,,,,,,,,,rosa,,,,,,,,NKB-Q20,795.0,shopify,0,deny,manual,33900.00,,true,true,,,,,7798137723383,https://cdn.shopify.com/s/files/1/0796/0703/8180/files/nkb-q20-02-4d866ea62d543797aa17604627783225-1024-1024.webp?v=1774376633,2,"",,,,,,,,,,,,,,,,,,,,,,,,,,,,,,,,,,,,,,,,,,,,,,,,,,,,,,,,,,,,,,,,,,,,,,,,,,,,,,,,,,,,,,,,,,,,,,,,,,,,,,,,,,,,,,,,,,,,,,,,,,,,,,,,,,,,,,,,,,,,,,,,,,,,,,https://cdn.shopify.com/s/files/1/0796/0703/8180/files/nkb-q20-03-52d30aabe806547b7417604627791633-1024-1024.webp?v=1774376633,g,,,
combo-dual-inalambrico-noga-multitarea,,,,,,,,,azul,,,,,,,,NKB-Q20,795.0,shopify,0,deny,manual,33900.00,,true,true,,,,,7798137723383,https://cdn.shopify.com/s/files/1/0796/0703/8180/files/nkb-q20-01-5267c0eb34a618fd3917604627794319-1024-1024.webp?v=1774376633,3,"",,,,,,,,,,,,,,,,,,,,,,,,,,,,,,,,,,,,,,,,,,,,,,,,,,,,,,,,,,,,,,,,,,,,,,,,,,,,,,,,,,,,,,,,,,,,,,,,,,,,,,,,,,,,,,,,,,,,,,,,,,,,,,,,,,,,,,,,,,,,,,,,,,,,,,https://cdn.shopify.com/s/files/1/0796/0703/8180/files/nkb-q20-01-5267c0eb34a618fd3917604627794319-1024-1024.webp?v=1774376633,g,,,
combo-dual-inalambrico-noga-multitarea,,,,,,,,,gris,,,,,,,,NKB-Q20,795.0,shopify,0,deny,manual,33900.00,,true,true,,,,,7798137723383,https://cdn.shopify.com/s/files/1/0796/0703/8180/files/nkb-q20-04-4451e93a97d71df55217604627801549-1024-1024.webp?v=1774376633,4,"",,,,,,,,,,,,,,,,,,,,,,,,,,,,,,,,,,,,,,,,,,,,,,,,,,,,,,,,,,,,,,,,,,,,,,,,,,,,,,,,,,,,,,,,,,,,,,,,,,,,,,,,,,,,,,,,,,,,,,,,,,,,,,,,,,,,,,,,,,,,,,,,,,,,,,https://cdn.shopify.com/s/files/1/0796/0703/8180/files/nkb-q20-ngam-full-de519cf0a29fcdf52117315965145445-1024-1024.webp?v=1774376633,g,,,
combo-dual-inalambrico-noga-multitarea,,,,,,,,,plateado,,,,,,,,NKB-Q20,795.0,shopify,0,deny,manual,33900.00,,true,true,,,,,7798137723383,https://cdn.shopify.com/s/files/1/0796/0703/8180/files/nkb-q20-ngam-full-de519cf0a29fcdf52117315965145445-1024-1024.webp?v=1774376633,5,"",,,,,,,,,,,,,,,,,,,,,,,,,,,,,,,,,,,,,,,,,,,,,,,,,,,,,,,,,,,,,,,,,,,,,,,,,,,,,,,,,,,,,,,,,,,,,,,,,,,,,,,,,,,,,,,,,,,,,,,,,,,,,,,,,,,,,,,,,,,,,,,,,,,,,,https://cdn.shopify.com/s/files/1/0796/0703/8180/files/nkb-q20-04-4451e93a97d71df55217604627801549-1024-1024.webp?v=1774376633,g,,,
combo-dual-inalambrico-noga-multitarea,,,,,,,,,,,,,,,,,,,,,,,,,,,,,,,,https://cdn.shopify.com/s/files/1/0796/0703/8180/files/nkb-q20am-mouse-0f151f8e501ee0669817315965209530-1024-1024.webp?v=1774376633,6,"",,,,,,,,,,,,,,,,,,,,,,,,,,,,,,,,,,,,,,,,,,,,,,,,,,,,,,,,,,,,,,,,,,,,,,,,,,,,,,,,,,,,,,,,,,,,,,,,,,,,,,,,,,,,,,,,,,,,,,,,,,,,,,,,,,,,,,,,,,,,,,,,,,,,,,,,,,
combo-dual-inalambrico-noga-multitarea,,,,,,,,,,,,,,,,,,,,,,,,,,,,,,,,https://cdn.shopify.com/s/files/1/0796/0703/8180/files/nkb-q20am-pack-51e2a9012a94aa574f17320414299764-1024-1024.webp?v=1774376633,7,"",,,,,,,,,,,,,,,,,,,,,,,,,,,,,,,,,,,,,,,,,,,,,,,,,,,,,,,,,,,,,,,,,,,,,,,,,,,,,,,,,,,,,,,,,,,,,,,,,,,,,,,,,,,,,,,,,,,,,,,,,,,,,,,,,,,,,,,,,,,,,,,,,,,,,,,,,,
cartucho-sega-apevtech-109-en-1-mega-drive,"Cartucho Sega 109 Juegos en 1 APEVTECH – Sin Repetir, Compatible Mega Drive","<h2>109 clásicos de Sega en un solo cartucho</h2><p>El <strong>Cartucho APEVTECH 109 en 1</strong> trae 109 juegos originales de Sega Mega Drive sin repetir, en un único cartucho compatible con todas las consolas de 16 bits del mercado.</p><ul>
<li>
<strong>109 juegos sin repetir</strong> – variedad garantizada de títulos clásicos</li>
<li>Compatible con <strong>Sega Mega Drive, Genesis y clones de 16 bits</strong>
</li>
<li>Menú de selección de juegos integrado</li>
<li>Cartucho de <strong>72 pines</strong> estándar</li>
<li>Calidad APEVTECH – diseñado para durabilidad y compatibilidad</li>
</ul><p>Ideal para ampliar la biblioteca de tu consola Sega o como regalo para los fans del gaming retro. Un solo cartucho, decenas de horas de diversión.</p>",APEVTECH,Electronics > Video Game Console Accessories > Home Game Console Accessories,Accesorios / Gaming Retro,"109 en 1, 16 bits, cartucho, mayorista, mega drive, retro, sega",true,Title,Default Title,,,,,,,,car109,45.0,shopify,1,deny,manual,20377.50,,true,true,,,,,,https://cdn.shopify.com/s/files/1/0796/0703/8180/files/WhatsApp_Image_2026-03-24_at_14.37.22.jpg?v=1774377213,1,"",false,Cartucho Sega 109 en 1 APEVTECH | Sin Repetir Mega Drive 16 Bits,Cartucho APEVTECH 109 juegos en 1 sin repetir para Sega Mega Drive y clones 16 bits. Menú integrado. Ideal para gaming retro y coleccionistas.,,,,,,,,,,,,,,,,,,,,,,,,,,,,,,,,,,,,,,,,,,,,,,,,,,,,,,,,,,,,,,,,,,,,,,,,,,,,,,,,,,,,,,,,,,,,,,,,,,,,,,,,,,,,,,,,,,,,,,,,,,,,,,,,,,,,,,,,,,,,,,,,,,,,g,,,active
cartucho-sega-apevtech-109-en-1-mega-drive,,,,,,,,,,,,,,,,,,,,,,,,,,,,,,,,https://cdn.shopify.com/s/files/1/0796/0703/8180/files/WhatsAppImage2024-09-02at16.38.08.jpg?v=1774377213,2,"",,,,,,,,,,,,,,,,,,,,,,,,,,,,,,,,,,,,,,,,,,,,,,,,,,,,,,,,,,,,,,,,,,,,,,,,,,,,,,,,,,,,,,,,,,,,,,,,,,,,,,,,,,,,,,,,,,,,,,,,,,,,,,,,,,,,,,,,,,,,,,,,,,,,,,,,,,
cartucho-sega-apevtech-109-en-1-mega-drive,,,,,,,,,,,,,,,,,,,,,,,,,,,,,,,,https://cdn.shopify.com/s/files/1/0796/0703/8180/files/WhatsAppImage2024-09-02at16.38.09_2.jpg?v=1774377213,3,"",,,,,,,,,,,,,,,,,,,,,,,,,,,,,,,,,,,,,,,,,,,,,,,,,,,,,,,,,,,,,,,,,,,,,,,,,,,,,,,,,,,,,,,,,,,,,,,,,,,,,,,,,,,,,,,,,,,,,,,,,,,,,,,,,,,,,,,,,,,,,,,,,,,,,,,,,,
cartucho-sega-apevtech-109-en-1-mega-drive,,,,,,,,,,,,,,,,,,,,,,,,,,,,,,,,https://cdn.shopify.com/s/files/1/0796/0703/8180/files/WhatsAppImage2024-09-02at16.38.09_1.jpg?v=1774377213,4,"",,,,,,,,,,,,,,,,,,,,,,,,,,,,,,,,,,,,,,,,,,,,,,,,,,,,,,,,,,,,,,,,,,,,,,,,,,,,,,,,,,,,,,,,,,,,,,,,,,,,,,,,,,,,,,,,,,,,,,,,,,,,,,,,,,,,,,,,,,,,,,,,,,,,,,,,,,
cartucho-sega-apevtech-109-en-1-mega-drive,,,,,,,,,,,,,,,,,,,,,,,,,,,,,,,,https://cdn.shopify.com/s/files/1/0796/0703/8180/files/WhatsAppImage2024-09-02at16.38.09.jpg?v=1774377213,5,"",,,,,,,,,,,,,,,,,,,,,,,,,,,,,,,,,,,,,,,,,,,,,,,,,,,,,,,,,,,,,,,,,,,,,,,,,,,,,,,,,,,,,,,,,,,,,,,,,,,,,,,,,,,,,,,,,,,,,,,,,,,,,,,,,,,,,,,,,,,,,,,,,,,,,,,,,,
cartucho-sega-apevtech-109-en-1-mega-drive,,,,,,,,,,,,,,,,,,,,,,,,,,,,,,,,https://cdn.shopify.com/s/files/1/0796/0703/8180/files/WhatsAppImage2024-09-02at16.38.10_1.jpg?v=1774377213,6,"",,,,,,,,,,,,,,,,,,,,,,,,,,,,,,,,,,,,,,,,,,,,,,,,,,,,,,,,,,,,,,,,,,,,,,,,,,,,,,,,,,,,,,,,,,,,,,,,,,,,,,,,,,,,,,,,,,,,,,,,,,,,,,,,,,,,,,,,,,,,,,,,,,,,,,,,,,
cartucho-sega-apevtech-109-en-1-mega-drive,,,,,,,,,,,,,,,,,,,,,,,,,,,,,,,,https://cdn.shopify.com/s/files/1/0796/0703/8180/files/WhatsAppImage2024-09-02at16.38.10.jpg?v=1774377213,7,"",,,,,,,,,,,,,,,,,,,,,,,,,,,,,,,,,,,,,,,,,,,,,,,,,,,,,,,,,,,,,,,,,,,,,,,,,,,,,,,,,,,,,,,,,,,,,,,,,,,,,,,,,,,,,,,,,,,,,,,,,,,,,,,,,,,,,,,,,,,,,,,,,,,,,,,,,,
cartucho-family-apevtech-114-en-1-nes,"Cartucho Family 114 Juegos en 1 APEVTECH – Sin Repetir, Compatible NES","<h2>114 clásicos del Family en un solo cartucho</h2><p>El <strong>Cartucho APEVTECH 114 en 1</strong> trae 114 juegos originales estilo Family/NES sin repetir, en un único cartucho compatible con todas las consolas de 8 bits del mercado.</p><ul>
<li>
<strong>114 juegos sin repetir</strong> – amplia variedad de títulos clásicos</li>
<li>Compatible con <strong>Family, NES y clones de 8 bits</strong>
</li>
<li>Menú de selección de juegos integrado</li>
<li>Cartucho de <strong>72 pines</strong> estándar</li>
<li>Calidad APEVTECH – diseñado para durabilidad y compatibilidad</li>
</ul><p>Ideal para ampliar la biblioteca de tu consola Family o como regalo para los fans del gaming retro. Un solo cartucho, cientos de horas de diversión.</p>",APEVTECH,Software > Video Game Software,Accesorios / Gaming Retro,"114 en 1, 8 bits, cartucho, family, mayorista, nes, retro",true,Title,Default Title,,,,,,,,,35.0,shopify,14,deny,manual,18590.00,,true,true,,,,,,https://cdn.shopify.com/s/files/1/0796/0703/8180/files/2b564a19abf4dd4c1ddad8d91094.jpg?v=1774377471,1,"",false,Cartucho Family 114 en 1 APEVTECH | Sin Repetir NES 8 Bits,"Cartucho APEVTECH 114 juegos en 1 sin repetir para Family, NES y clones 8 bits. Menú integrado. Ideal para gaming retro y coleccionistas.",,,,,,,,,,,,,,,,,,,,,,,,,,,,,,,,,,,,,,,,,,,,,,,,,,,,,,,,,,,,,,,,,,,,,,,,,,,,,,,,,,,,,,,,,,,,,,,,,,,,,,,,,,,,,,,,europa-eu; global-gl,,,,,,,,,,,,,,,,,,,,,,,,,fisico,accion; aventura; carreras; deportes; conducir-carreras,nintendo-entertainment-system-nes,plataforma; hack-and-slash,,,,,,,,g,,,active
cargador-samsung-original-25w-usb-c-sin-cable,Cargador Samsung Original 25W USB-C – Carga Rápida (Sin Cable),"<h2>Carga rápida oficial Samsung en tu celular</h2><p>El <strong>Cargador Samsung Original 25W USB-C</strong> es el cargador oficial de Samsung con tecnología de carga rápida Super Fast Charging. Compatible con la mayoría de smartphones Samsung y dispositivos USB-C.</p><ul>
<li>Potencia de <strong>25W</strong> – carga rápida Super Fast Charging</li>
<li>Salida <strong>USB-C</strong> – compatible con Galaxy S21, S22, S23, S24, A54, A34 y más</li>
<li>Producto <strong>original Samsung</strong> – calidad y seguridad garantizada</li>
<li>Disponible en <strong>Negro y Blanco</strong>
</li>
<li>
<strong>No incluye cable</strong> – solo el cargador/adaptador de pared</li>
<li>Compacto y liviano – ideal para viajes</li>
</ul><p>Cargá tu Samsung más rápido con el cargador oficial. Evitá cargadores genéricos que pueden dañar la batería de tu dispositivo.</p>",SAMSUNG,Electronics > Electronics Accessories > Power > Power Adapters & Chargers,Cargadores / Cables,"25w, carga rápida, cargador, mayorista, original, samsung, usb-c",true,Color,blanco,product.metafields.shopify.color-pattern,,,,,,,EP-TA800,70.0,shopify,0,deny,manual,22880.00,,true,true,,,,,8801643979379,https://cdn.shopify.com/s/files/1/0796/0703/8180/files/196750-800-auto.png?v=1774378086,1,"",false,Cargador Samsung Original 25W USB-C | Super Fast Charging Sin Cable,Cargador original Samsung 25W USB-C con Super Fast Charging. Compatible con Galaxy S y A series. Negro o Blanco. No incluye cable.,,,,,,,,,,,,,,,,,,,,,,,,,,,,,,,,,,,,,,,,,,,blanco; negro,,,,,,,usb-c,,,,,,,,,,,,,,,,,,,,,,,,,,,,,,,,,,,,,,,,,,,,,,,,,,,,,,,ar,,,alimentado-por-ca,,,,,,,,,,,,,,,,,,,,,,,,,,,,,,,,,,,,,,,https://cdn.shopify.com/s/files/1/0796/0703/8180/files/196748-800-auto.png?v=1774378086,g,,,active
cargador-samsung-original-25w-usb-c-sin-cable,,,,,,,,,negro,,,,,,,,EP-TA801,70.0,shopify,0,deny,manual,22880.00,,true,true,,,,,8801643979379,https://cdn.shopify.com/s/files/1/0796/0703/8180/files/196749-800-auto.png?v=1774378086,2,"",,,,,,,,,,,,,,,,,,,,,,,,,,,,,,,,,,,,,,,,,,,,,,,,,,,,,,,,,,,,,,,,,,,,,,,,,,,,,,,,,,,,,,,,,,,,,,,,,,,,,,,,,,,,,,,,,,,,,,,,,,,,,,,,,,,,,,,,,,,,,,,,,,,,,,https://cdn.shopify.com/s/files/1/0796/0703/8180/files/196751-800-auto.png?v=1774378086,g,,,
cargador-samsung-original-25w-usb-c-sin-cable,,,,,,,,,,,,,,,,,,,,,,,,,,,,,,,,https://cdn.shopify.com/s/files/1/0796/0703/8180/files/196748-800-auto.png?v=1774378086,3,"",,,,,,,,,,,,,,,,,,,,,,,,,,,,,,,,,,,,,,,,,,,,,,,,,,,,,,,,,,,,,,,,,,,,,,,,,,,,,,,,,,,,,,,,,,,,,,,,,,,,,,,,,,,,,,,,,,,,,,,,,,,,,,,,,,,,,,,,,,,,,,,,,,,,,,,,,,
cargador-samsung-original-25w-usb-c-sin-cable,,,,,,,,,,,,,,,,,,,,,,,,,,,,,,,,https://cdn.shopify.com/s/files/1/0796/0703/8180/files/196747-800-auto.png?v=1774378086,4,"",,,,,,,,,,,,,,,,,,,,,,,,,,,,,,,,,,,,,,,,,,,,,,,,,,,,,,,,,,,,,,,,,,,,,,,,,,,,,,,,,,,,,,,,,,,,,,,,,,,,,,,,,,,,,,,,,,,,,,,,,,,,,,,,,,,,,,,,,,,,,,,,,,,,,,,,,,
cargador-samsung-original-25w-usb-c-sin-cable,,,,,,,,,,,,,,,,,,,,,,,,,,,,,,,,https://cdn.shopify.com/s/files/1/0796/0703/8180/files/196752-800-auto.png?v=1774378086,5,"",,,,,,,,,,,,,,,,,,,,,,,,,,,,,,,,,,,,,,,,,,,,,,,,,,,,,,,,,,,,,,,,,,,,,,,,,,,,,,,,,,,,,,,,,,,,,,,,,,,,,,,,,,,,,,,,,,,,,,,,,,,,,,,,,,,,,,,,,,,,,,,,,,,,,,,,,,
cargador-samsung-original-25w-usb-c-sin-cable,,,,,,,,,,,,,,,,,,,,,,,,,,,,,,,,https://cdn.shopify.com/s/files/1/0796/0703/8180/files/196751-800-auto.png?v=1774378086,6,"",,,,,,,,,,,,,,,,,,,,,,,,,,,,,,,,,,,,,,,,,,,,,,,,,,,,,,,,,,,,,,,,,,,,,,,,,,,,,,,,,,,,,,,,,,,,,,,,,,,,,,,,,,,,,,,,,,,,,,,,,,,,,,,,,,,,,,,,,,,,,,,,,,,,,,,,,,
cargador-universal-kosmo-bateria-litio-led,Cargador Universal KOSMO para Batería de Litio – con Indicador LED,"<h2>Cargá cualquier batería de litio con indicador LED</h2><p>El <strong>Cargador Universal KOSMO KS-18E</strong> es un cargador inteligente compatible con una amplia variedad de baterías de litio recargables. Su indicador LED permite monitorear el estado de carga en todo momento.</p><ul>
<li>Compatible con baterías de litio <strong>18650, 26650, 14500, 16340</strong> y similares</li>
<li>
<strong>Indicador LED</strong> de estado de carga integrado</li>
<li>Carga inteligente – detecta automáticamente el tipo y capacidad de la batería</li>
<li>Protección contra sobrecarga, cortocircuito y polaridad inversa</li>
<li>Entrada <strong>220V</strong> – compatible con enchufes argentinos</li>
<li>Compacto y fácil de usar</li>
</ul><p>Ideal para baterías de linternas, vaporizadores, cámaras y otros dispositivos con baterías de litio recargables.</p>",KOSMO,Electronics > Electronics Accessories > Power > Battery Accessories > General Purpose Battery Chargers,Cargadores / Baterías,"18650, batería, cargador, kosmo, litio, mayorista, universal",true,Title,Default Title,,,,,,,,KS-18E,70.0,shopify,5,deny,manual,2860.00,,true,true,,,,,"",https://cdn.shopify.com/s/files/1/0796/0703/8180/files/PhotoRoom-20230707_185605_11.png?v=1774378598,1,"",false,Cargador Universal KOSMO Batería Litio | Indicador LED 18650,"Cargador universal KOSMO para baterías de litio 18650, 26650 y más. Indicador LED, carga inteligente y protección múltiple. Compatible 220V Argentina.",,,,,,,,,,,,,,,,,,,,,,,,,,,,,,,,,,,,,,,,,,,colour; clara; blanco,litio,,,,,,usb; adaptador-de-ca,,,,,,,,,,,,,,,,,,,,,,,,,,,,,,,,,,,,,,,,,,,,,,,,,,,,,,,,,,alimentado-por-ca,,,,,,,,,,,,,,,,,,,,,,,,,,,,,,,,,,,,,,,,g,,,active
cargador-universal-kosmo-bateria-litio-led,,,,,,,,,,,,,,,,,,,,,,,,,,,,,,,,https://cdn.shopify.com/s/files/1/0796/0703/8180/files/Copia-de-Sin-titulo-78-4.png?v=1774378598,2,"",,,,,,,,,,,,,,,,,,,,,,,,,,,,,,,,,,,,,,,,,,,,,,,,,,,,,,,,,,,,,,,,,,,,,,,,,,,,,,,,,,,,,,,,,,,,,,,,,,,,,,,,,,,,,,,,,,,,,,,,,,,,,,,,,,,,,,,,,,,,,,,,,,,,,,,,,,
cargador-universal-kosmo-bateria-litio-led,,,,,,,,,,,,,,,,,,,,,,,,,,,,,,,,https://cdn.shopify.com/s/files/1/0796/0703/8180/files/PhotoRoom-20230707_185605_8.png?v=1774378598,3,"",,,,,,,,,,,,,,,,,,,,,,,,,,,,,,,,,,,,,,,,,,,,,,,,,,,,,,,,,,,,,,,,,,,,,,,,,,,,,,,,,,,,,,,,,,,,,,,,,,,,,,,,,,,,,,,,,,,,,,,,,,,,,,,,,,,,,,,,,,,,,,,,,,,,,,,,,,
cargador-time-usb-c-3-1a-2-puertos-usb-cable-desmontable,Cargador TIME USB-C 3.1A + 2 Puertos USB – con Cable Desmontable,"<h2>Cargá hasta 3 dispositivos al mismo tiempo</h2><p>El <strong>Cargador TIME USB-C 3.1A</strong> es un cargador multipuerto que combina una salida USB-C de alta potencia con 2 puertos USB-A adicionales. Incluye cable desmontable para mayor versatilidad.</p><ul>
<li>Salida <strong>USB-C 3.1A</strong> para carga rápida de smartphones y tablets</li>
<li>
<strong>2 puertos USB-A</strong> adicionales para cargar más dispositivos simultáneamente</li>
<li>
<strong>Cable desmontable</strong> incluido – fácil de reemplazar o intercambiar</li>
<li>Compatible con <strong>iPhone, Android, tablets y más</strong>
</li>
<li>Entrada <strong>220V</strong> – compatible con enchufes argentinos</li>
<li>Diseño compacto ideal para hogar, oficina y viajes</li>
</ul><p>Un solo cargador para toda tu familia de dispositivos. Práctico, potente y versátil.</p>",TIME,Electronics > Electronics Accessories > Power > Power Adapters & Chargers,Cargadores / Cables,"3.1a, cable, cargador, mayorista, multipuerto, time, usb-c",true,Color,negro,product.metafields.shopify.color-pattern,,,,,,,TMCC 328,70.0,shopify,28,deny,manual,2940.00,3001.00,true,true,,,,,723540566286,https://cdn.shopify.com/s/files/1/0796/0703/8180/files/WhatsAppImage2026-03-24at16.06.09_1.jpg?v=1774379571,1,"",false,Cargador TIME USB-C 3.1A + 2 USB | Multipuerto con Cable Desmontable,Cargador TIME multipuerto USB-C 3.1A + 2 puertos USB-A con cable desmontable. Compatible con iPhone y Android. Entrada 220V. Ideal para hogar y oficina.,,,,,,,,,,,,,,,,,,,,,,,,,,,,,,,,,,,,,,,,,,,negro; blanco,,,,,,,usb,,,,,,,,,,,,,,,,,,,,,,,,,,,,,,,,,,,,,,,,,,,,,,,,,,,,,,,,,,alimentado-por-ca,,,,,,,,,,,,,,,,,,,,,,,,,,,,,,,,,,,,,,,https://cdn.shopify.com/s/files/1/0796/0703/8180/files/WhatsAppImage2026-03-24at16.06.09.jpg?v=1774379571,g,,1724.00,active
cargador-time-usb-c-3-1a-2-puertos-usb-cable-desmontable,,,,,,,,,blanco,,,,,,,,TMCC 328,70.0,shopify,31,deny,manual,2940.00,3001.00,true,true,,,,,723540566286,https://cdn.shopify.com/s/files/1/0796/0703/8180/files/WhatsAppImage2026-03-24at16.06.09.jpg?v=1774379571,2,"",,,,,,,,,,,,,,,,,,,,,,,,,,,,,,,,,,,,,,,,,,,,,,,,,,,,,,,,,,,,,,,,,,,,,,,,,,,,,,,,,,,,,,,,,,,,,,,,,,,,,,,,,,,,,,,,,,,,,,,,,,,,,,,,,,,,,,,,,,,,,,,,,,,,,,https://cdn.shopify.com/s/files/1/0796/0703/8180/files/WhatsAppImage2026-03-24at16.06.10.jpg?v=1774379571,g,,1724.00,
cargador-time-usb-c-3-1a-2-puertos-usb-cable-desmontable,,,,,,,,,,,,,,,,,,,,,,,,,,,,,,,,https://cdn.shopify.com/s/files/1/0796/0703/8180/files/WhatsAppImage2026-03-24at16.06.10.jpg?v=1774379571,3,"",,,,,,,,,,,,,,,,,,,,,,,,,,,,,,,,,,,,,,,,,,,,,,,,,,,,,,,,,,,,,,,,,,,,,,,,,,,,,,,,,,,,,,,,,,,,,,,,,,,,,,,,,,,,,,,,,,,,,,,,,,,,,,,,,,,,,,,,,,,,,,,,,,,,,,,,,,
cargador-time-usb-c-3-1a-2-puertos-usb-cable-desmontable,,,,,,,,,,,,,,,,,,,,,,,,,,,,,,,,https://cdn.shopify.com/s/files/1/0796/0703/8180/files/WhatsAppImage2026-03-24at16.06.09_2.jpg?v=1774379530,4,"",,,,,,,,,,,,,,,,,,,,,,,,,,,,,,,,,,,,,,,,,,,,,,,,,,,,,,,,,,,,,,,,,,,,,,,,,,,,,,,,,,,,,,,,,,,,,,,,,,,,,,,,,,,,,,,,,,,,,,,,,,,,,,,,,,,,,,,,,,,,,,,,,,,,,,,,,,
cargador-time-usb-c-3-1a-2-puertos-usb-cable-desmontable,,,,,,,,,,,,,,,,,,,,,,,,,,,,,,,,https://cdn.shopify.com/s/files/1/0796/0703/8180/files/WhatsAppImage2026-03-24at16.07.01.jpg?v=1774379531,5,"",,,,,,,,,,,,,,,,,,,,,,,,,,,,,,,,,,,,,,,,,,,,,,,,,,,,,,,,,,,,,,,,,,,,,,,,,,,,,,,,,,,,,,,,,,,,,,,,,,,,,,,,,,,,,,,,,,,,,,,,,,,,,,,,,,,,,,,,,,,,,,,,,,,,,,,,,,
cargador-time-usb-c-3-1a-2-puertos-usb-cable-desmontable,,,,,,,,,,,,,,,,,,,,,,,,,,,,,,,,https://cdn.shopify.com/s/files/1/0796/0703/8180/files/WhatsAppImage2026-03-24at16.07.01_1.jpg?v=1774379530,6,"",,,,,,,,,,,,,,,,,,,,,,,,,,,,,,,,,,,,,,,,,,,,,,,,,,,,,,,,,,,,,,,,,,,,,,,,,,,,,,,,,,,,,,,,,,,,,,,,,,,,,,,,,,,,,,,,,,,,,,,,,,,,,,,,,,,,,,,,,,,,,,,,,,,,,,,,,,
cargador-auto-seisa-15w-2-puertos-display-voltaje,Cargador para Auto SEISA 15W – 2 Puertos USB con Display de Voltaje,"<h2>Cargá dos dispositivos en el auto con control de voltaje</h2><p>El <strong>Cargador para Auto SEISA 15W</strong> se conecta al encendedor de tu vehículo y ofrece 2 puertos USB para cargar simultáneamente dos dispositivos. Su display digital muestra el voltaje de la batería del auto en tiempo real.</p><ul>
<li>
<strong>2 puertos USB</strong> para carga simultánea de smartphones y tablets</li>
<li>Potencia total de <strong>15W</strong> para carga eficiente</li>
<li>
<strong>Display digital</strong> con indicador de voltaje de batería del vehículo</li>
<li>Conexión por <strong>encendedor 12V/24V</strong> – compatible con autos, camionetas y camiones</li>
<li>Compatible con <strong>iPhone, Android y cualquier dispositivo USB</strong>
</li>
<li>Diseño compacto que no obstruye el tablero</li>
</ul><p>Ideal para viajes largos, viajes de trabajo y uso diario en el auto. Mantené tus dispositivos cargados y monitoreá la batería de tu vehículo al mismo tiempo.</p>",SEISA,Electronics > Electronics Accessories > Power > Power Adapters & Chargers,Cargadores / Cables,"12v, 15w, auto, cargador, display, mayorista, seisa, usb",true,Title,Default Title,,,,,,,,SM-FS343,20.0,shopify,7,deny,manual,1540.00,,true,true,,,,,6290132576816,https://cdn.shopify.com/s/files/1/0796/0703/8180/files/376717bd4df612502f2e71ef3c0b2857.webp?v=1774379969,1,"",false,Cargador Auto SEISA 15W 2 USB | Display Voltaje 12V 24V,"Cargador para auto SEISA 15W con 2 puertos USB y display de voltaje. Compatible con 12V/24V, iPhone y Android. Ideal para autos, camionetas y camiones.",,,,,,,,,,,,,,,,,,,,,,,,,,,,,,,,,,,,,,,,,,,,,,,,,,,,,,,,,,,,,,,,,,,,,,,,,,,,,,,,,,,,,,,,,,,,,,,,,,,,,,,,,,,,,,,,,,,,,,,,,,,,,,,,,,,,,,,,,,,,,,,,,,,,g,,,active
cargador-noga-20w-usb-c-usb-a-carga-rapida,"Cargador NOGA 20W Carga Rápida – USB-A + USB-C (Solo Módulo, Sin Cable)","<h2>Carga rápida de 20W con doble puerto USB</h2><p>El <strong>Cargador NOGA 20W</strong> es un módulo de pared con puerto USB-A y USB-C que permite cargar rápidamente dos dispositivos al mismo tiempo. Compacto, potente y compatible con la mayoría de smartphones modernos.</p><ul>
<li>Puerto <strong>USB-C</strong> con carga rápida de hasta <strong>20W</strong> (PD)</li>
<li>Puerto <strong>USB-A</strong> para carga estándar simultánea</li>
<li>Compatible con <strong>iPhone 12/13/14/15, Samsung, Xiaomi</strong> y más</li>
<li>Entrada <strong>220V</strong> – compatible con enchufes argentinos</li>
<li>Diseño compacto – no ocupa espacio en el tomacorriente</li>
<li>
<strong>Solo módulo</strong> – no incluye cable</li>
</ul><p>Ideal para quienes buscan carga rápida sin pagar de más. Conectá tu cable USB-C y cargá al máximo rendimiento.</p>",NOGA,Electronics > Electronics Accessories > Power > Power Adapters & Chargers,Cargadores / Cables,"20w, carga rápida, cargador, mayorista, noga, pd, usb-c",true,Title,Default Title,,,,,,,,NGA-123,70.0,shopify,0,deny,manual,8400.00,,true,true,,,,,,https://cdn.shopify.com/s/files/1/0796/0703/8180/files/nga-123-angulo-6380323a78fd05120d17561433976144-1024-1024.webp?v=1774380891,1,"",false,Cargador NOGA 20W USB-C + USB-A | Carga Rápida Sin Cable,"Cargador NOGA 20W con puerto USB-C (PD) y USB-A. Carga rápida para iPhone y Android. Entrada 220V. Solo módulo, sin cable incluido.",,,,,,,,,,,,,,,,,,,,,,,,,,,,,,,,,,,,,,,,,,,blanco,,,,,,,usb,,,,,,,,,,,,,,,,,,,,,,,,,,,,,,,,,,,,,,,,,,,,,,,,,,,,,,,,,,alimentado-por-ca,,,,,,,,,,,,,,,,,,,,,,,,,,,,,,,,,,,,,,,,g,,,active
cargador-noga-20w-usb-c-usb-a-carga-rapida,,,,,,,,,,,,,,,,,,,,,,,,,,,,,,,,https://cdn.shopify.com/s/files/1/0796/0703/8180/files/ejemplo-1024-x1024-ff562fcda7549e40ad17562156062491-1024-1024.webp?v=1774380891,2,"",,,,,,,,,,,,,,,,,,,,,,,,,,,,,,,,,,,,,,,,,,,,,,,,,,,,,,,,,,,,,,,,,,,,,,,,,,,,,,,,,,,,,,,,,,,,,,,,,,,,,,,,,,,,,,,,,,,,,,,,,,,,,,,,,,,,,,,,,,,,,,,,,,,,,,,,,,
cargador-noga-20w-usb-c-usb-a-carga-rapida,,,,,,,,,,,,,,,,,,,,,,,,,,,,,,,,https://cdn.shopify.com/s/files/1/0796/0703/8180/files/nga-123-puertos-b958e8a92cd9a3662217561434029029-1024-1024.webp?v=1774380891,3,"",,,,,,,,,,,,,,,,,,,,,,,,,,,,,,,,,,,,,,,,,,,,,,,,,,,,,,,,,,,,,,,,,,,,,,,,,,,,,,,,,,,,,,,,,,,,,,,,,,,,,,,,,,,,,,,,,,,,,,,,,,,,,,,,,,,,,,,,,,,,,,,,,,,,,,,,,,
cargador-noga-3-en-1-cabezal-auto-cable,Cargador NOGA 3 en 1 – Cabezal 220V + Cargador Auto 12V + Cable,"<h2>Un solo kit de carga para usar en casa y en el auto</h2><p>El <strong>Cargador NOGA 3 en 1</strong> incluye todo lo que necesitás para cargar tu dispositivo en cualquier lugar: cabezal para pared, cargador para auto y cable, todo en un mismo pack.</p><ul>
<li>
<strong>Cabezal USB</strong> para pared – entrada 220V compatible con enchufes argentinos</li>
<li>
<strong>Cargador para auto</strong> – entrada 12V para encendedor de vehículo</li>
<li>
<strong>Cable incluido</strong> para conectar tu dispositivo</li>
<li>Kit completo ideal para viajes, trabajo y uso diario</li>
<li>Compatible con smartphones y tablets</li>
<li>Marca <strong>NOGA</strong> – calidad garantizada</li>
</ul><p>Todo en uno: cargá en casa, en el auto o donde estés. El kit más completo al mejor precio.</p>",NOGA,Electronics > Electronics Accessories > Power > Power Adapters & Chargers,Cargadores / Cables,"12v, 220v, 3 en 1, auto, cargador, kit, mayorista, noga",true,Title,Default Title,,,,,,,,NGH-2,115.0,shopify,7,deny,manual,7900.00,,true,true,,,,,7798137714855,https://cdn.shopify.com/s/files/1/0796/0703/8180/files/WhatsAppImage2026-03-24at16.24.26_1.jpg?v=1774380528,1,"",false,Cargador NOGA 3 en 1 | Cabezal 220V + Auto 12V + Cable,"Kit cargador NOGA 3 en 1 con cabezal 220V, cargador auto 12V y cable incluido. Compatible con smartphones y tablets. Ideal para viajes y uso diario.",,,,,,,,,,,,,,,,,,,,,,,,,,,,,,,,,,,,,,,,,,,,,,,,,,,,,,,,,,,,,,,,,,,,,,,,,,,,,,,,,,,,,,,,,,,,,,,,,,,,,,,,,,,,,,,,,,,,,,,,,,,,,,,,,,,,,,,,,,,,,,,,,,,,g,,,active
cargador-noga-3-en-1-cabezal-auto-cable,,,,,,,,,,,,,,,,,,,,,,,,,,,,,,,,https://cdn.shopify.com/s/files/1/0796/0703/8180/files/WhatsAppImage2026-03-24at16.25.48.jpg?v=1774380495,2,"",,,,,,,,,,,,,,,,,,,,,,,,,,,,,,,,,,,,,,,,,,,,,,,,,,,,,,,,,,,,,,,,,,,,,,,,,,,,,,,,,,,,,,,,,,,,,,,,,,,,,,,,,,,,,,,,,,,,,,,,,,,,,,,,,,,,,,,,,,,,,,,,,,,,,,,,,,
cargador-noga-3-en-1-cabezal-auto-cable,,,,,,,,,,,,,,,,,,,,,,,,,,,,,,,,https://cdn.shopify.com/s/files/1/0796/0703/8180/files/WhatsAppImage2026-03-24at16.24.26.jpg?v=1774380552,3,"",,,,,,,,,,,,,,,,,,,,,,,,,,,,,,,,,,,,,,,,,,,,,,,,,,,,,,,,,,,,,,,,,,,,,,,,,,,,,,,,,,,,,,,,,,,,,,,,,,,,,,,,,,,,,,,,,,,,,,,,,,,,,,,,,,,,,,,,,,,,,,,,,,,,,,,,,,
cargador-micro-usb-time-3-1a-cable-desmontable,Cargador Micro USB TIME 3.1A – con Cable Desmontable,"<h2>Carga rápida Micro USB con cable incluido</h2><p>El <strong>Cargador Micro USB TIME 3.1A</strong> es un cargador de pared de alta potencia con cable Micro USB desmontable. Ideal para smartphones, tablets y dispositivos con entrada Micro USB.</p><ul>
<li>Salida <strong>3.1A</strong> para carga rápida y eficiente</li>
<li>Cable <strong>Micro USB desmontable</strong> incluido – fácil de reemplazar</li>
<li>Compatible con <strong>Samsung, Motorola, LG, Nokia</strong> y dispositivos Micro USB</li>
<li>Entrada <strong>220V</strong> – compatible con enchufes argentinos</li>
<li>Diseño compacto ideal para hogar, oficina y viajes</li>
</ul><p>Una solución completa y económica para mantener tus dispositivos Micro USB siempre cargados.</p>",TIME,Electronics > Electronics Accessories > Power > Power Adapters & Chargers,Cargadores / Cables,"220v, 3.1a, cable, cargador, mayorista, micro usb, time",true,Title,Default Title,,,,,,,,TMCC327,75.0,shopify,5,deny,manual,2940.00,,true,true,,,,,723540566279,https://cdn.shopify.com/s/files/1/0796/0703/8180/files/WhatsAppImage2026-03-24at16.39.16.jpg?v=1774381366,1,"",false,Cargador Micro USB TIME 3.1A | Con Cable Desmontable 220V,"Cargador Micro USB TIME 3.1A con cable desmontable incluido. Compatible con Samsung, Motorola y más. Entrada 220V. Ideal para hogar y oficina.",,,,,,,,,,,,,,,,,,,,,,,,,,,,,,,,,,,,,,,,,,,blanco; beige,,,,,,,micro-usb,,,,,,,,,,,,,,,,,,,,,,,,,,,,,,,,,,,,,,,,,,,,,,,,,,,,,,,,,,alimentado-por-ca,,,,,,,,,,,,,,,,,,,,,,,,,,,,,,,,,,,,,,,,g,,,active
cargador-micro-usb-time-3-1a-cable-desmontable,,,,,,,,,,,,,,,,,,,,,,,,,,,,,,,,https://cdn.shopify.com/s/files/1/0796/0703/8180/files/WhatsAppImage2026-03-24at16.39.15.jpg?v=1774381366,2,"",,,,,,,,,,,,,,,,,,,,,,,,,,,,,,,,,,,,,,,,,,,,,,,,,,,,,,,,,,,,,,,,,,,,,,,,,,,,,,,,,,,,,,,,,,,,,,,,,,,,,,,,,,,,,,,,,,,,,,,,,,,,,,,,,,,,,,,,,,,,,,,,,,,,,,,,,,
cargador-micro-usb-time-3-1a-cable-desmontable,,,,,,,,,,,,,,,,,,,,,,,,,,,,,,,,https://cdn.shopify.com/s/files/1/0796/0703/8180/files/Cargador-carga-rapida-V8-3.1a-Time-TMCC-327.webp?v=1774381280,3,"",,,,,,,,,,,,,,,,,,,,,,,,,,,,,,,,,,,,,,,,,,,,,,,,,,,,,,,,,,,,,,,,,,,,,,,,,,,,,,,,,,,,,,,,,,,,,,,,,,,,,,,,,,,,,,,,,,,,,,,,,,,,,,,,,,,,,,,,,,,,,,,,,,,,,,,,,,
cargador-kosmo-turbo-3-1a-micro-usb,Cargador KOSMO Turbo 3.1A Micro USB – Carga Rápida para Android,"<h2>Carga turbo para tus dispositivos Micro USB</h2><p>El <strong>Cargador KOSMO Turbo 3.1A Micro USB</strong> es un cargador de pared de alta potencia con tecnología turbo para reducir significativamente los tiempos de carga en smartphones y tablets con entrada Micro USB.</p><ul>
<li>Salida <strong>3.1A Turbo</strong> – carga más rápida que los cargadores estándar</li>
<li>Conector <strong>Micro USB</strong> – compatible con Samsung, Motorola, LG, Nokia y más</li>
<li>Entrada <strong>220V</strong> – compatible con enchufes argentinos</li>
<li>Protección contra sobrecarga y sobrecalentamiento</li>
<li>Diseño compacto ideal para hogar, oficina y viajes</li>
<li>Marca <strong>KOSMO</strong> – calidad y durabilidad garantizada</li>
</ul><p>Cargá tu dispositivo más rápido con tecnología turbo. Ideal para quienes necesitan máxima carga en el menor tiempo posible.</p>",KOSMO,Electronics > Electronics Accessories > Power > Power Adapters & Chargers,Cargadores / Cables,"3.1a, carga rápida, cargador, kosmo, mayorista, micro usb, turbo",true,Title,Default Title,,,,,,,,KOS 3.1AM,90.0,shopify,3,deny,manual,5219.50,,true,true,,,,,,https://cdn.shopify.com/s/files/1/0796/0703/8180/files/PhotoRoom-20230707_162446_9.png?v=1774381843,1,"",false,Cargador KOSMO Turbo 3.1A Micro USB | Carga Rápida Android 220V,"Cargador KOSMO Turbo 3.1A Micro USB con protección contra sobrecarga. Compatible con Samsung, Motorola y más. Entrada 220V. Carga rápida para Android.",,,,,,,,,,,,,,,,,,,,,,,,,,,,,,,,,,,,,,,,,,,blanco,,,,,,,micro-usb,,,,,,,,,,,,,,,,,,,,,,,,,,,,,,,,,,,,,,,,,,,,,,,,,,,,,,,,,,alimentado-por-ca,,,,,,,,,,,,,,,,,,,,,,,,,,,,,,,,,,,,,,,,g,,,active
cargador-kosmo-turbo-3-1a-micro-usb,,,,,,,,,,,,,,,,,,,,,,,,,,,,,,,,https://cdn.shopify.com/s/files/1/0796/0703/8180/files/WhatsApp_Image_2026-03-24_at_16.48.45.jpg?v=1774381843,2,"",,,,,,,,,,,,,,,,,,,,,,,,,,,,,,,,,,,,,,,,,,,,,,,,,,,,,,,,,,,,,,,,,,,,,,,,,,,,,,,,,,,,,,,,,,,,,,,,,,,,,,,,,,,,,,,,,,,,,,,,,,,,,,,,,,,,,,,,,,,,,,,,,,,,,,,,,,
cargador-kosmo-turbo-3-1a-micro-usb,,,,,,,,,,,,,,,,,,,,,,,,,,,,,,,,https://cdn.shopify.com/s/files/1/0796/0703/8180/files/PhotoRoom-20230707_162446_13.png?v=1774381843,3,"",,,,,,,,,,,,,,,,,,,,,,,,,,,,,,,,,,,,,,,,,,,,,,,,,,,,,,,,,,,,,,,,,,,,,,,,,,,,,,,,,,,,,,,,,,,,,,,,,,,,,,,,,,,,,,,,,,,,,,,,,,,,,,,,,,,,,,,,,,,,,,,,,,,,,,,,,,
cargador-kosmo-1a-micro-usb,Cargador KOSMO 1A Micro USB – Cargador de Pared para Android,"<h2>Carga confiable para tus dispositivos Micro USB</h2><p>El <strong>Cargador KOSMO 1A Micro USB</strong> es un cargador de pared compacto y económico, ideal para cargar smartphones, tablets y otros dispositivos con entrada Micro USB de forma segura y eficiente.</p><ul>
<li>Salida <strong>1A</strong> – carga estándar segura para baterías de litio</li>
<li>Conector <strong>Micro USB</strong> – compatible con Samsung, Motorola, LG, Nokia y más</li>
<li>Entrada <strong>220V</strong> – compatible con enchufes argentinos</li>
<li>Protección contra sobrecarga y cortocircuito</li>
<li>Diseño compacto y liviano – ideal para hogar y viajes</li>
<li>Marca <strong>KOSMO</strong> – calidad y durabilidad garantizada</li>
</ul><p>La opción económica y confiable para mantener tus dispositivos Micro USB siempre cargados.</p>",KOSMO,Electronics > Electronics Accessories > Power > Power Adapters & Chargers,Cargadores / Cables,"1a, 220v, android, cargador, kosmo, mayorista, micro usb",true,Title,Default Title,,,,,,,,BX2,50.0,shopify,5,deny,manual,1888.00,,true,true,,,,,,https://cdn.shopify.com/s/files/1/0796/0703/8180/files/WhatsAppImage2026-03-24at16.58.42_2.jpg?v=1774382443,1,"",false,Cargador KOSMO 1A Micro USB | Cargador Pared Android 220V,"Cargador KOSMO 1A Micro USB para Android. Compatible con Samsung, Motorola y más. Entrada 220V, protección contra sobrecarga. Compacto y económico.",,,,,,,,,,,,,,,,,,,,,,,,,,,,,,,,,,,,,,,,,,,negro; blanco,,,,,,,micro-usb,,,,,,,,,,,,,,,,,,,,,,,,,,,,,,,,,,,,,,,,,,,,,,,,,,,,,,,,,,alimentado-por-ca,,,,,,,,,,,,,,,,,,,,,,,,,,,,,,,,,,,,,,,,g,,,active
cargador-kosmo-1a-micro-usb,,,,,,,,,,,,,,,,,,,,,,,,,,,,,,,,https://cdn.shopify.com/s/files/1/0796/0703/8180/files/WhatsAppImage2026-03-24at16.58.42.jpg?v=1774382443,2,"",,,,,,,,,,,,,,,,,,,,,,,,,,,,,,,,,,,,,,,,,,,,,,,,,,,,,,,,,,,,,,,,,,,,,,,,,,,,,,,,,,,,,,,,,,,,,,,,,,,,,,,,,,,,,,,,,,,,,,,,,,,,,,,,,,,,,,,,,,,,,,,,,,,,,,,,,,
cargador-kosmo-1a-micro-usb,,,,,,,,,,,,,,,,,,,,,,,,,,,,,,,,https://cdn.shopify.com/s/files/1/0796/0703/8180/files/WhatsAppImage2026-03-24at16.58.42_1.jpg?v=1774382443,3,"",,,,,,,,,,,,,,,,,,,,,,,,,,,,,,,,,,,,,,,,,,,,,,,,,,,,,,,,,,,,,,,,,,,,,,,,,,,,,,,,,,,,,,,,,,,,,,,,,,,,,,,,,,,,,,,,,,,,,,,,,,,,,,,,,,,,,,,,,,,,,,,,,,,,,,,,,,
cargador-pilas-noga-usb-4-pilas-aa-aaa,Cargador de Pilas NOGA USB – Carga hasta 4 Pilas AA/AAA Recargables,"<h2>Cargá hasta 4 pilas recargables desde cualquier puerto USB</h2><p>El <strong>Cargador de Pilas NOGA USB</strong> te permite cargar hasta 4 pilas recargables AA o AAA simultáneamente desde cualquier puerto USB. Práctico, económico y compatible con la mayoría de pilas recargables del mercado.</p><ul>
<li>Carga hasta <strong>4 pilas simultáneamente</strong>
</li>
<li>Compatible con pilas recargables <strong>AA y AAA</strong> (NiMH)</li>
<li>Alimentación por <strong>USB</strong> – conectá a cualquier cargador, PC o power bank</li>
<li>Indicador LED de estado de carga</li>
<li>Diseño compacto y liviano – ideal para hogar, oficina y viajes</li>
<li>Marca <strong>NOGA</strong> – calidad garantizada</li>
</ul><p>Ideal para pilas de controles remotos, juguetes, cámaras y cualquier dispositivo que use pilas AA o AAA recargables. Ahorrá dinero y cuidá el medio ambiente.</p>",NOGA,Electronics > Electronics Accessories > Power > Battery Accessories > General Purpose Battery Chargers,Cargadores / Baterías,"aa, aaa, cargador, mayorista, noga, pilas, recargable, usb",true,Title,Default Title,,,,,,,,NG-5900 USB,55.0,shopify,11,deny,manual,5964.00,,true,true,,,,,7798137718822,https://cdn.shopify.com/s/files/1/0796/0703/8180/files/ng-5900-usb-pack-2025-c147823138337f0a9017562237594730-1024-1024.webp?v=1774382583,1,"",false,Cargador de Pilas NOGA USB | 4 Pilas AA AAA Recargables,"Cargador de pilas NOGA USB para 4 pilas AA/AAA recargables simultáneas. Alimentación USB, indicador LED. Ideal para controles, juguetes y cámaras.",,,,,,,,,,,,,,,,,,,,,,,,,,,,,,,,,,,,,,,,,,,blanco,niquel-cadmio-nicd; niquel-hidruro-metalico-nimh,,,,,,usb-c,,,,,,,,,,,,,,,,,,,,,,,,,,,,,,,,,,,,,,,,,,,,,,,,,,,,,,,,,,usb,,,,,,,,,,,,,,,,,,,,,,,,,,,,,,,,,,,,,,,,g,,,active
cargador-pilas-noga-usb-4-pilas-aa-aaa,,,,,,,,,,,,,,,,,,,,,,,,,,,,,,,,https://cdn.shopify.com/s/files/1/0796/0703/8180/files/ng-5900_usb_11-8a1176223754f478df16437359889371-1024-1024.webp?v=1774382583,2,"",,,,,,,,,,,,,,,,,,,,,,,,,,,,,,,,,,,,,,,,,,,,,,,,,,,,,,,,,,,,,,,,,,,,,,,,,,,,,,,,,,,,,,,,,,,,,,,,,,,,,,,,,,,,,,,,,,,,,,,,,,,,,,,,,,,,,,,,,,,,,,,,,,,,,,,,,,
cargador-pilas-noga-usb-4-pilas-aa-aaa,,,,,,,,,,,,,,,,,,,,,,,,,,,,,,,,https://cdn.shopify.com/s/files/1/0796/0703/8180/files/ng-5900_usb_21-e8c3e08ada54ef3a4a16437359889706-1024-1024.webp?v=1774382583,3,"",,,,,,,,,,,,,,,,,,,,,,,,,,,,,,,,,,,,,,,,,,,,,,,,,,,,,,,,,,,,,,,,,,,,,,,,,,,,,,,,,,,,,,,,,,,,,,,,,,,,,,,,,,,,,,,,,,,,,,,,,,,,,,,,,,,,,,,,,,,,,,,,,,,,,,,,,,
cargador-pilas-energizer-4-ranuras-2-aa-recargables,Cargador de Pilas ENERGIZER – 4 Ranuras + 2 Pilas AA Recargables Incluidas,"<h2>El kit completo de carga ENERGIZER para pilas recargables</h2><p>El <strong>Cargador de Pilas ENERGIZER</strong> viene con 2 pilas AA recargables incluidas y capacidad para cargar hasta 4 pilas simultáneamente. La solución más completa de la marca líder en baterías.</p><ul>
<li>Capacidad para <strong>4 pilas simultáneas</strong> (AA o AAA)</li>
<li>Incluye <strong>2 pilas AA recargables ENERGIZER</strong>
</li>
<li>Compatible con pilas recargables <strong>NiMH AA y AAA</strong>
</li>
<li>Indicador LED de estado de carga</li>
<li>Entrada <strong>220V</strong> – compatible con enchufes argentinos</li>
<li>Marca <strong>ENERGIZER</strong> – líder mundial en baterías y carga</li>
</ul><p>Ideal para controles remotos, juguetes, cámaras y cualquier dispositivo que use pilas AA o AAA. Ahorrá dinero a largo plazo con pilas recargables de alta calidad.</p>",ENERGIZER,Electronics > Electronics Accessories > Power > Battery Accessories > General Purpose Battery Chargers,Cargadores / Baterías,"aa, cargador, energizer, mayorista, nimh, pilas, recargable",true,Title,Default Title,,,,,,,,,180.0,shopify,2,deny,manual,44988.00,,true,true,,,,,4891138941138,https://cdn.shopify.com/s/files/1/0796/0703/8180/files/WhatsAppImage2026-03-24at17.24.56_1.jpg?v=1774384891,1,"",false,Cargador Pilas ENERGIZER 4 Ranuras + 2 AA Recargables Incluidas,"Cargador ENERGIZER para 4 pilas AA/AAA recargables con 2 pilas AA incluidas. Indicador LED, entrada 220V. Ideal para controles, juguetes y cámaras.",,,,,,,,,,,,,,,,,,,,,,,,,,,,,,,,,,,,,,,,,,,negro,niquel-hidruro-metalico-nimh,,,,,,adaptador-de-ca,,,,,,,,,,,,,,,,,,,,,,,,,,,,,,,,,,,,,,,,,,,,,,,,,,,,,,,,,,alimentado-por-ca,,,,,,,,,,,,,,,,,,,,,,,,,,,,,,,,,,,,,,,,g,,,active
cargador-pilas-energizer-4-ranuras-2-aa-recargables,,,,,,,,,,,,,,,,,,,,,,,,,,,,,,,,https://cdn.shopify.com/s/files/1/0796/0703/8180/files/WhatsAppImage2026-03-24at17.24.56.jpg?v=1774384891,2,"",,,,,,,,,,,,,,,,,,,,,,,,,,,,,,,,,,,,,,,,,,,,,,,,,,,,,,,,,,,,,,,,,,,,,,,,,,,,,,,,,,,,,,,,,,,,,,,,,,,,,,,,,,,,,,,,,,,,,,,,,,,,,,,,,,,,,,,,,,,,,,,,,,,,,,,,,,
camara-ip-noga-giro-360-calidad-480p-interior-con-audio-wifi-2-4ghz-vision-nocturna-domo,Cámara IP NOGA Domo 360° WiFi 2.4GHz con Audio y Visión Nocturna,"<h2>Vigilancia inteligente en cada rincón</h2><p>La <strong>Cámara IP NOGA Domo 360°</strong> te permite monitorear tu hogar u oficina desde cualquier lugar, con rotación completa y conexión WiFi 2.4GHz sin cables complicados.</p><h3>Características principales</h3><ul>
<li>🔄 <strong>Giro 360°</strong> para cobertura total del ambiente</li>
<li>📡 <strong>WiFi 2.4GHz</strong> – conexión estable y fácil configuración</li>
<li>🎙️ <strong>Audio bidireccional</strong> integrado</li>
<li>🌙 <strong>Visión nocturna</strong> para vigilancia las 24 horas</li>
<li>📷 Calidad de imagen <strong>480p</strong>
</li>
<li>🏠 Diseño tipo domo para uso <strong>interior</strong>
</li>
</ul><p>Ideal para monitorear bebés, mascotas, locales comerciales o cualquier espacio interior que necesite seguridad constante.</p>",NOGA,Cameras & Optics > Cameras > Surveillance Cameras,Cámaras de Seguridad,"cámara ip, mayorista, noga, seguridad, visión nocturna, wifi",true,Title,Default Title,,,,,,,,NGW-45,260.0,shopify,5,deny,manual,29120.00,,true,true,,,,,7798137724687,https://cdn.shopify.com/s/files/1/0796/0703/8180/files/whatsapp-image-2025-03-31-at-11-58-09-am-0c730c5627baaf04b917434341249579-1024-1024.webp?v=1774445034,1,"",false,Cámara IP NOGA Domo 360° WiFi con Audio y Visión Nocturna | Parquelectro,"Cámara IP NOGA domo 360° para interior con WiFi 2.4GHz, audio bidireccional y visión nocturna. Vigilancia inteligente desde tu celular.",,,,,,,,,,,,,,,,,,,,,,,,,,,,,,,,,,,,,visor,,,,,,blanco,,,,,,inalambrico,,wi-fi,,,,,,,,,,,,,,,,,,,,,,,,,,,,,,,,,,,,plastico,,,,,,,,,,,,,,,,,,,,,alimentado-por-ca,,,,,,,,,,,,,,,,,,,,cupula,techo,,,,,,,,,,,,,,,,,,,g,,,active
camara-ip-noga-giro-360-calidad-480p-interior-con-audio-wifi-2-4ghz-vision-nocturna-domo,,,,,,,,,,,,,,,,,,,,,,,,,,,,,,,,https://cdn.shopify.com/s/files/1/0796/0703/8180/files/ngw-45_pack-3f688cbca1a3335c9417442285126206-1024-1024.webp?v=1774445034,2,"",,,,,,,,,,,,,,,,,,,,,,,,,,,,,,,,,,,,,,,,,,,,,,,,,,,,,,,,,,,,,,,,,,,,,,,,,,,,,,,,,,,,,,,,,,,,,,,,,,,,,,,,,,,,,,,,,,,,,,,,,,,,,,,,,,,,,,,,,,,,,,,,,,,,,,,,,,
camara-ip-noga-giro-360-calidad-480p-interior-con-audio-wifi-2-4ghz-vision-nocturna-domo,,,,,,,,,,,,,,,,,,,,,,,,,,,,,,,,https://cdn.shopify.com/s/files/1/0796/0703/8180/files/ngw-45_02-97c8f6b80aac811a2717442284979329-1024-1024.webp?v=1774445034,3,"",,,,,,,,,,,,,,,,,,,,,,,,,,,,,,,,,,,,,,,,,,,,,,,,,,,,,,,,,,,,,,,,,,,,,,,,,,,,,,,,,,,,,,,,,,,,,,,,,,,,,,,,,,,,,,,,,,,,,,,,,,,,,,,,,,,,,,,,,,,,,,,,,,,,,,,,,,
camara-ip-noga-giro-360-calidad-480p-interior-con-audio-wifi-2-4ghz-vision-nocturna-domo,,,,,,,,,,,,,,,,,,,,,,,,,,,,,,,,https://cdn.shopify.com/s/files/1/0796/0703/8180/files/1-e795abd18162915c8917740227929231-1024-1024.webp?v=1774445034,4,"",,,,,,,,,,,,,,,,,,,,,,,,,,,,,,,,,,,,,,,,,,,,,,,,,,,,,,,,,,,,,,,,,,,,,,,,,,,,,,,,,,,,,,,,,,,,,,,,,,,,,,,,,,,,,,,,,,,,,,,,,,,,,,,,,,,,,,,,,,,,,,,,,,,,,,,,,,
camara-ip-noga-giro-360-calidad-480p-interior-con-audio-wifi-2-4ghz-vision-nocturna,Cámara IP NOGA 360° WiFi 2.4GHz con Audio y Visión Nocturna,"<h2>Seguridad total desde tu celular</h2><p>La <strong>Cámara IP NOGA 360°</strong> te da el control completo de tu espacio interior: gira en todas las direcciones, escucha y habla en tiempo real, y ve con claridad incluso de noche.</p><h3>Características principales</h3><ul>
<li>🔄 <strong>Giro 360°</strong> para cobertura total del ambiente</li>
<li>📡 <strong>WiFi 2.4GHz</strong> – conexión estable y configuración sencilla</li>
<li>🎙️ <strong>Audio bidireccional</strong> integrado</li>
<li>🌙 <strong>Visión nocturna</strong> para vigilancia las 24 horas</li>
<li>📷 Calidad de imagen <strong>480p</strong>
</li>
<li>🏠 Diseñada para uso <strong>interior</strong>
</li>
</ul><p>Ideal para el hogar, oficinas pequeñas o locales comerciales que necesitan vigilancia continua y acceso remoto desde cualquier dispositivo.</p>",NOGA,Cameras & Optics > Cameras > Surveillance Cameras,Cámaras de Seguridad,"cámara ip, mayorista, noga, seguridad, visión nocturna, wifi",true,Title,Default Title,,,,,,,,NGW-12,285.0,shopify,4,deny,manual,22260.00,,true,true,,,,,7798137724663,https://cdn.shopify.com/s/files/1/0796/0703/8180/files/whatsapp-image-2025-03-31-at-12-19-40-pm-479ed9ddb7cc207e1717434347945678-1024-1024.webp?v=1774445269,1,"",false,Cámara IP NOGA 360° WiFi con Audio y Visión Nocturna | Parquelectro,"Cámara IP NOGA 360° interior con WiFi 2.4GHz, audio bidireccional y visión nocturna. Control remoto desde tu celular. SKU NGW-12.",,,,,,,,,,,,,,,,,,,,,,,,,,,,,,,,,,,,,,,,,,,,,,,,,,,,,,,,,,,,,,,,,,,,,,,,,,,,,,,,,,,,,,,,,,,,,,,,,,,,,,,,,,,,,,,,,,,,,,,,,,,,,,,,,,,,,,,,,,,,,,,,,,,,g,,,active
camara-ip-noga-giro-360-calidad-480p-interior-con-audio-wifi-2-4ghz-vision-nocturna,,,,,,,,,,,,,,,,,,,,,,,,,,,,,,,,https://cdn.shopify.com/s/files/1/0796/0703/8180/files/4-8814db19bddc57ef5017740227508533-1024-1024.webp?v=1774445269,2,"",,,,,,,,,,,,,,,,,,,,,,,,,,,,,,,,,,,,,,,,,,,,,,,,,,,,,,,,,,,,,,,,,,,,,,,,,,,,,,,,,,,,,,,,,,,,,,,,,,,,,,,,,,,,,,,,,,,,,,,,,,,,,,,,,,,,,,,,,,,,,,,,,,,,,,,,,,
camara-ip-noga-giro-360-calidad-480p-interior-con-audio-wifi-2-4ghz-vision-nocturna,,,,,,,,,,,,,,,,,,,,,,,,,,,,,,,,https://cdn.shopify.com/s/files/1/0796/0703/8180/files/3-5f94dc8d755ee5e45a17740227520318-1024-1024.webp?v=1774445269,3,"",,,,,,,,,,,,,,,,,,,,,,,,,,,,,,,,,,,,,,,,,,,,,,,,,,,,,,,,,,,,,,,,,,,,,,,,,,,,,,,,,,,,,,,,,,,,,,,,,,,,,,,,,,,,,,,,,,,,,,,,,,,,,,,,,,,,,,,,,,,,,,,,,,,,,,,,,,
camara-ip-noga-giro-360-calidad-480p-interior-con-audio-wifi-2-4ghz-vision-nocturna,,,,,,,,,,,,,,,,,,,,,,,,,,,,,,,,https://cdn.shopify.com/s/files/1/0796/0703/8180/files/6-438913d551e34f6c4817740227522535-1024-1024.webp?v=1774445269,4,"",,,,,,,,,,,,,,,,,,,,,,,,,,,,,,,,,,,,,,,,,,,,,,,,,,,,,,,,,,,,,,,,,,,,,,,,,,,,,,,,,,,,,,,,,,,,,,,,,,,,,,,,,,,,,,,,,,,,,,,,,,,,,,,,,,,,,,,,,,,,,,,,,,,,,,,,,,
camara-ip-noga-giro-360-calidad-480p-interior-con-audio-wifi-2-4ghz-vision-nocturna,,,,,,,,,,,,,,,,,,,,,,,,,,,,,,,,https://cdn.shopify.com/s/files/1/0796/0703/8180/files/ngw-12-pack-c41e5b516df3c6ae8517470761140323-1024-1024.webp?v=1774445269,5,"",,,,,,,,,,,,,,,,,,,,,,,,,,,,,,,,,,,,,,,,,,,,,,,,,,,,,,,,,,,,,,,,,,,,,,,,,,,,,,,,,,,,,,,,,,,,,,,,,,,,,,,,,,,,,,,,,,,,,,,,,,,,,,,,,,,,,,,,,,,,,,,,,,,,,,,,,,
camara-ip-noga-giro-360-calidad-480p-interior-con-audio-wifi-2-4ghz-vision-nocturna,,,,,,,,,,,,,,,,,,,,,,,,,,,,,,,,https://cdn.shopify.com/s/files/1/0796/0703/8180/files/ngw-12_02-0413663a330a3d1b8717442285634213-1024-1024.webp?v=1774445269,6,"",,,,,,,,,,,,,,,,,,,,,,,,,,,,,,,,,,,,,,,,,,,,,,,,,,,,,,,,,,,,,,,,,,,,,,,,,,,,,,,,,,,,,,,,,,,,,,,,,,,,,,,,,,,,,,,,,,,,,,,,,,,,,,,,,,,,,,,,,,,,,,,,,,,,,,,,,,
camara-ip-noga-giro-360-calidad-480p-interior-con-audio-wifi-2-4ghz-vision-nocturna,,,,,,,,,,,,,,,,,,,,,,,,,,,,,,,,https://cdn.shopify.com/s/files/1/0796/0703/8180/files/5-7124d8400a86d7e44e17740227460398-1024-1024.webp?v=1774445191,7,"",,,,,,,,,,,,,,,,,,,,,,,,,,,,,,,,,,,,,,,,,,,,,,,,,,,,,,,,,,,,,,,,,,,,,,,,,,,,,,,,,,,,,,,,,,,,,,,,,,,,,,,,,,,,,,,,,,,,,,,,,,,,,,,,,,,,,,,,,,,,,,,,,,,,,,,,,,
camara-ip-noga-giro-360-calidad-480p-interior-con-audio-wifi-2-4ghz-vision-nocturna,,,,,,,,,,,,,,,,,,,,,,,,,,,,,,,,https://cdn.shopify.com/s/files/1/0796/0703/8180/files/1-ad6176661100eadbbc17740227452456-1024-1024.webp?v=1774445191,8,"",,,,,,,,,,,,,,,,,,,,,,,,,,,,,,,,,,,,,,,,,,,,,,,,,,,,,,,,,,,,,,,,,,,,,,,,,,,,,,,,,,,,,,,,,,,,,,,,,,,,,,,,,,,,,,,,,,,,,,,,,,,,,,,,,,,,,,,,,,,,,,,,,,,,,,,,,,
camara-ip-noga-giro-360-calidad-480p-interior-2-4ghz,Cámara IP NOGA 360° WiFi 2.4GHz 480p Interior,"<h2>Vigilancia simple y efectiva para tu hogar</h2><p>La <strong>Cámara IP NOGA 360°</strong> es la opción ideal para quienes buscan seguridad interior confiable sin complicaciones. Con rotación completa y conexión WiFi 2.4GHz, mantené el control de tu espacio desde cualquier lugar.</p><h3>Características principales</h3><ul>
<li>🔄 <strong>Giro 360°</strong> para cobertura total del ambiente</li>
<li>📡 <strong>WiFi 2.4GHz</strong> – conexión estable y fácil configuración</li>
<li>📷 Calidad de imagen <strong>480p</strong>
</li>
<li>🏠 Diseñada para uso <strong>interior</strong>
</li>
<li>📱 Acceso remoto desde tu celular</li>
</ul><p>Perfecta para monitorear habitaciones, entradas o locales pequeños con una solución compacta y accesible.</p>",NOGA,Cameras & Optics > Cameras > Surveillance Cameras,Cámaras de Seguridad,"cámara ip, interior, mayorista, noga, seguridad, wifi",true,Title,Default Title,,,,,,,,NGW-11,310.0,shopify,1,deny,manual,24080.00,,true,true,,,,,7798137724649,https://cdn.shopify.com/s/files/1/0796/0703/8180/files/whatsapp-image-2025-03-31-at-12-25-06-pm-dacfad5b6ff37fd94817434350744265-1024-1024.webp?v=1774445467,1,"",false,Cámara IP NOGA 360° WiFi 2.4GHz 480p Interior | Parquelectro,"Cámara IP NOGA 360° para interior con WiFi 2.4GHz y 480p. Monitoreo remoto desde tu celular. Simple, confiable y accesible. SKU NGW-11.",,,,,,,,,,,,,,,,,,,,,,,,,,,,,,,,,,,,,control-remoto,,,,,,blanco,,,,,,inalambrico,,wi-fi,,,,,,,,,,,,,,,,,,,,,,,,,,,,,,,,,,,,plastico,,,,,,,,,,,,,,,,,,,,,alimentado-por-ca,,,,,,,,,,,,,,,,,,,,cupula,techo; pared,,,,,,,,,,,,,,,,,,,g,,,active
camara-ip-noga-giro-360-calidad-480p-interior-2-4ghz,,,,,,,,,,,,,,,,,,,,,,,,,,,,,,,,https://cdn.shopify.com/s/files/1/0796/0703/8180/files/1-cca18d23713b516fce17740225581434-1024-1024.webp?v=1774445467,2,"",,,,,,,,,,,,,,,,,,,,,,,,,,,,,,,,,,,,,,,,,,,,,,,,,,,,,,,,,,,,,,,,,,,,,,,,,,,,,,,,,,,,,,,,,,,,,,,,,,,,,,,,,,,,,,,,,,,,,,,,,,,,,,,,,,,,,,,,,,,,,,,,,,,,,,,,,,
camara-ip-noga-giro-360-calidad-480p-interior-2-4ghz,,,,,,,,,,,,,,,,,,,,,,,,,,,,,,,,https://cdn.shopify.com/s/files/1/0796/0703/8180/files/2-664b2af2cf1539084d17740225635503-1024-1024.webp?v=1774445467,3,"",,,,,,,,,,,,,,,,,,,,,,,,,,,,,,,,,,,,,,,,,,,,,,,,,,,,,,,,,,,,,,,,,,,,,,,,,,,,,,,,,,,,,,,,,,,,,,,,,,,,,,,,,,,,,,,,,,,,,,,,,,,,,,,,,,,,,,,,,,,,,,,,,,,,,,,,,,
camara-ip-noga-giro-360-calidad-480p-interior-2-4ghz,,,,,,,,,,,,,,,,,,,,,,,,,,,,,,,,https://cdn.shopify.com/s/files/1/0796/0703/8180/files/5-00e51040c60f7c9a1d17740225631167-1024-1024.webp?v=1774445467,4,"",,,,,,,,,,,,,,,,,,,,,,,,,,,,,,,,,,,,,,,,,,,,,,,,,,,,,,,,,,,,,,,,,,,,,,,,,,,,,,,,,,,,,,,,,,,,,,,,,,,,,,,,,,,,,,,,,,,,,,,,,,,,,,,,,,,,,,,,,,,,,,,,,,,,,,,,,,
camara-ip-noga-giro-360-calidad-480p-interior-2-4ghz,,,,,,,,,,,,,,,,,,,,,,,,,,,,,,,,https://cdn.shopify.com/s/files/1/0796/0703/8180/files/4-f41c7ab11a4b8296b517740225652988-1024-1024.webp?v=1774445467,5,"",,,,,,,,,,,,,,,,,,,,,,,,,,,,,,,,,,,,,,,,,,,,,,,,,,,,,,,,,,,,,,,,,,,,,,,,,,,,,,,,,,,,,,,,,,,,,,,,,,,,,,,,,,,,,,,,,,,,,,,,,,,,,,,,,,,,,,,,,,,,,,,,,,,,,,,,,,
camara-ip-noga-giro-360-calidad-480p-interior-2-4ghz,,,,,,,,,,,,,,,,,,,,,,,,,,,,,,,,https://cdn.shopify.com/s/files/1/0796/0703/8180/files/3-7e9ba618d27bf93b0717740225641337-1024-1024.webp?v=1774445467,6,"",,,,,,,,,,,,,,,,,,,,,,,,,,,,,,,,,,,,,,,,,,,,,,,,,,,,,,,,,,,,,,,,,,,,,,,,,,,,,,,,,,,,,,,,,,,,,,,,,,,,,,,,,,,,,,,,,,,,,,,,,,,,,,,,,,,,,,,,,,,,,,,,,,,,,,,,,,
camara-ip-noga-giro-360-calidad-480p-interior-2-4ghz,,,,,,,,,,,,,,,,,,,,,,,,,,,,,,,,https://cdn.shopify.com/s/files/1/0796/0703/8180/files/ngw-11_02-570b5ed54340f3e95b17442285917950-1024-1024.webp?v=1774445389,7,"",,,,,,,,,,,,,,,,,,,,,,,,,,,,,,,,,,,,,,,,,,,,,,,,,,,,,,,,,,,,,,,,,,,,,,,,,,,,,,,,,,,,,,,,,,,,,,,,,,,,,,,,,,,,,,,,,,,,,,,,,,,,,,,,,,,,,,,,,,,,,,,,,,,,,,,,,,
camara-ip-noga-giro-360-calidad-480p-interior-2-4ghz,,,,,,,,,,,,,,,,,,,,,,,,,,,,,,,,https://cdn.shopify.com/s/files/1/0796/0703/8180/files/ngw-11_pack-ac596787937c9ecc6717442286024297-1024-1024.webp?v=1774445389,8,"",,,,,,,,,,,,,,,,,,,,,,,,,,,,,,,,,,,,,,,,,,,,,,,,,,,,,,,,,,,,,,,,,,,,,,,,,,,,,,,,,,,,,,,,,,,,,,,,,,,,,,,,,,,,,,,,,,,,,,,,,,,,,,,,,,,,,,,,,,,,,,,,,,,,,,,,,,
camara-ip-noga-giro-355-calidad-720p-interior-con-audio-wifi-2-4ghz-5-antenas-con-deteccion-de-movimiento-vision-nocturna,"Cámara IP NOGA 355° WiFi 2.4GHz 720p con Audio, Detección de Movimiento y Visión Nocturna","<h2>Vigilancia avanzada con imagen HD y 5 antenas</h2><p>La <strong>Cámara IP NOGA 355°</strong> lleva la seguridad de tu hogar u oficina a otro nivel: imagen en <strong>720p HD</strong>, detección de movimiento inteligente y 5 antenas para una señal WiFi más estable y de mayor alcance.</p><h3>Características principales</h3><ul>
<li>🔄 <strong>Giro 355°</strong> para cobertura casi total del ambiente</li>
<li>📡 <strong>WiFi 2.4GHz con 5 antenas</strong> – señal potente y estable</li>
<li>📷 Calidad de imagen <strong>720p HD</strong>
</li>
<li>🎙️ <strong>Audio bidireccional</strong> integrado</li>
<li>🚨 <strong>Detección de movimiento</strong> con alertas en tiempo real</li>
<li>🌙 <strong>Visión nocturna</strong> para vigilancia las 24 horas</li>
<li>🏠 Diseñada para uso <strong>interior</strong>
</li>
</ul><p>Ideal para quienes buscan una cámara con mayor resolución, mejor conectividad y alertas inteligentes para proteger lo que más importa.</p>",NOGA,Cameras & Optics > Cameras > Surveillance Cameras,Cámaras de Seguridad,"720p, cámara ip, mayorista, noga, seguridad, wifi",true,Title,Default Title,,,,,,,,NGW-20S,380.0,shopify,2,deny,manual,30940.00,,true,true,,,,,7798137724779,https://cdn.shopify.com/s/files/1/0796/0703/8180/files/whatsapp-image-2025-03-31-at-12-09-37-pm-1-eab56896dc4f3b442c17434344582689-1024-1024.webp?v=1774445590,1,"",false,Cámara IP NOGA 355° 720p WiFi con Detección de Movimiento | Parquelectro,"Cámara IP NOGA 355° interior con 720p HD, audio, 5 antenas WiFi 2.4GHz y detección de movimiento. Vigilancia inteligente 24/7. SKU NGW-20S.",,,,,,,,,,,,,,,,,,,,,,,,,,,,,,,,,,,,,,,,,,,,,,,,,,,,,,,,,,,,,,,,,,,,,,,,,,,,,,,,,,,,,,,,,,,,,,,,,,,,,,,,,,,,,,,,,,,,,,,,,,,,,,,,,,,,,,,,,,,,,,,,,,,,g,,,active
camara-ip-noga-giro-355-calidad-720p-interior-con-audio-wifi-2-4ghz-5-antenas-con-deteccion-de-movimiento-vision-nocturna,,,,,,,,,,,,,,,,,,,,,,,,,,,,,,,,https://cdn.shopify.com/s/files/1/0796/0703/8180/files/ngw-20s_02-ae26a3969dfbd76d4517441346782683-1024-1024.webp?v=1774445590,2,"",,,,,,,,,,,,,,,,,,,,,,,,,,,,,,,,,,,,,,,,,,,,,,,,,,,,,,,,,,,,,,,,,,,,,,,,,,,,,,,,,,,,,,,,,,,,,,,,,,,,,,,,,,,,,,,,,,,,,,,,,,,,,,,,,,,,,,,,,,,,,,,,,,,,,,,,,,
camara-ip-noga-giro-355-calidad-720p-interior-con-audio-wifi-2-4ghz-5-antenas-con-deteccion-de-movimiento-vision-nocturna,,,,,,,,,,,,,,,,,,,,,,,,,,,,,,,,https://cdn.shopify.com/s/files/1/0796/0703/8180/files/ngw-20s_01-48752d991ba123121a17441346781189-1024-1024.webp?v=1774445590,3,"",,,,,,,,,,,,,,,,,,,,,,,,,,,,,,,,,,,,,,,,,,,,,,,,,,,,,,,,,,,,,,,,,,,,,,,,,,,,,,,,,,,,,,,,,,,,,,,,,,,,,,,,,,,,,,,,,,,,,,,,,,,,,,,,,,,,,,,,,,,,,,,,,,,,,,,,,,
camara-ip-noga-giro-355-calidad-720p-interior-con-audio-wifi-2-4ghz-5-antenas-con-deteccion-de-movimiento-vision-nocturna,,,,,,,,,,,,,,,,,,,,,,,,,,,,,,,,https://cdn.shopify.com/s/files/1/0796/0703/8180/files/ngw-20s_pack-79aa9791d7efd9204e17441376966227-1024-1024.webp?v=1774445590,4,"",,,,,,,,,,,,,,,,,,,,,,,,,,,,,,,,,,,,,,,,,,,,,,,,,,,,,,,,,,,,,,,,,,,,,,,,,,,,,,,,,,,,,,,,,,,,,,,,,,,,,,,,,,,,,,,,,,,,,,,,,,,,,,,,,,,,,,,,,,,,,,,,,,,,,,,,,,
camara-digital-infantil-mini-pantalla-2-4,"Cámara Digital Infantil Mini con Pantalla 2.4""","<h2>La primera cámara de tu pequeño fotógrafo</h2><p>La <strong>Cámara Digital Infantil Mini</strong> es el regalo perfecto para niños que quieren explorar el mundo a través de una lente. Diseñada especialmente para manos pequeñas, con pantalla incorporada para ver las fotos al instante.</p><h3>Características principales</h3><ul>
<li>📷 <strong>Cámara digital</strong> fácil de usar para niños</li>
<li>🖥️ <strong>Pantalla de 2.4""</strong> para ver las fotos en el momento</li>
<li>🎈 Diseño compacto y liviano, ideal para niños</li>
<li>🔋 Fácil de cargar y operar de forma autónoma</li>
</ul><p>Estimula la creatividad y la curiosidad de los más chicos con su propia cámara. Ideal como regalo de cumpleaños o navidad.</p>",SIN MARCA,Cameras & Optics > Cameras > Digital Cameras > Point-and-Shoot Digital Cameras,Cámaras Infantiles,"cámara digital, cámara infantil, juguete, mayorista, niños, regalo",true,Title,Default Title,,,,,,,,CAM-121006,185.0,shopify,1,deny,manual,17364.00,,true,true,,,,,,https://cdn.shopify.com/s/files/1/0796/0703/8180/files/camara-infantil-luo-lu-x204-con--display-blue.webp?v=1774445958,1,"",false,"Cámara Digital Infantil Mini con Pantalla 2.4"" | Parquelectro","Cámara digital infantil mini con pantalla 2.4"". Perfecta para niños: compacta, fácil de usar y divertida. Ideal como regalo.",,,,,,,,,,,,,,,,,,,,,,,,,,,,,,,,,,,,lcd,liviano; visor,vga,,,,,colour,,,,,,,,,,,,,,,,,,,,,,,,automatico,,,,,,,,,,,,,,,,,,,,,,,,,,,,,,,,,,,,sin-zoom,,,,,,,,,,,,,,,,automatico,,,,,,,,,,,,,,,,,,,,,,,,,,,,,g,,,active
cable-vga-a-vga-noga-5mts,Cable VGA a VGA NOGA Macho-Macho,"<h2>Conectividad confiable para tu monitor o proyector</h2><p>El <strong>Cable VGA NOGA</strong> es la solución ideal para conectar tu PC, notebook o consola a monitores, proyectores o pantallas con entrada VGA. Disponible en distintas longitudes para adaptarse a cada espacio.</p><h3>Características principales</h3><ul>
<li>📹 Conexión <strong>VGA macho a VGA macho</strong>
</li>
<li>📏 <strong>Varias longitudes disponibles</strong> para mayor flexibilidad</li>
<li>🛡️ Blindaje para reducir interferencias y mejor calidad de imagen</li>
<li>🔌 Compatible con PC, notebook, proyectores y monitores</li>
<li>⚡ Transmisión de video analógico estable</li>
</ul><p>Perfecto para oficinas, aulas, salas de reuniones o cualquier espacio donde necesités una conexión de video confiable.</p>",NOGA,Electronics > Electronics Accessories > Cables > Audio & Video Cables > VGA Cables,Cables y Conectores,"cable vga, conectividad, mayorista, monitor, noga, proyector",true,Longitud,2 Mts,,,,,,,,VGA M/M2,385.0,shopify,0,deny,manual,2825.00,,true,true,,,,,7798137386120,https://cdn.shopify.com/s/files/1/0796/0703/8180/files/857880-MLA47384645619_092021-F.jpg?v=1774446287,1,"",false,Cable VGA a VGA NOGA Macho-Macho | Parquelectro,"Cable VGA macho a macho NOGA. Ideal para conectar PC, notebook o proyector a monitores con entrada VGA. Varias longitudes disponibles.",,,,,,,,,,,,,,,,,,,,,,,,,,,,,,,,,,,,,,,,,,,,,,,,,,,,,,,,,,,,,,,,,,,,,,,,,,,,,,,,,,,,,,,,,,,,,,,,,,,,,,,,,,,,,,,,,,,,,,,,,,,,,,,,,,,,,,,,,,,,,,,,,,,https://cdn.shopify.com/s/files/1/0796/0703/8180/files/857880-MLA47384645619_092021-F.jpg?v=1774446287,g,,,active
cable-vga-a-vga-noga-5mts,,,,,,,,,3 Mts,,,,,,,,VGA M/M3,385.0,shopify,0,deny,manual,3423.00,,true,true,,,,,"",,,,,,,,,,,,,,,,,,,,,,,,,,,,,,,,,,,,,,,,,,,,,,,,,,,,,,,,,,,,,,,,,,,,,,,,,,,,,,,,,,,,,,,,,,,,,,,,,,,,,,,,,,,,,,,,,,,,,,,,,,,,,,,,,,,,,,,,,,,,,,,,,,,,,,,,,https://cdn.shopify.com/s/files/1/0796/0703/8180/files/857880-MLA47384645619_092021-F.jpg?v=1774446287,g,,,
cable-vga-a-vga-noga-5mts,,,,,,,,,5 Mts,,,,,,,,VGA M/M5,385.0,shopify,2,deny,manual,5998.00,,true,true,,,,,7798137386120,,,,,,,,,,,,,,,,,,,,,,,,,,,,,,,,,,,,,,,,,,,,,,,,,,,,,,,,,,,,,,,,,,,,,,,,,,,,,,,,,,,,,,,,,,,,,,,,,,,,,,,,,,,,,,,,,,,,,,,,,,,,,,,,,,,,,,,,,,,,,,,,,,,,,,,,,https://cdn.shopify.com/s/files/1/0796/0703/8180/files/857880-MLA47384645619_092021-F.jpg?v=1774446287,g,,,
cable-vga-a-vga-noga-5mts,,,,,,,,,10 Mts,,,,,,,,VGA M/M10,385.0,shopify,0,deny,manual,10268.00,,true,true,,,,,"",,,,,,,,,,,,,,,,,,,,,,,,,,,,,,,,,,,,,,,,,,,,,,,,,,,,,,,,,,,,,,,,,,,,,,,,,,,,,,,,,,,,,,,,,,,,,,,,,,,,,,,,,,,,,,,,,,,,,,,,,,,,,,,,,,,,,,,,,,,,,,,,,,,,,,,,,https://cdn.shopify.com/s/files/1/0796/0703/8180/files/857880-MLA47384645619_092021-F.jpg?v=1774446287,g,,,
cable-vga-a-vga-3mts-presentacion-en-bolsa,Cable VGA a VGA Macho-Macho,"<h2>Conectá tu PC o notebook a cualquier monitor o proyector</h2><p>El <strong>Cable VGA Macho-Macho</strong> es la opción práctica y económica para transmitir video analógico con calidad estable. Disponible en distintas longitudes para adaptarse a tu espacio.</p><h3>Características principales</h3><ul>
<li>📹 Conexión <strong>VGA macho a VGA macho</strong>
</li>
<li>📏 <strong>Varias longitudes disponibles</strong>: 1.5 y 3 metros</li>
<li>🔌 Compatible con PC, notebook, proyectores y monitores</li>
<li>⚡ Transmisión de video analógico estable</li>
<li>📦 Presentación en bolsa</li>
</ul><p>Ideal para el hogar, la oficina o el aula. Simple, confiable y listo para usar.</p>",SIN MARCA,Electronics > Electronics Accessories > Cables > Audio & Video Cables > VGA Cables,Cables y Conectores,"cable, cable vga, conectividad, mayorista, monitor, proyector",true,Longitud,1.5 Mts,,,,,,,,XC-FV15,85.0,shopify,0,deny,manual,1650.00,,true,true,,,,,6290132557983,https://cdn.shopify.com/s/files/1/0796/0703/8180/files/857880-MLA47384645619_092021-F.jpg?v=1774446287,1,"",false,Cable VGA a VGA Macho-Macho 1.5 y 3 metros | Parquelectro,"Cable VGA macho a macho en 1.5 y 3 metros. Compatible con PC, notebook, monitores y proyectores. Económico y confiable.",,,,,,,,,,,,,,,,,,,,,,,,,,,,,,,,,,trenzado-stp; sin-apantallar-utp,,,,,,,,,negro,,,,,,,,,,,,,,vga,,,,,,,,,,,,,,,,,,,,,,,,,,,,,,,,,,,,,,,,,,,,,,,,,,,,,,,,,,,,,,,,,,,,,,,,,,,,,,,,,,,,,,,,,,https://cdn.shopify.com/s/files/1/0796/0703/8180/files/857880-MLA47384645619_092021-F.jpg?v=1774446287,g,,,active
cable-vga-a-vga-3mts-presentacion-en-bolsa,,,,,,,,,3 Mts,,,,,,,,,0.0,shopify,5,deny,manual,2366.70,,true,true,,,,,"",,,,,,,,,,,,,,,,,,,,,,,,,,,,,,,,,,,,,,,,,,,,,,,,,,,,,,,,,,,,,,,,,,,,,,,,,,,,,,,,,,,,,,,,,,,,,,,,,,,,,,,,,,,,,,,,,,,,,,,,,,,,,,,,,,,,,,,,,,,,,,,,,,,,,,,,,https://cdn.shopify.com/s/files/1/0796/0703/8180/files/857880-MLA47384645619_092021-F.jpg?v=1774446287,g,,,
cable-usb-usb-c-a-usb-c-ligthining-iphone-reforzado,Cable Reforzado USB-C a USB-C / Lightning (iPhone),"<h2>Un cable para todos tus dispositivos</h2><p>El <strong>Cable Reforzado USB-C a USB-C / Lightning</strong> es la solución 2 en 1 para cargar y transferir datos tanto en dispositivos Android como iPhone. Su construcción reforzada lo hace más resistente al desgaste del uso diario.</p><h3>Características principales</h3><ul>
<li>⚡ Compatible con <strong>USB-C y Lightning (iPhone)</strong> en un solo cable</li>
<li>🔌 Entrada <strong>USB-A y USB-C</strong> para mayor versatilidad</li>
<li>💪 <strong>Construcción reforzada</strong> para mayor durabilidad y resistencia</li>
<li>🔄 Carga rápida y transferencia de datos</li>
<li>📱 Compatible con iPhone, iPad, Samsung, y la mayoría de dispositivos modernos</li>
</ul><p>Ideal para tener en casa, la oficina o llevar en la mochila. Un solo cable para todos tus dispositivos.</p>",SIN MARCA,Electronics > Electronics Accessories > Cables > Storage & Data Transfer Cables > USB Cables,Cables y Conectores,"cable reforzado, cable usb-c, carga rápida, iphone, lightning, mayorista",true,Title,Default Title,,,,,,,,,60.0,shopify,4,deny,manual,2555.00,,true,true,,,,,7848916981135,https://cdn.shopify.com/s/files/1/0796/0703/8180/files/D_NQ_NP_744897-MLA89646670592_082025-O.webp?v=1774448014,1,"",false,Cable Reforzado USB-C a USB-C y Lightning iPhone | Parquelectro,Cable reforzado 2 en 1 USB-C a USB-C y Lightning para iPhone y Android. Carga rápida y transferencia de datos. Mayor durabilidad.,,,,,,,,,,,,,,,,,,,,,,,,,,,,,,,,,,trenzado-stp,,,,,,,,,negro; a-rayas,,,,,,,usb; cableado,,,,,,,,,,,,,,,,,,,,,,,,,,,,,,,,,,,,,,,,,,,,,,,,,,,,,,,,,,,,,,,,,,,,,,,,,,,,,,,,,,,,,,,,,,,,,,,,,,g,,,active
cable-usb-usb-c-a-usb-c-ligthining-iphone-reforzado,,,,,,,,,,,,,,,,,,,,,,,,,,,,,,,,https://cdn.shopify.com/s/files/1/0796/0703/8180/files/D_NQ_NP_999212-MLA85716280989_062025-O.webp?v=1774448014,2,"",,,,,,,,,,,,,,,,,,,,,,,,,,,,,,,,,,,,,,,,,,,,,,,,,,,,,,,,,,,,,,,,,,,,,,,,,,,,,,,,,,,,,,,,,,,,,,,,,,,,,,,,,,,,,,,,,,,,,,,,,,,,,,,,,,,,,,,,,,,,,,,,,,,,,,,,,,
cable-usb-usb-c-a-usb-c-ligthining-iphone-reforzado,,,,,,,,,,,,,,,,,,,,,,,,,,,,,,,,https://cdn.shopify.com/s/files/1/0796/0703/8180/files/D_NQ_NP_952717-MLA85410004844_062025-O.webp?v=1774448014,3,"",,,,,,,,,,,,,,,,,,,,,,,,,,,,,,,,,,,,,,,,,,,,,,,,,,,,,,,,,,,,,,,,,,,,,,,,,,,,,,,,,,,,,,,,,,,,,,,,,,,,,,,,,,,,,,,,,,,,,,,,,,,,,,,,,,,,,,,,,,,,,,,,,,,,,,,,,,
cable-usbm-noga-a-usbm-1-8mts,Cable USB Macho a Macho NOGA 1.8 metros,"<h2>Conectividad USB confiable para el día a día</h2><p>El <strong>Cable USB Macho a Macho NOGA de 1.8 metros</strong> es ideal para conectar dispositivos USB entre sí, transferir datos o alimentar equipos que requieran este tipo de conexión. Con 1.8 metros de largo tenés la comodidad de trabajar sin restricciones.</p><h3>Características principales</h3><ul>
<li>🔌 Conexión <strong>USB-A macho a USB-A macho</strong>
</li>
<li>📏 <strong>1.8 metros</strong> de largo para mayor comodidad</li>
<li>⚡ Transferencia de datos estable</li>
<li>🛡️ Construcción resistente para uso prolongado</li>
<li>🔄 Compatible con impresoras, discos externos, hubs y más</li>
</ul><p>Perfecto para conectar impresoras, scanners, discos rígidos externos o cualquier dispositivo con puerto USB-A.</p>",NOGA,Electronics > Electronics Accessories > Cables > Storage & Data Transfer Cables > USB Cables,Cables y Conectores,"cable usb, conectividad, impresora, mayorista, noga, usb-a",true,Title,Default Title,,,,,,,,USB AM/AM,40.0,shopify,28,deny,manual,1923.00,,true,true,,,,,,https://cdn.shopify.com/s/files/1/0796/0703/8180/files/D_661563-MLA49043676575_022022-F.webp?v=1774448287,1,"",false,Cable USB Macho a Macho NOGA 1.8 Metros | Parquelectro,"Cable USB-A macho a macho NOGA de 1.8 metros. Ideal para impresoras, discos externos y dispositivos USB. Confiable y resistente.",,,,,,,,,,,,,,,,,,,,,,,,,,,,,,,,,,,,,,,,,,,,,,,,,,,,,,,,,,,,,,,,,,,,,,,,,,,,,,,,,,,,,,,,,,,,,,,,,,,,,,,,,,,,,,,,,,,,,,,,,,,,,,,,,,,,,,,,,,,,,,,,,,,,g,,,active
cable-usb-tipo-c-a-tipo-c-samsung-original-x1mt-presentacion-en-caja,Cable USB-C a USB-C Samsung Original 1 metro,"<h2>Carga y transferencia oficial Samsung en caja</h2><p>El <strong>Cable USB-C a USB-C Samsung Original</strong> garantiza compatibilidad total con tus dispositivos Samsung y cualquier equipo con puerto USB-C. Presentación en caja oficial para mayor confianza en cada compra.</p><h3>Características principales</h3><ul>
<li>✅ <strong>Original Samsung</strong> – calidad y compatibilidad garantizada</li>
<li>⚡ Soporte para <strong>carga rápida</strong> en dispositivos compatibles</li>
<li>🔄 <strong>USB-C a USB-C</strong> para conectar dispositivos modernos entre sí</li>
<li>📏 <strong>1 metro</strong> de largo</li>
<li>📦 <strong>Presentación en caja</strong> oficial Samsung</li>
<li>📱 Compatible con Samsung Galaxy, tablets, notebooks y más</li>
</ul><p>Ideal para quienes buscan un cable confiable, duradero y 100% compatible con su ecosistema Samsung.</p>",SAMSUNG,Electronics > Electronics Accessories > Cables > Storage & Data Transfer Cables > USB Cables,Cables y Conectores,"cable, cable usb-c, carga rápida, mayorista, original, samsung",true,Title,Default Title,,,,,,,,EP-DA705BWEGWW,35.0,shopify,3,deny,manual,25740.00,,true,true,,,,,8801643993542,https://cdn.shopify.com/s/files/1/0796/0703/8180/files/WhatsAppImage2026-03-25at12.09.45.jpg?v=1774451433,1,"",false,Cable USB-C a USB-C Samsung Original 1 Metro en Caja | Parquelectro,"Cable USB-C a USB-C Samsung original 1 metro. Carga rápida, transferencia de datos y presentación en caja oficial. Compatible con Galaxy y más.",,,,,,,,,,,,,,,,,,,,,,,,,,,,,,,,,,,,,,,,,,,,,,,,,,,,,,,,,,,,,,,,,,,,,,,,,,,,,,,,,,,,,,,,,,,,,,,,,,,,,,,,,,,,,,,,,,,,,,,,,,,,,,,,,,,,,,,,,,,,,,,,,,,,g,,,active
cable-usb-tipo-c-a-tipo-c-noga-1-8mts,Cable USB-C a USB-C NOGA 1.8 metros,"<h2>Cargá y transferí datos con total comodidad</h2><p>El <strong>Cable USB-C a USB-C NOGA de 1.8 metros</strong> es la opción práctica y económica para conectar tus dispositivos modernos. Con casi 2 metros de largo, tenés la libertad de usar tu celular, tablet o notebook mientras cargás sin restricciones.</p><h3>Características principales</h3><ul>
<li>⚡ Conexión <strong>USB-C a USB-C</strong> para dispositivos modernos</li>
<li>📏 <strong>1.8 metros</strong> de largo para mayor comodidad</li>
<li>🔄 Carga y transferencia de datos simultánea</li>
<li>📱 Compatible con Samsung, Motorola, tablets, notebooks y más</li>
<li>🛡️ Construcción resistente para uso diario</li>
</ul><p>Ideal para el hogar, la oficina o la mochila. Simple, confiable y al mejor precio.</p>",NOGA,Electronics > Electronics Accessories > Cables > Storage & Data Transfer Cables > USB Cables,Cables y Conectores,"android, cable, cable usb-c, carga, mayorista, noga",true,Title,Default Title,,,,,,,,USB-C1.8,35.0,shopify,15,deny,manual,2800.00,,true,true,,,,,7798137717085,https://cdn.shopify.com/s/files/1/0796/0703/8180/files/usb-c-1-8m-ng-012d5d80805d6d209617431055829077-1024-1024.webp?v=1774451634,1,"",false,Cable USB-C a USB-C NOGA 1.8 Metros | Parquelectro,"Cable USB-C a USB-C NOGA de 1.8 metros. Carga y transferencia de datos para Samsung, Motorola, tablets y notebooks. Resistente y económico.",,,,,,,,,,,,,,,,,,,,,,,,,,,,,,,,,,,,,,,,,,,,,,,,,,,,,,,,,,,,,,,,,,,,,,,,,,,,,,,,,,,,,,,,,,,,,,,,,,,,,,,,,,,,,,,,,,,,,,,,,,,,,,,,,,,,,,,,,,,,,,,,,,,,g,,,active
cable-usb-tipo-c-a-tipo-c-noga-1-8mts,,,,,,,,,,,,,,,,,,,,,,,,,,,,,,,,https://cdn.shopify.com/s/files/1/0796/0703/8180/files/usb-c-1-8m-ng-pack-6a19333cf6b88af20217431055871181-1024-1024.webp?v=1774451634,2,"",,,,,,,,,,,,,,,,,,,,,,,,,,,,,,,,,,,,,,,,,,,,,,,,,,,,,,,,,,,,,,,,,,,,,,,,,,,,,,,,,,,,,,,,,,,,,,,,,,,,,,,,,,,,,,,,,,,,,,,,,,,,,,,,,,,,,,,,,,,,,,,,,,,,,,,,,,
cable-usb-tipo-c-a-lightning-noga-1-8mts-color-negro,Cable USB-C a Lightning NOGA 1.8 metros Negro,"<h2>Cargá tu iPhone desde cualquier cargador USB-C</h2>
<p>El <strong>Cable USB-C a Lightning NOGA de 2 metros</strong> te permite conectar tu iPhone, iPad o AirPods a cualquier cargador o puerto USB-C moderno. Con 2 metros de largo, tenés la libertad de usar tu dispositivo cómodamente mientras cargás.</p>
<h3>Características principales</h3>
<ul>
<li>⚡ Conexión <strong>USB-C a Lightning</strong> para dispositivos Apple</li>
<li>📏 <strong>2 metros</strong> de largo para mayor comodidad</li>
<li>🖤 Color <strong>negro</strong>
</li>
<li>🔄 Carga y transferencia de datos simultánea</li>
<li>📱 Compatible con iPhone, iPad y AirPods con conector Lightning</li>
<li>🛡️ Construcción resistente para uso diario</li>
</ul>
<p>Ideal para usar con los nuevos cargadores USB-C de MacBook, iPad Pro o cualquier adaptador de pared con puerto USB-C.</p>",NOGA,Electronics > Electronics Accessories > Cables > Storage & Data Transfer Cables > USB Cables,Cables y Conectores,"apple, cable lightning, iphone, mayorista, noga, usb-c",true,Title,Default Title,,,,,,,,USB C/L,40.0,shopify,3,deny,manual,4600.00,5460.00,true,true,,,,,7798137718389,https://cdn.shopify.com/s/files/1/0796/0703/8180/files/23450.webp?v=1774451909,1,"",false,Cable USB-C a Lightning NOGA 1.8 Metros Negro | Parquelectro,"Cable USB-C a Lightning NOGA 1.8m color negro. Carga y datos para iPhone, iPad y AirPods desde cualquier puerto USB-C. Resistente y cómodo.",,,,,,,,,,,,,,,,,,,,,,,,,,,,,,,,,,trenzado-stp,,,,,,,,,negro,,,,,,,usb,,,,,,,,,,,,,,,,,,,,,,,,,,,,,,,,,,,,,,,,,,,,,,,,,,,,,,,,,,,,,,,,,,,,,,,,,,,,,,,,,,,,,,,,,,,,,,,,,,g,,2802.00,active
cable-usb-tipo-c-a-lightning-noga-1-8mts-color-negro,,,,,,,,,,,,,,,,,,,,,,,,,,,,,,,,https://cdn.shopify.com/s/files/1/0796/0703/8180/files/e753e905-b177-4270-8ccb-7b4396c1c01c.webp?v=1774451908,2,"",,,,,,,,,,,,,,,,,,,,,,,,,,,,,,,,,,,,,,,,,,,,,,,,,,,,,,,,,,,,,,,,,,,,,,,,,,,,,,,,,,,,,,,,,,,,,,,,,,,,,,,,,,,,,,,,,,,,,,,,,,,,,,,,,,,,,,,,,,,,,,,,,,,,,,,,,,
cable-usb-tipo-c-a-lightning-kosmo-1mt-color-blanco,Cable USB-C a Lightning KOSMO 1 metro Blanco,"<h2>Cargá tu iPhone con estilo desde cualquier puerto USB-C</h2><p>El <strong>Cable USB-C a Lightning KOSMO de 1 metro</strong> en color blanco es la opción compacta y elegante para cargar y transferir datos en tu iPhone, iPad o AirPods. Perfecto para llevar en el bolsillo o usar en el escritorio.</p><h3>Características principales</h3><ul>
<li>⚡ Conexión <strong>USB-C a Lightning</strong> para dispositivos Apple</li>
<li>📏 <strong>1 metro</strong> de largo, compacto y fácil de transportar</li>
<li>🧑‍🎨 Color <strong>blanco</strong>
</li>
<li>🔄 Carga y transferencia de datos simultánea</li>
<li>📱 Compatible con iPhone, iPad y AirPods con conector Lightning</li>
<li>🛡️ Construcción resistente para uso diario</li>
</ul><p>Ideal para usar con cargadores USB-C de pared, notebooks o power banks. Una solución práctica al mejor precio.</p>",KOSMO,Electronics > Electronics Accessories > Cables > Storage & Data Transfer Cables > USB Cables,Cables y Conectores,"apple, cable lightning, iphone, kosmo, mayorista, usb-c",true,Title,Default Title,,,,,,,,USB-C TO IPH,20.0,shopify,32,deny,manual,3692.00,,true,true,,,,,4715000003700,https://cdn.shopify.com/s/files/1/0796/0703/8180/files/WhatsAppImage2026-03-25at12.23.40.jpg?v=1774452298,1,"",false,Cable USB-C a Lightning KOSMO 1 Metro Blanco | Parquelectro,"Cable USB-C a Lightning KOSMO 1 metro color blanco. Carga y datos para iPhone, iPad y AirPods desde cualquier puerto USB-C. Compacto y resistente.",,,,,,,,,,,,,,,,,,,,,,,,,,,,,,,,,,trenzado-stp,,,,,,,,,blanco,,,,,,,usb-c,,,,,,,,,,,,,,,,,,,,,,,,,,,,,,,,,,,,,,,,,,,,,,,,,,,,,,,,,,,,,,,,,,,,,,,,,,,,,,,,,,,,,,,,,,,,,,,,,,g,,,active
cable-usb-tipo-c-a-lightning-kosmo-1mt-color-blanco,,,,,,,,,,,,,,,,,,,,,,,,,,,,,,,,https://cdn.shopify.com/s/files/1/0796/0703/8180/files/WhatsAppImage2026-03-25at12.23.40_1.jpg?v=1774452298,2,"",,,,,,,,,,,,,,,,,,,,,,,,,,,,,,,,,,,,,,,,,,,,,,,,,,,,,,,,,,,,,,,,,,,,,,,,,,,,,,,,,,,,,,,,,,,,,,,,,,,,,,,,,,,,,,,,,,,,,,,,,,,,,,,,,,,,,,,,,,,,,,,,,,,,,,,,,,
cable-usb-time-iphone-x1mt-mallado-punta-reforzada,Cable USB a Lightning TIME 1 metro Mallado con Punta Reforzada,"<h2>Durabilidad extra para cargar tu iPhone todos los días</h2><p>El <strong>Cable USB a Lightning TIME de 1 metro</strong> está diseñado para resistir el uso intensivo del día a día. Su <strong>malla trenzada</strong> y <strong>punta reforzada</strong> lo protegen de los dobleces y tirones que terminan rompiendo los cables comunes.</p><h3>Características principales</h3><ul>
<li>⚡ Conexión <strong>USB-A a Lightning</strong> para dispositivos Apple</li>
<li>📏 <strong>1 metro</strong> de largo</li>
<li>🧵 <strong>Mallado trenzado</strong> para mayor resistencia y durabilidad</li>
<li>💪 <strong>Punta reforzada</strong> anti-quiebre</li>
<li>🔄 Carga y transferencia de datos</li>
<li>📱 Compatible con iPhone, iPad y AirPods con conector Lightning</li>
</ul><p>La opción económica y resistente para quienes necesitan un cable confiable que dure en el tiempo.</p>",TIME,Electronics > Electronics Accessories > Cables > Storage & Data Transfer Cables > USB Cables,Cables y Conectores,"apple, cable lightning, iphone, mallado, mayorista, usb-a",true,Title,Default Title,,,,,,,,CAB-43001,35.0,shopify,35,deny,manual,1582.70,,true,true,,,,,723540563698,https://cdn.shopify.com/s/files/1/0796/0703/8180/files/CABLE-IPHONE-1.webp?v=1774452432,1,"",false,Cable USB Lightning TIME 1 Metro Mallado Punta Reforzada | Parquelectro,"Cable USB-A a Lightning TIME 1 metro con malla trenzada y punta reforzada. Resistente y duradero para iPhone, iPad y AirPods.",,,,,,,,,,,,,,,,,,,,,,,,,,,,,,,,,,trenzado-stp,,,,,,,,,blanco,,,,,,,usb,,,,,,,,,,,,,,,,,,,,,,,,,,,,,,,,,,,,,,,,,,,,,,,,,,,,,,,,,,,,,,,,,,,,,,,,,,,,,,,,,,,,,,,,,,,,,,,,,,g,,879.00,active
cable-usb-time-iphone-x1mt-mallado-punta-reforzada,,,,,,,,,,,,,,,,,,,,,,,,,,,,,,,,https://cdn.shopify.com/s/files/1/0796/0703/8180/files/CABLE-IPHONE_1.png?v=1774452432,2,"",,,,,,,,,,,,,,,,,,,,,,,,,,,,,,,,,,,,,,,,,,,,,,,,,,,,,,,,,,,,,,,,,,,,,,,,,,,,,,,,,,,,,,,,,,,,,,,,,,,,,,,,,,,,,,,,,,,,,,,,,,,,,,,,,,,,,,,,,,,,,,,,,,,,,,,,,,
cable-usb-time-a-tipo-c-3-1a-1mts-reforzado-en-caja,Cable USB-A a USB-C TIME 3.1A 1 metro Reforzado,"<h2>Carga rápida 3.1A para tus dispositivos Android</h2><p>El <strong>Cable USB-A a USB-C TIME de 1 metro</strong> soporta hasta <strong>3.1A de corriente</strong> para una carga rápida y eficiente. Su construcción reforzada lo hace ideal para el uso diario, y viene en caja para una presentación prolija.</p><h3>Características principales</h3><ul>
<li>⚡ <strong>Carga rápida 3.1A</strong> para mayor velocidad de carga</li>
<li>🔌 Conexión <strong>USB-A a USB-C</strong>
</li>
<li>📏 <strong>1 metro</strong> de largo</li>
<li>💪 <strong>Construcción reforzada</strong> para mayor durabilidad</li>
<li>📦 <strong>Presentación en caja</strong>
</li>
<li>📱 Compatible con Samsung, Motorola, Xiaomi y la mayoría de dispositivos USB-C</li>
</ul><p>Ideal para cargar rápido tu celular, tablet o cualquier dispositivo con puerto USB-C desde un cargador o puerto USB-A estándar.</p>",TIME,Electronics > Electronics Accessories > Cables > Storage & Data Transfer Cables > USB Cables,Cables y Conectores,"android, cable usb-c, carga rápida, mayorista, time, usb-a",true,Title,Default Title,,,,,,,,CAB-41012,35.0,shopify,21,deny,manual,1568.00,,true,true,,,,,723540563674,https://cdn.shopify.com/s/files/1/0796/0703/8180/files/CABLE-MICRO-42002-2.webp?v=1774452875,1,"",false,Cable USB-A a USB-C TIME 3.1A 1 Metro Reforzado | Parquelectro,"Cable USB-A a USB-C TIME 3.1A 1 metro reforzado en caja. Carga rápida para Samsung, Motorola, Xiaomi y dispositivos USB-C. Resistente.",,,,,,,,,,,,,,,,,,,,,,,,,,,,,,,,,,,,,,,,,,,,,,,,,,,,,,,,,,,,,,,,,,,,,,,,,,,,,,,,,,,,,,,,,,,,,,,,,,,,,,,,,,,,,,,,,,,,,,,,,,,,,,,,,,,,,,,,,,,,,,,,,,,,g,,,active
cable-usb-time-a-tipo-c-3-1a-1mts-reforzado-en-caja,,,,,,,,,,,,,,,,,,,,,,,,,,,,,,,,https://cdn.shopify.com/s/files/1/0796/0703/8180/files/CABLE-MICRO-42002-1.webp?v=1774452875,2,"",,,,,,,,,,,,,,,,,,,,,,,,,,,,,,,,,,,,,,,,,,,,,,,,,,,,,,,,,,,,,,,,,,,,,,,,,,,,,,,,,,,,,,,,,,,,,,,,,,,,,,,,,,,,,,,,,,,,,,,,,,,,,,,,,,,,,,,,,,,,,,,,,,,,,,,,,,
cable-usb-time-a-tipo-c-3-1a-1mts-con-luz,Cable USB-A a USB-C TIME 3.1A 1 metro Mallado con Luz,"<h2>Carga rápida con luz indicadora y malla reforzada</h2><p>El <strong>Cable USB-A a USB-C TIME de 1 metro</strong> combina carga rápida de <strong>3.1A</strong> con una <strong>luz indicadora</strong> que se activa al enchufar el cable, y una <strong>malla trenzada reforzada</strong> para mayor durabilidad en el uso diario.</p><h3>Características principales</h3><ul>
<li>⚡ <strong>Carga rápida 3.1A</strong> para mayor velocidad de carga</li>
<li>💡 <strong>Luz indicadora</strong> que se enciende al conectar el cable</li>
<li>🧵 <strong>Mallado trenzado reforzado</strong> para mayor resistencia y durabilidad</li>
<li>🔌 Conexión <strong>USB-A a USB-C</strong>
</li>
<li>📏 <strong>1 metro</strong> de largo</li>
<li>📱 Compatible con Samsung, Motorola, Xiaomi y la mayoría de dispositivos USB-C</li>
</ul><p>Ideal para cargar rápido tu celular o tablet con un cable que resiste el uso intensivo y te indica visualmente que está correctamente conectado.</p>",TIME,Electronics > Electronics Accessories > Cables > Storage & Data Transfer Cables > USB Cables,Cables y Conectores,"android, cable usb-c, carga rápida, mallado, mayorista, time",true,Title,Default Title,,,,,,,,TMCB-6120,35.0,shopify,41,deny,manual,1912.00,,true,true,,,,,723540566132,https://cdn.shopify.com/s/files/1/0796/0703/8180/files/32084.png?v=1774453042,1,"",false,Cable USB-A a USB-C TIME 3.1A 1 Metro Mallado con Luz | Parquelectro,Cable USB-A a USB-C TIME 3.1A 1 metro mallado con luz indicadora de conexión. Carga rápida y resistente para dispositivos USB-C.,,,,,,,,,,,,,,,,,,,,,,,,,,,,,,,,,,trenzado-stp,,,,,,,,,a-rayas,,,,,,,usb,,,,,,,,,,,,,,,,,,,,,,,,,,,,,,,,,,,,,,,,,,,,,,,,,,,,,,,,,,,,,,,,,,,,,,,,,,,,,,,,,,,,,,,,,,,,,,,,,,g,,1122.00,active
cable-usb-para-iphone-y-micro-usb-noga-zipper,Cable USB 2 en 1 NOGA Zipper Lightning + Micro USB,"<h2>Un solo cable para iPhone y Android</h2><p>El <strong>Cable NOGA Zipper 2 en 1</strong> te permite cargar tanto tu iPhone como dispositivos Android con un único cable. Su diseño tipo <strong>zipper</strong> lo hace más resistente a enredos y quiebres, ideal para llevar a todos lados.</p><h3>Características principales</h3><ul>
<li>⚡ <strong>2 en 1</strong>: Lightning (iPhone) + Micro USB (Android) en un solo cable</li>
<li>🧳 Diseño <strong>Zipper</strong> anti-enredo y mayor durabilidad</li>
<li>🔄 Carga y transferencia de datos</li>
<li>📱 Compatible con iPhone, iPad, Samsung, Motorola y más</li>
<li>🎨 Compacto y fácil de transportar</li>
</ul><p>La solución perfecta para quienes tienen dispositivos de distintas marcas y quieren simplificar sus cables.</p>",NOGA,Electronics > Electronics Accessories > Cables > Storage & Data Transfer Cables > USB Cables,Cables y Conectores,"cable 2 en 1, iphone, lightning, mayorista, micro usb, noga",true,Title,Default Title,,,,,,,,USB-Z20,50.0,shopify,118,deny,manual,2240.00,,true,true,,,,,7798137711793,https://cdn.shopify.com/s/files/1/0796/0703/8180/files/WhatsAppImage2026-03-25at12.54.35_1.jpg?v=1774454530,1,"",false,Cable USB 2 en 1 NOGA Zipper Lightning y Micro USB | Parquelectro,"Cable NOGA Zipper 2 en 1 con Lightning para iPhone y Micro USB para Android. Diseño anti-enredo, resistente y compacto. SKU USB-Z20.",,,,,,,,,,,,,,,,,,,,,,,,,,,,,,,,,,,,,,,,,,,,,,,,,,,,,,,,,,,,,,,,,,,,,,,,,,,,,,,,,,,,,,,,,,,,,,,,,,,,,,,,,,,,,,,,,,,,,,,,,,,,,,,,,,,,,,,,,,,,,,,,,,,,g,,,active
cable-usb-para-iphone-y-micro-usb-noga-zipper,,,,,,,,,,,,,,,,,,,,,,,,,,,,,,,,https://cdn.shopify.com/s/files/1/0796/0703/8180/files/WhatsAppImage2026-03-25at12.54.35.jpg?v=1774454530,2,"",,,,,,,,,,,,,,,,,,,,,,,,,,,,,,,,,,,,,,,,,,,,,,,,,,,,,,,,,,,,,,,,,,,,,,,,,,,,,,,,,,,,,,,,,,,,,,,,,,,,,,,,,,,,,,,,,,,,,,,,,,,,,,,,,,,,,,,,,,,,,,,,,,,,,,,,,,
cable-usb-para-iphone-y-micro-usb-noga-zipper,,,,,,,,,,,,,,,,,,,,,,,,,,,,,,,,https://cdn.shopify.com/s/files/1/0796/0703/8180/files/WhatsAppImage2026-03-25at12.54.36.jpg?v=1774454447,3,"",,,,,,,,,,,,,,,,,,,,,,,,,,,,,,,,,,,,,,,,,,,,,,,,,,,,,,,,,,,,,,,,,,,,,,,,,,,,,,,,,,,,,,,,,,,,,,,,,,,,,,,,,,,,,,,,,,,,,,,,,,,,,,,,,,,,,,,,,,,,,,,,,,,,,,,,,,
cable-usb-para-iphone-y-micro-usb-noga-zipper,,,,,,,,,,,,,,,,,,,,,,,,,,,,,,,,https://cdn.shopify.com/s/files/1/0796/0703/8180/files/WhatsAppImage2026-03-25at12.54.35_2.jpg?v=1774454447,4,"",,,,,,,,,,,,,,,,,,,,,,,,,,,,,,,,,,,,,,,,,,,,,,,,,,,,,,,,,,,,,,,,,,,,,,,,,,,,,,,,,,,,,,,,,,,,,,,,,,,,,,,,,,,,,,,,,,,,,,,,,,,,,,,,,,,,,,,,,,,,,,,,,,,,,,,,,,
cable-usb-para-impresora-manhattan-1-8mts,Cable USB para Impresora MANHATTAN 1.8 metros USB-A a USB-B,"<h2>Conectividad confiable para tu impresora o scanner</h2><p>El <strong>Cable USB para Impresora MANHATTAN de 1.8 metros</strong> es la solución estándar para conectar impresoras, scanners y otros periféricos USB-B a tu PC o notebook. Marca MANHATTAN, reconocida por su calidad en accesorios de conectividad.</p><h3>Características principales</h3><ul>
<li>🔌 Conexión <strong>USB-A a USB-B</strong> (estándar para impresoras)</li>
<li>📏 <strong>1.8 metros</strong> de largo para mayor comodidad</li>
<li>🛡️ Construcción resistente para uso prolongado</li>
<li>⚡ Transferencia de datos estable y confiable</li>
<li>🖨️ Compatible con impresoras HP, Epson, Canon, Brother y más</li>
</ul><p>Ideal para el hogar o la oficina. Simplemente conectá y listo para imprimir.</p>",MANHATTAN,Electronics > Electronics Accessories > Cables > Storage & Data Transfer Cables > USB Cables,Cables y Conectores,"cable usb, impresora, manhattan, mayorista, scanner, usb-b",true,Title,Default Title,,,,,,,,,60.0,shopify,27,deny,manual,2100.00,,true,true,,,,,,https://cdn.shopify.com/s/files/1/0796/0703/8180/files/cable-usb-2-0-ab-para-impresora-1-8-mts-cable-usb-2-0-ab-para-impresora-1-8-mts.jpg?v=1774455007,1,"",false,Cable USB para Impresora MANHATTAN 1.8 Metros USB-A a USB-B | Parquelectro,"Cable USB-A a USB-B MANHATTAN 1.8 metros para impresoras y scanners. Compatible con HP, Epson, Canon y Brother. Confiable y resistente.",,,,,,,,,,,,,,,,,,,,,,,,,,,,,,,,,,trenzado-stp,,,,,,,,,blanco,,,,,,,usb,,,,,,,,,,,,,,,,,,,,,,,,,,,,,,,,,,,,,,,,,,,,,,,,,,,,,,,,,,,,,,,,,,,,,,,,,,,,,,,,,,,,,,,,,,,,,,,,,,g,,,active
cable-usb-imantado-time-micro-usb-y-tipo-c-reforzado-en-caja,Cable USB Imantado TIME Micro USB + USB-C Reforzado,"<h2>Conectá y desconectá con un solo movimiento</h2><p>El <strong>Cable USB Imantado TIME</strong> incorpora un conector magnético que permite enchufar y desenchufar tu dispositivo con facilidad, sin desgastar el puerto de carga. Compatible con <strong>Micro USB y USB-C</strong>, cubre la mayoría de los dispositivos Android del mercado.</p><h3>Características principales</h3><ul>
<li>🧲 <strong>Conector magnético</strong> para conexión instantánea sin esfuerzo</li>
<li>🔌 Compatible con <strong>Micro USB y USB-C</strong>
</li>
<li>💪 <strong>Construcción reforzada</strong> para mayor durabilidad</li>
<li>📦 <strong>Presentación en caja</strong>
</li>
<li>🔄 Carga y transferencia de datos</li>
<li>📱 Compatible con Samsung, Motorola, Xiaomi y más</li>
</ul><p>Ideal para quienes cargan el celular frecuentemente y quieren proteger el puerto USB de su dispositivo con un sistema de conexión magnética cómodo y resistente.</p>",TIME,Electronics > Electronics Accessories > Cables > Storage & Data Transfer Cables > USB Cables,Cables y Conectores,"cable imantado, magnético, mayorista, micro usb, time, usb-c",true,Title,Default Title,,,,,,,,TMCB 6252,40.0,shopify,7,deny,manual,2205.00,,true,true,,,,,723540565197,https://cdn.shopify.com/s/files/1/0796/0703/8180/files/TMCB6225.jpg?v=1774455755,1,"",false,Cable USB Imantado TIME Micro USB y USB-C Reforzado | Parquelectro,Cable USB imantado TIME con conectores Micro USB y USB-C reforzado en caja. Conexión magnética fácil y duradera para dispositivos Android.,,,,,,,,,,,,,,,,,,,,,,,,,,,,,,,,,,trenzado-stp,,,,,,,,,negro,,,,,,,usb,,,,,,,,,,,,,,,,,,,,,,,,,,,,,,,,,,,,,,,,,,,,,,,,,,,,,,,,,,,,,,,,,,,,,,,,,,,,,,,,,,,,,,,,,,,,,,,,,,g,,,active
cable-usb-a-tipo-c-motorola-original-en-caja-x2mts,Cable USB-A a USB-C Motorola Original 2 metros,"<h2>Carga y datos oficiales Motorola en 2 metros de largo</h2><p>El <strong>Cable USB-A a USB-C Motorola Original SJC00ABC20</strong> garantiza compatibilidad total y rendimiento óptimo con todos tus dispositivos Motorola. Con <strong>2 metros de largo</strong>, tenés la libertad de usar tu celular cómodamente mientras cargás. Presentación en caja oficial.</p><h3>Características principales</h3><ul>
<li>✅ <strong>Original Motorola</strong> – calidad y compatibilidad garantizada</li>
<li>⚡ Soporte para <strong>carga rápida TurboPower</strong> en dispositivos compatibles</li>
<li>🔌 Conexión <strong>USB-A a USB-C</strong>
</li>
<li>📏 <strong>2 metros</strong> de largo para mayor comodidad</li>
<li>🔄 Carga y transferencia de datos de alta velocidad</li>
<li>📦 <strong>Presentación en caja</strong> oficial Motorola</li>
<li>📱 Compatible con Moto G, Moto E, Edge y toda la línea Motorola USB-C</li>
</ul><p>Ideal para quienes buscan un cable largo, confiable y 100% original para su dispositivo Motorola.</p>",MOTOROLA,Electronics > Electronics Accessories > Cables > Storage & Data Transfer Cables > USB Cables,Cables y Conectores,"2 metros, cable usb-c, mayorista, motorola, original, turbopower",true,Title,Default Title,,,,,,,,SJC00ABC20,60.0,shopify,0,deny,manual,12400.00,,true,true,,,,,6955226409677,https://cdn.shopify.com/s/files/1/0796/0703/8180/files/3_MR69552267PTO_PRD_1500_4.webp?v=1774456686,1,"",false,Cable USB-A a USB-C Motorola Original 2 Metros en Caja | Parquelectro,"Cable USB-A a USB-C Motorola original 2 metros con TurboPower. Presentación en caja. Compatible con Moto G, E y Edge. SKU SJC00ABC20.",,,,,,,,,,,,,,,,,,,,,,,,,,,,,,,,,,,,,,,,,,,negro,,,,,,,usb,,,,,,,,,,,,,,,,,,,,,,,,,,,,,,,,,,,,,,,,,,,,,,,,,,,,,,,,,,,,,,,,,,,,,,,,,,,,,,,,,,,,,,,,,,,,,,,,,,g,,,active
cable-usb-a-tipo-c-motorola-original-en-caja-x2mts,,,,,,,,,,,,,,,,,,,,,,,,,,,,,,,,https://cdn.shopify.com/s/files/1/0796/0703/8180/files/Motorola-USB-A-to-USB-C-2-Metros-6955226409677-01.webp?v=1774456686,2,"",,,,,,,,,,,,,,,,,,,,,,,,,,,,,,,,,,,,,,,,,,,,,,,,,,,,,,,,,,,,,,,,,,,,,,,,,,,,,,,,,,,,,,,,,,,,,,,,,,,,,,,,,,,,,,,,,,,,,,,,,,,,,,,,,,,,,,,,,,,,,,,,,,,,,,,,,,
cable-usb-a-mini-usb-noga-2-metros,Cable USB-A a Mini USB NOGA 2 Metros,"<h2>Conectividad confiable para tus dispositivos</h2><p>El <strong>Cable USB-A a Mini USB NOGA de 2 metros</strong> es la solución ideal para cargar y transferir datos en cámaras digitales, reproductores MP3, GPS y otros dispositivos con puerto Mini USB.</p><ul>
<li>✅ <strong>Longitud:</strong> 2 metros — libertad de movimiento sin restricciones</li>
<li>✅ <strong>Compatibilidad:</strong> Cámaras digitales, GPS, reproductores MP3 y más</li>
<li>✅ <strong>Doble función:</strong> Carga y transferencia de datos</li>
<li>✅ <strong>Marca NOGA:</strong> Calidad y durabilidad garantizada</li>
<li>✅ <strong>Conector:</strong> USB-A macho a Mini USB macho</li>
</ul><p>Ideal para uso doméstico, oficina o reventa mayorista. Stock disponible para pedidos al por mayor.</p>",NOGA,Electronics > Electronics Accessories > Cables > Storage & Data Transfer Cables > USB Cables,Cables y Conectores,"cable mini usb, cable-usb, cámara, gps, mayorista, mini-usb, noga, transferencia-datos, usb-a",true,Title,Default Title,,,,,,,,USB 5M,40.0,shopify,22,deny,manual,1960.00,,true,true,,,,,7798137386908,https://cdn.shopify.com/s/files/1/0796/0703/8180/files/WhatsAppImage2026-03-25at16.16.12.jpg?v=1774466217,1,"",false,Cable USB-A a Mini USB NOGA 2 Metros | Carga y Datos,"Cable USB-A a Mini USB NOGA 2 metros. Compatible con cámaras, GPS y MP3. Carga y transferencia de datos. Disponible al por mayor en Parquelectro.",,,,,,,,,,,,,,,,,,,,,,,,,,,,,,,,,,,redondo-estandar,,,,,,,,negro,,,,,,,,,,,,de-macho-a-macho,,,,,,,,,,,,,,,,,,,,,,,,,,,,,,,,plastico; metal,,,,,,,,,,,,,,,,,,,,,,,,,,,,,,,,,,,,,,,,,,,,,,,,,,,,,,,,,,,,,g,,,active
cable-usb-a-micro-usb-time-carga-rapida-3-1a,Cable USB-A a Micro USB TIME Carga Rápida 3.1A,"<h2>Cargá tu dispositivo Android más rápido</h2><p>El <strong>Cable USB-A a Micro USB TIME 3.1A</strong> está diseñado para aprovechar al máximo la carga rápida en dispositivos Android con puerto Micro USB. Con soporte de hasta <strong>3.1A de corriente</strong>, reducís significativamente el tiempo de carga.</p><h3>Características principales</h3><ul>
<li>⚡ <strong>Carga rápida 3.1A</strong> para mayor velocidad de carga</li>
<li>🔌 Conexión <strong>USB-A a Micro USB</strong>
</li>
<li>🔄 Carga y transferencia de datos simultánea</li>
<li>📱 Compatible con Samsung, Motorola, LG y la mayoría de dispositivos Micro USB</li>
<li>🛡️ Construcción resistente para uso diario</li>
</ul><p>Ideal para quienes tienen dispositivos Android con Micro USB y quieren reducir el tiempo de carga al máximo.</p>",TIME,Electronics > Electronics Accessories > Cables > Storage & Data Transfer Cables > USB Cables,Cables y Conectores,"3.1a, android, cable micro usb, carga rápida, mayorista, time",true,Title,Default Title,,,,,,,,CAB-42002,40.0,shopify,9,deny,manual,1225.00,,true,true,,,,,723540563759,https://cdn.shopify.com/s/files/1/0796/0703/8180/files/42002-caja.jpg?v=1774466561,1,"",false,Cable USB-A a Micro USB TIME Carga Rápida 3.1A | Parquelectro,"Cable USB-A a Micro USB TIME con carga rápida 3.1A. Compatible con Samsung, Motorola y dispositivos Android Micro USB. Rápido y resistente.",,,,,,,,,,,,,,,,,,,,,,,,,,,,,,,,,,,,,,,,,,,,,,,,,,,,,,,,,,,,,,,,,,,,,,,,,,,,,,,,,,,,,,,,,,,,,,,,,,,,,,,,,,,,,,,,,,,,,,,,,,,,,,,,,,,,,,,,,,,,,,,,,,,,g,,,active
cable-usb-a-micro-usb-time-carga-rapida-3-1a,,,,,,,,,,,,,,,,,,,,,,,,,,,,,,,,https://cdn.shopify.com/s/files/1/0796/0703/8180/files/WhatsAppImage2026-03-25at16.20.22.jpg?v=1774466561,2,"",,,,,,,,,,,,,,,,,,,,,,,,,,,,,,,,,,,,,,,,,,,,,,,,,,,,,,,,,,,,,,,,,,,,,,,,,,,,,,,,,,,,,,,,,,,,,,,,,,,,,,,,,,,,,,,,,,,,,,,,,,,,,,,,,,,,,,,,,,,,,,,,,,,,,,,,,,
cable-usb-a-micro-usb-noga-2mts-conector-90,Cable USB-A a Micro USB NOGA 2 metros Conector 90°,"<h2>Diseño angular para mayor comodidad y protección del puerto</h2><p>El <strong>Cable USB-A a Micro USB NOGA de 2 metros con conector 90°</strong> es ideal para situaciones donde el cable necesita salir en ángulo recto del dispositivo, evitando tensiones en el puerto y facilitando el uso mientras cargás.</p><h3>Características principales</h3><ul>
<li>🔄 Conexión <strong>USB-A a Micro USB</strong>
</li>
<li>📐 <strong>Conector angular 90°</strong> para mayor comodidad y protección del puerto</li>
<li>📏 <strong>2 metros</strong> de largo para mayor libertad de movimiento</li>
<li>🔄 Carga y transferencia de datos</li>
<li>📱 Compatible con Samsung, Motorola, LG y dispositivos Micro USB</li>
<li>🛡️ Construcción resistente para uso diario</li>
</ul><p>Perfecto para usar mientras jugás, ves contenido o tenés el celular apoyado, sin doblar el cable en ángulos forzados.</p>",NOGA,Electronics > Electronics Accessories > Cables > Storage & Data Transfer Cables > USB Cables,Cables y Conectores,"android, angular, cable micro usb, conector 90°, mayorista, noga",true,Title,Default Title,,,,,,,,USB A MICRO 90 2M,45.0,shopify,20,deny,manual,2380.00,,true,true,,,,,7798137718594,https://cdn.shopify.com/s/files/1/0796/0703/8180/files/NGUSB20MICRO90.jpg?v=1774466756,1,"",false,Cable USB-A a Micro USB NOGA 2 Metros Conector 90° | Parquelectro,Cable USB-A a Micro USB NOGA 2 metros con conector angular 90°. Ideal para cargar sin doblar el cable. Compatible con Android Micro USB.,,,,,,,,,,,,,,,,,,,,,,,,,,,,,,,,,,sin-apantallar-utp,,,,,,,,,negro,,,,,,,usb; micro-usb,,,,,,,,,,,,,,,,,,,,,,,,,,,,,,,,,,,,,,,,,,,,,,,,,,,,,,,,,,,,,,,,,,,,,,,,,,,,,,,,,,,,,,,,,,,,,,,,,,g,,,active
cable-usb-a-micro-usb-noga-2mts-conector-90,,,,,,,,,,,,,,,,,,,,,,,,,,,,,,,,https://cdn.shopify.com/s/files/1/0796/0703/8180/files/1668198028130_1668198022148_1668198022034.jpg?v=1774466848,2,"",,,,,,,,,,,,,,,,,,,,,,,,,,,,,,,,,,,,,,,,,,,,,,,,,,,,,,,,,,,,,,,,,,,,,,,,,,,,,,,,,,,,,,,,,,,,,,,,,,,,,,,,,,,,,,,,,,,,,,,,,,,,,,,,,,,,,,,,,,,,,,,,,,,,,,,,,,
cable-usb-a-micro-usb-motorola-x1mt,Cable USB-A a Micro USB Motorola Original 1 metro,"<h2>Carga oficial Motorola con la confianza del original</h2><p>El <strong>Cable USB-A a Micro USB Motorola Original de 1 metro</strong> garantiza compatibilidad total y rendimiento óptimo con todos tus dispositivos Motorola con puerto Micro USB. La elección segura para quienes no quieren arriesgar la batería ni el puerto de su celular.</p><h3>Características principales</h3><ul>
<li>✅ <strong>Original Motorola</strong> – calidad y compatibilidad garantizada</li>
<li>⚡ Soporte para <strong>carga rápida TurboPower</strong> en dispositivos compatibles</li>
<li>🔌 Conexión <strong>USB-A a Micro USB</strong>
</li>
<li>📏 <strong>1 metro</strong> de largo</li>
<li>🔄 Carga y transferencia de datos de alta velocidad</li>
<li>📱 Compatible con Moto G, Moto E y toda la línea Motorola Micro USB</li>
</ul><p>Ideal para quienes buscan un cable confiable, duradero y 100% compatible con su dispositivo Motorola.</p>",MOTOROLA,Electronics > Electronics Accessories > Cables > Storage & Data Transfer Cables > USB Cables,Cables y Conectores,"android, cable micro usb, mayorista, motorola, original, turbopower",true,Title,Default Title,,,,,,,,SC18C37157,25.0,shopify,0,deny,manual,2771.84,,true,true,,,,,,https://cdn.shopify.com/s/files/1/0796/0703/8180/files/WhatsAppImage2026-03-25at16.39.19_2.jpg?v=1774467860,1,"",false,Cable USB-A a Micro USB Motorola Original 1 Metro | Parquelectro,"Cable USB-A a Micro USB Motorola original 1 metro con TurboPower. Compatible con Moto G, Moto E y dispositivos Motorola Micro USB.",,,,,,,,,,,,,,,,,,,,,,,,,,,,,,,,,,sin-apantallar-utp,,,,,,,,,negro,,,,,,,usb; micro-usb,,,,,,,,,,,,,,,,,,,,,,,,,,,,,,,,,,,,,,,,,,,,,,,,,,,,,,,,,,,,,,,,,,,,,,,,,,,,,,,,,,,,,,,,,,,,,,,,,,g,,,active
cable-usb-a-micro-usb-motorola-x1mt,,,,,,,,,,,,,,,,,,,,,,,,,,,,,,,,https://cdn.shopify.com/s/files/1/0796/0703/8180/files/WhatsAppImage2026-03-25at16.39.19_3.jpg?v=1774467860,2,"",,,,,,,,,,,,,,,,,,,,,,,,,,,,,,,,,,,,,,,,,,,,,,,,,,,,,,,,,,,,,,,,,,,,,,,,,,,,,,,,,,,,,,,,,,,,,,,,,,,,,,,,,,,,,,,,,,,,,,,,,,,,,,,,,,,,,,,,,,,,,,,,,,,,,,,,,,
cable-usb-a-micro-usb-motorola-x1mt,,,,,,,,,,,,,,,,,,,,,,,,,,,,,,,,https://cdn.shopify.com/s/files/1/0796/0703/8180/files/WhatsAppImage2026-03-25at16.39.19_1.jpg?v=1774467842,3,"",,,,,,,,,,,,,,,,,,,,,,,,,,,,,,,,,,,,,,,,,,,,,,,,,,,,,,,,,,,,,,,,,,,,,,,,,,,,,,,,,,,,,,,,,,,,,,,,,,,,,,,,,,,,,,,,,,,,,,,,,,,,,,,,,,,,,,,,,,,,,,,,,,,,,,,,,,
cable-usb-a-iphone-replica-apple,Cable Usb-a A Lightning Compatible Con iPhone,Cable Usb-a A Lightning Compatible Con iPhone,SIN MARCA,Electronics > Electronics Accessories > Cables > Storage & Data Transfer Cables > USB Cables,Cables y Conectores,"apple, cable lightning, compatible, iphone, mayorista, usb-a",true,Title,Default Title,,,,,,,,MD818ZM/A,20.0,shopify,22,deny,manual,29408.00,,true,true,,,,,885909627424,https://cdn.shopify.com/s/files/1/0796/0703/8180/files/USB-Lightning-Cable-range-2.png?v=1774468105,1,"",false,Cable USB-A a Lightning Compatible con iPhone | Parquelectro,"Cable USB-A a Lightning compatible con iPhone, iPad y AirPods. Opción económica para carga y transferencia de datos. Ideal como repuesto.",,,,,,,,,,,,,,,,,,,,,,,,,,,,,,,,,,trenzado-stp,,,,,,,,,blanco,,,,,,,usb-c,,,,,,,,,,,,,,,,,,,,,,,,,,,,,,,,,,,,,,,,,,,,,,,,,,,,,,,,,,,,,,,,,,,,,,,,,,,,,,,,,,,,,,,,,,,,,,,,,,g,,,active
cable-usb-a-iphone-replica-apple,,,,,,,,,,,,,,,,,,,,,,,,,,,,,,,,https://cdn.shopify.com/s/files/1/0796/0703/8180/files/WhatsAppImage2026-03-25at16.47.39.jpg?v=1774468105,2,"",,,,,,,,,,,,,,,,,,,,,,,,,,,,,,,,,,,,,,,,,,,,,,,,,,,,,,,,,,,,,,,,,,,,,,,,,,,,,,,,,,,,,,,,,,,,,,,,,,,,,,,,,,,,,,,,,,,,,,,,,,,,,,,,,,,,,,,,,,,,,,,,,,,,,,,,,,
cable-usb-4-en-1-time-tipo-c-a-tipo-c-tipo-c-a-iphone-usb-a-iphone-usb-a-tipo-c,Cable USB 4 en 1 TIME USB-C y Lightning,"<h2>Un solo cable para todos tus dispositivos</h2><p>El <strong>Cable USB 4 en 1 TIME</strong> es la solución definitiva para quienes tienen múltiples dispositivos. Con cuatro combinaciones de conectores en un solo cable, cubrís iPhone, Android y notebooks sin necesitar cables extra.</p><h3>Combinaciones disponibles</h3><ul>
<li>🔌 <strong>USB-C a USB-C</strong> – para dispositivos Android modernos y notebooks</li>
<li>🔌 <strong>USB-C a Lightning</strong> – para iPhone y iPad desde cargadores USB-C</li>
<li>🔌 <strong>USB-A a Lightning</strong> – para iPhone y iPad desde cargadores estándar</li>
<li>🔌 <strong>USB-A a USB-C</strong> – para Android desde cargadores estándar</li>
</ul><h3>Características principales</h3><ul>
<li>⚡ Carga y transferencia de datos en todas las combinaciones</li>
<li>📱 Compatible con iPhone, iPad, Samsung, Motorola, Xiaomi y más</li>
<li>🎨 Compacto y fácil de transportar</li>
<li>💰 Reemplaza 4 cables en uno solo</li>
</ul><p>Ideal para el hogar, la oficina o los viajes. Un cable para toda la familia.</p>",TIME,Electronics > Electronics Accessories > Cables > Storage & Data Transfer Cables > USB Cables,Cables y Conectores,"android, cable 4 en 1, iphone, lightning, mayorista, usb-c",true,Title,Default Title,,,,,,,,CAB-44006,75.0,shopify,8,deny,manual,3224.20,,true,true,,,,,723540564992,https://cdn.shopify.com/s/files/1/0796/0703/8180/files/CARGADOR-TIPO-C-TIME-PD-45W-QC-20W-CC-59126-1-510x510.jpg?v=1774468248,1,"",false,Cable USB 4 en 1 TIME USB-C y Lightning para iPhone y Android | Parquelectro,"Cable USB 4 en 1 TIME con USB-C a USB-C, USB-C a Lightning, USB-A a Lightning y USB-A a USB-C. Compatible con iPhone y Android.",,,,,,,,,,,,,,,,,,,,,,,,,,,,,,,,,,trenzado-stp,,,,,,,,,a-rayas,,,,,,,usb,,,,,,,,,,,,,,,,,,,,,,,,,,,,,,,,,,,,,,,,,,,,,,,,,,,,,,,,,,,,,,,,,,,,,,,,,,,,,,,,,,,,,,,,,,,,,,,,,,g,,,active
cable-usb-3-0-a-sata-noga,Cable Usb 3.0 A Sata Noga Para Discos Rígidos Y Ssd,Cable Usb 3.0 A Sata Noga Para Discos Rígidos Y Ssd,NOGA,Electronics > Electronics Accessories > Cables > Storage & Data Transfer Cables > USB Cables,Cables y Conectores,"disco rígido, hdd ssd, mayorista, noga, sata, usb 3.0",true,Title,Default Title,,,,,,,,USB3 A SATA,25.0,shopify,5,deny,manual,10781.00,,true,true,,,,,7798137714473,https://cdn.shopify.com/s/files/1/0796/0703/8180/files/rn-image_picker_lib_temp_69d24a28-aa55-4208-9fc7-165b7c8ef065.webp?v=1776356429,1,"",false,Cable USB 3.0 a SATA NOGA para Discos Rígidos y SSD | Parquelectro,"Cable USB 3.0 a SATA NOGA. Conectá discos HDD y SSD SATA 2.5"" y 3.5"" a tu PC. Alta velocidad, Plug & Play, sin drivers. Ideal para backups.",,,,,,,,,,,,,,,,,,,,,,,,,,,,,,,,,,,,,,,,,,,,,,,,,,,,,,,,,,,,,,,,,,,,,,,,,,,,,,,,,,,,,,,,,,,,,,,,,,,,,,,,,,,,,,,,,,,,,,,,,,,,,,,,,,,,,,,,,,,,,,,,,,,,g,,3500.00,active
cable-tipo-c-a-tipo-c-samsung-original-1m-5a,Cable Usb-c A Usb-c Samsung Original 5a 1 Metro Ep-dx510,Cable Usb-c A Usb-c Samsung Original 5a 1 Metro Ep-dx510,SAMSUNG,Electronics > Electronics Accessories > Cables > Storage & Data Transfer Cables > USB Cables,Cables y Conectores,"5a, cable usb-c, carga rápida, mayorista, original, samsung",true,Title,Default Title,,,,,,,,EP-DX510,30.0,shopify,2,deny,manual,8879.00,,true,true,,,,,,https://cdn.shopify.com/s/files/1/0796/0703/8180/files/WhatsAppImage2026-03-25at16.56.34.jpg?v=1774468794,1,"",false,Cable USB-C Samsung Original 5A 1 Metro EP-DX510 | Parquelectro,"Cable USB-C a USB-C Samsung original EP-DX510, 5A/25W, 1 metro. Carga super rápida para Galaxy S, A, Z y tablets Samsung.",,,,,,,,,,,,,,,,,,,,,,,,,,,,,,,,,,trenzado-stp,,,,,,,,,blanco,,,,,,,usb,,,,,,,,,,,,,,,,,,,,,,,,,,,,,,,,,,,,,,,,,,,,,,,,,,,,,,,,,,,,,,,,,,,,,,,,,,,,,,,,,,,,,,,,,,,,,,,,,,g,,,active
cable-tipo-c-a-tipo-c-samsung-original-1m-5a,,,,,,,,,,,,,,,,,,,,,,,,,,,,,,,,https://cdn.shopify.com/s/files/1/0796/0703/8180/files/WhatsAppImage2026-03-25at16.56.35.jpg?v=1774468794,2,"",,,,,,,,,,,,,,,,,,,,,,,,,,,,,,,,,,,,,,,,,,,,,,,,,,,,,,,,,,,,,,,,,,,,,,,,,,,,,,,,,,,,,,,,,,,,,,,,,,,,,,,,,,,,,,,,,,,,,,,,,,,,,,,,,,,,,,,,,,,,,,,,,,,,,,,,,,
cable-tipo-c-a-tipo-c-motorola-original-reforzado-2mt,Cable USB-C a USB-C Motorola Original Reforzado 2 metros,"<h2>Carga TurboPower oficial Motorola con durabilidad extra</h2><p>El <strong>Cable USB-C a USB-C Motorola Original Reforzado de 2 metros</strong> combina la confiabilidad de un cable 100% original con una construcción reforzada para mayor durabilidad. Con 2 metros de largo tenés la libertad de moverte mientras cargás. Presentación en caja oficial.</p><h3>Características principales</h3><ul>
<li>✅ <strong>Original Motorola</strong> – calidad y compatibilidad garantizada</li>
<li>⚡ Soporte para <strong>carga rápida TurboPower</strong> en dispositivos compatibles</li>
<li>💪 <strong>Construcción reforzada</strong> para mayor durabilidad y resistencia</li>
<li>🔌 Conexión <strong>USB-C a USB-C</strong>
</li>
<li>📏 <strong>2 metros</strong> de largo para mayor comodidad</li>
<li>📦 <strong>Presentación en caja</strong> oficial Motorola</li>
<li>📱 Compatible con Moto G, Edge y toda la línea Motorola USB-C</li>
</ul><p>Ideal para quienes buscan un cable largo, resistente y 100% original para aprovechar al máximo la carga TurboPower de su Motorola.</p>",MOTOROLA,Electronics > Electronics Accessories > Cables > Storage & Data Transfer Cables > USB Cables,Cables y Conectores,"cable usb-c, mayorista, motorola, original, reforzado, turbopower",true,Title,Default Title,,,,,,,,SJC00CCB20,60.0,shopify,1,deny,manual,16850.00,,true,true,,,,,6955226409684,https://cdn.shopify.com/s/files/1/0796/0703/8180/files/160074-800-auto.webp?v=1774469174,1,"",false,Cable USB-C Motorola Original Reforzado 2 Metros en Caja | Parquelectro,"Cable USB-C a USB-C Motorola original reforzado 2 metros con TurboPower en caja. Compatible con Moto G, Edge y dispositivos Motorola USB-C.",,,,,,,,,,,,,,,,,,,,,,,,,,,,,,,,,,,,,,,,,,,,,,,,,,,,,,,,,,,,,,,,,,,,,,,,,,,,,,,,,,,,,,,,,,,,,,,,,,,,,,,,,,,,,,,,,,,,,,,,,,,,,,,,,,,,,,,,,,,,,,,,,,,,g,,,active
cable-tipo-c-a-tipo-c-motorola-original-reforzado-2mt,,,,,,,,,,,,,,,,,,,,,,,,,,,,,,,,https://cdn.shopify.com/s/files/1/0796/0703/8180/files/Motorola-USB-C-to-USB-C-2-Metros-6955226409684-01.webp?v=1774469174,2,"",,,,,,,,,,,,,,,,,,,,,,,,,,,,,,,,,,,,,,,,,,,,,,,,,,,,,,,,,,,,,,,,,,,,,,,,,,,,,,,,,,,,,,,,,,,,,,,,,,,,,,,,,,,,,,,,,,,,,,,,,,,,,,,,,,,,,,,,,,,,,,,,,,,,,,,,,,
cable-tipo-c-a-tipo-c-motorola-original-sin-caja-hasta-125w,Cable USB-C a USB-C Motorola Original hasta 125W TurboPower,"<h2>Cable USB-C a USB-C Motorola Original — hasta 125W TurboPower</h2><p>Cable de carga y datos <strong>original Motorola</strong>, diseñado para aprovechar al máximo la tecnología <strong>TurboPower</strong> de hasta 125W. Ideal para smartphones de las líneas <strong>Moto G, Moto Edge</strong> y cualquier dispositivo compatible con USB-C.</p><ul>
<li>✅ <strong>Original Motorola</strong> — garantía de compatibilidad y durabilidad</li>
<li>⚡ <strong>Hasta 125W TurboPower</strong> — carga ultrarrápida</li>
<li>🔌 <strong>Conector USB-C a USB-C</strong> — universal y reversible</li>
<li>📦 <strong>Sin caja</strong> — producto funcional al mejor precio mayorista</li>
<li>⚖️ <strong>Peso:</strong> 30 g — liviano y fácil de transportar</li>
</ul><p>Perfecto para revendedores, integradores y usuarios que buscan repuestos originales a precio competitivo.</p>",MOTOROLA,Electronics > Electronics Accessories > Cables > Storage & Data Transfer Cables > USB Cables,Cables y Conectores,"125w, cable usb-c, carga rapida, mayorista, motorola, original, turbopower",true,Title,Default Title,,,,,,,,SC18D24968,30.0,shopify,2,deny,manual,6580.00,,true,true,,,,,,https://cdn.shopify.com/s/files/1/0796/0703/8180/files/WhatsAppImage2026-03-25at16.39.18_1.jpg?v=1774469532,1,"",false,Cable USB-C Motorola Original 125W TurboPower | Parquelectro,"Cable USB-C a USB-C Motorola original hasta 125W TurboPower. Compatible con Moto G y Edge. Sin caja, precio mayorista. Envío a todo el país.",,,,,,,,,,,,,,,,,,,,,,,,,,,,,,,,,elastomero-termoplastico-tpe,sin-apantallar-utp,redondo-estandar,,,,,,,,negro; colour,,,,,,,usb,,,,,de-macho-a-macho,,,,,,,,,,,,,,,,,,,,,,,,,,,,,,,,plastico,,,,,,,,,,,,,,,,,,,,,usb,,,,,,,,,,,,,,,,,,,,,,,,,,,,,,,,,,,,,,,,g,,,active
cable-tipo-c-a-tipo-c-motorola-original-sin-caja-hasta-125w,,,,,,,,,,,,,,,,,,,,,,,,,,,,,,,,https://cdn.shopify.com/s/files/1/0796/0703/8180/files/WhatsAppImage2026-03-25at16.39.18.jpg?v=1774469532,2,"",,,,,,,,,,,,,,,,,,,,,,,,,,,,,,,,,,,,,,,,,,,,,,,,,,,,,,,,,,,,,,,,,,,,,,,,,,,,,,,,,,,,,,,,,,,,,,,,,,,,,,,,,,,,,,,,,,,,,,,,,,,,,,,,,,,,,,,,,,,,,,,,,,,,,,,,,,
cable-tipo-c-a-tipo-c-motorola-original-sin-caja-hasta-125w,,,,,,,,,,,,,,,,,,,,,,,,,,,,,,,,https://cdn.shopify.com/s/files/1/0796/0703/8180/files/WhatsAppImage2026-03-25at16.39.19.jpg?v=1774469314,3,"",,,,,,,,,,,,,,,,,,,,,,,,,,,,,,,,,,,,,,,,,,,,,,,,,,,,,,,,,,,,,,,,,,,,,,,,,,,,,,,,,,,,,,,,,,,,,,,,,,,,,,,,,,,,,,,,,,,,,,,,,,,,,,,,,,,,,,,,,,,,,,,,,,,,,,,,,,
cable-tipo-c-a-tipo-c-marca-time-x1mt,Cable Usb-c A Usb-c Time 1 Metro,Cable Usb-c A Usb-c Time 1 Metro,TIME,Electronics > Electronics Accessories > Cables > Storage & Data Transfer Cables > USB Cables,Cables y Conectores,"android, cable, cable usb-c, carga, mayorista, time",true,Title,Default Title,,,,,,,,CAB-44005,35.0,shopify,23,deny,manual,25488.00,,true,true,,,,,723540564596,https://cdn.shopify.com/s/files/1/0796/0703/8180/files/CABLE-DE-DATOS-TIPO-C-A-TIPO-C-TIME-45W-CAB-44003.jpg?v=1774469712,1,"",false,Cable USB-C a USB-C TIME 1 Metro | Parquelectro,"Cable USB-C a USB-C TIME 1 metro. Carga y transferencia de datos para Samsung, Motorola, Xiaomi y notebooks. Económico y resistente.",,,,,,,,,,,,,,,,,,,,,,,,,,,,,,,,,,trenzado-stp,,,,,,,,,blanco,,,,,,,usb,,,,,,,,,,,,,,,,,,,,,,,,,,,,,,,,,,,,,,,,,,,,,,,,,,,,,,,,,,,,,,,,,,,,,,,,,,,,,,,,,,,,,,,,,,,,,,,,,,g,,,active
cable-tipo-c-a-hdmi-noga,Cable USB-C a HDMI Noga – Conectá Celular o Notebook a TV y Monitor,"<h2>Mirá tu pantalla en grande desde tu celular o notebook</h2><p>Cable Noga USB Tipo C a HDMI para conectar tu smartphone, tablet o notebook directamente a un TV, monitor o proyector con entrada HDMI. Sin adaptadores extra, sin drivers, plug &amp; play.</p><h3>Características principales</h3><ul>
<li>Conexión: USB-C (macho) a HDMI (macho)</li>
<li>Compatible con celulares, tablets y notebooks con puerto USB-C</li>
<li>Resolución: Full HD 1080p</li>
<li>Plug &amp; Play – sin instalación de drivers</li>
<li>Marca: Noga</li>
<li>Peso: 65g – liviano y fácil de transportar</li>
</ul><h3>¿Para qué lo usás?</h3><ul>
<li>Ver películas o series desde el celular en el TV</li>
<li>Presentaciones desde notebook o tablet en proyector o monitor</li>
<li>Duplicar o extender pantalla en reuniones de trabajo</li>
</ul><p>La forma más simple de conectar tu dispositivo móvil a cualquier pantalla HDMI. Sin complicaciones.</p>",NOGA,Electronics > Electronics Accessories > Cables > Audio & Video Cables > HDMI Cables,Cables y Conectores,"cable hdmi, mayorista, monitor, noga, tv, usb-c",true,Title,Default Title,,,,,,,,USBC-HDMI,65.0,shopify,5,deny,manual,10500.00,,true,true,,,,,7798137717078,https://cdn.shopify.com/s/files/1/0796/0703/8180/files/usbc-hdmi-cable-657799c39539b676b017473225943996-1024-1024.webp?v=1774470353,1,"",false,Cable USB-C a HDMI NOGA para TV y Monitor | Parquelectro,"Cable USB-C a HDMI NOGA. Conectá tu celular, tablet o notebook a TV, monitor o proyector en alta definición. Plug & Play, sin drivers.",,,,,,,,,,,,,,,,,,,,hdmi-tipo-a,,,,,,,,,,,,,goma,trenzado-stp,,,,,,,,,negro,,,,,,,,,,,dorado,de-macho-a-macho,liso,hdmi; usb,,,,,,,,,,,,,,,,,,,,,,,,,,,,,,plastico; goma,,,,,,,,,,,,,,,,,,,,,,,,,,,,,,,,,,,,,,,,,,,,,,,,,,,,,,,,,,,,,g,,,active
cable-tipo-c-a-hdmi-noga,,,,,,,,,,,,,,,,,,,,,,,,,,,,,,,,https://cdn.shopify.com/s/files/1/0796/0703/8180/files/usbc-hdmi-pack-2bdbc52cff7dd1644917473226019606-1024-1024.webp?v=1774470353,2,"",,,,,,,,,,,,,,,,,,,,,,,,,,,,,,,,,,,,,,,,,,,,,,,,,,,,,,,,,,,,,,,,,,,,,,,,,,,,,,,,,,,,,,,,,,,,,,,,,,,,,,,,,,,,,,,,,,,,,,,,,,,,,,,,,,,,,,,,,,,,,,,,,,,,,,,,,,
cable-sata-power,Cable Sata Power Noga Para Discos Rígidos Y Ópticas,Cable Sata Power Noga Para Discos Rígidos Y Ópticas,NOGA,Electronics > Electronics Accessories > Cables > System & Power Cables,Cables y Conectores,"disco rígido, hdd, mayorista, noga, sata power, ssd",true,Title,Default Title,,,,,,,,SATA POWER,20.0,shopify,13,deny,manual,22688.00,,true,true,,,,,,https://cdn.shopify.com/s/files/1/0796/0703/8180/files/662142f18ef10-manhattan-cable-sata-power-2_jpg.webp?v=1774470621,1,"",false,Cable SATA Power NOGA para Discos Rígidos y Ópticas | Parquelectro,"Cable SATA Power NOGA para alimentar discos HDD, SSD y unidades ópticas. Ideal para armado y reparación de PCs. Confiable y resistente.",,,,,,,,,,,,,,,,,,,,,,,,,,,,,,,,,,,,,,,,,,,,,,,,,,,,,,,,,,,,,,,,,,,,,,,,,,,,,,,,,,,,,,,,,,,,,,,,,,,,,,,,,,,,,,,,,,,,,,,,,,,,,,,,,,,,,,,,,,,,,,,,,,,,g,,,active
cable-sata-datos,Cable Sata Datos Noga Para Discos Rígidos Y Ópticas,Cable Sata Datos Noga Para Discos Rígidos Y Ópticas,NOGA,Electronics > Electronics Accessories > Cables > Storage & Data Transfer Cables,Cables y Conectores,"disco rígido, hdd, mayorista, noga, sata datos, ssd",true,Title,Default Title,,,,,,,,SATA DATOS,20.0,shopify,40,deny,manual,22688.00,,true,true,,,,,,https://cdn.shopify.com/s/files/1/0796/0703/8180/files/963951-e0b008a26ef1ca111a16108063109683-1024-1024.webp?v=1774470751,1,"",false,Cable SATA Datos NOGA para Discos Rígidos y Ópticas | Parquelectro,"Cable SATA datos NOGA para conectar discos HDD, SSD y unidades ópticas a la placa madre. Ideal para armado y reparación de PCs.",,,,,,,,,,,,,,,,,,,,,,,,,,,,,,,,,,,,,,,,,,,,,,,,,,,,,,,,,,,,,,,,,,,,,,,,,,,,,,,,,,,,,,,,,,,,,,,,,,,,,,,,,,,,,,,,,,,,,,,,,,,,,,,,,,,,,,,,,,,,,,,,,,,,g,,,active
cable-optico-en-bolsa-x1mt,Cable Óptico Toslink Seisa 2 Metros,Cable Óptico Toslink Seisa 2 Metros,SEISA,Electronics > Electronics Accessories > Cables > Audio & Video Cables,Cables y Conectores,"audio digital, cable óptico, home theater, mayorista, toslink, tv",true,Title,Default Title,,,,,,,,XC-0D202,15.0,shopify,5,deny,manual,44800.00,,true,true,,,,,6290132575314,https://cdn.shopify.com/s/files/1/0796/0703/8180/files/11003_1_1739986280.png?v=1774470999,1,"",false,Cable Óptico TOSLINK SEISA 2 Metros | Parquelectro,"Cable óptico TOSLINK SEISA 2 metros. Audio digital sin interferencias para TV, consolas, soundbars y home theater. Calidad de sonido superior.",,,,,,,,,,,,,,,,,,,,,,,,,,,,,,,,,,sin-apantallar-utp,,,,,,,,,negro,,,,,,,,,,,,,,toslink,,,,,,,,,,,,,,,,,,,,,,,,,,,,,,,,,,,,,,,,,,,,,,,,,,,,,,,,,,,,,,,,,,,,,,,,,,,,,,,,,,,,,,,,,,,g,,,active
cable-optico-en-bolsa-x1mt,,,,,,,,,,,,,,,,,,,,,,,,,,,,,,,,https://cdn.shopify.com/s/files/1/0796/0703/8180/files/8854_1_1704472035.jpg?v=1774470999,2,"",,,,,,,,,,,,,,,,,,,,,,,,,,,,,,,,,,,,,,,,,,,,,,,,,,,,,,,,,,,,,,,,,,,,,,,,,,,,,,,,,,,,,,,,,,,,,,,,,,,,,,,,,,,,,,,,,,,,,,,,,,,,,,,,,,,,,,,,,,,,,,,,,,,,,,,,,,
cable-hdmi-a-micro-usb-v8-1-5mts-jac-1015,Cable HDMI a Micro USB (V8) 1.5 metros JAC-1015,"<h2>Conectá tu dispositivo Android a tu TV o monitor HDMI</h2><p>El <strong>Cable HDMI a Micro USB (V8) JAC-1015 de 1.5 metros</strong> te permite conectar smartphones y tablets con puerto Micro USB (MHL compatible) directamente a tu TV o monitor con entrada HDMI para ver contenido en pantalla grande.</p><h3>Características principales</h3><ul>
<li>📺 Conexión <strong>HDMI a Micro USB (V8)</strong>
</li>
<li>📏 <strong>1.5 metros</strong> de largo</li>
<li>📱 Compatible con dispositivos Android con puerto <strong>Micro USB MHL</strong>
</li>
<li>🎥 Transmisión de video en alta definición</li>
<li>💻 Ideal para conectar a <strong>TV, monitor o proyector</strong> con entrada HDMI</li>
<li>🔌 Plug &amp; Play, sin necesidad de instalar drivers</li>
</ul><p>Perfecto para ver películas, series o presentaciones desde tu celular Android en una pantalla más grande.</p>",SIN MARCA,Electronics > Electronics Accessories > Cables > Storage & Data Transfer Cables > USB Cables,Cables y Conectores,"android, cable hdmi, mayorista, mhl, micro usb, tv",true,Title,Default Title,,,,,,,,HDMI-V8,30.0,shopify,4,deny,manual,3500.00,,true,true,,,,,6900214201962,https://cdn.shopify.com/s/files/1/0796/0703/8180/files/cable-adaptador-hdmi-micro-hdmi-15-metros-tablet-tv-celular-smart-tv-full-hd1-afe9e7fd14b666126b15940406802100-1024-1024.webp?v=1774472683,1,"",false,Cable HDMI a Micro USB V8 1.5 Metros JAC-1015 | Parquelectro,Cable HDMI a Micro USB V8 JAC-1015 de 1.5 metros. Conectá tu Android a TV o monitor HDMI. Compatible con dispositivos MHL.,,,,,,,,,,,,,,,,,,,,,,,,,,,,,,,,,,trenzado-stp,,,,,,,,,negro,,,,,,,hdmi; micro-usb,,,,,,,,,,,,,,,,,,,,,,,,,,,,,,,,,,,,,,,,,,,,,,,,,,,,,,,,,,,,,,,,,,,,,,,,,,,,,,,,,,,,,,,,,,,,,,,,,,g,,,active
cable-hdmi-a-hdmi-comun-1-5mts,Cable HDMI a HDMI 1.5m Full HD – Alta Definición 1080p,"<h2>Conectá tus dispositivos con imagen nítida en Full HD</h2><p>Cable HDMI estándar de 1.5 metros ideal para conectar PC, notebook, consola o reproductor a tu TV o monitor. Transmisión de video y audio digital en un solo cable, sin pérdida de calidad.</p><h3>Características principales</h3><ul>
<li>Longitud: 1.5 metros</li>
<li>Resolución: Full HD 1080p</li>
<li>Conectores: HDMI macho a HDMI macho</li>
<li>Transmisión de audio y video en un solo cable</li>
<li>Compatible con TV, monitor, PC, notebook, PS3, PS4, Xbox, Blu-ray</li>
</ul><h3>¿Para qué lo usás?</h3><ul>
<li>Conectar PC o notebook a TV o monitor externo</li>
<li>Consolas de videojuegos (PS3, PS4, Xbox)</li>
<li>Reproductores Blu-ray y decodificadores</li>
</ul><p>Simple, confiable y sin complicaciones. El cable que necesitás para disfrutar tu contenido en pantalla grande.</p>",NOGA,Electronics > Electronics Accessories > Cables > Audio & Video Cables > HDMI Cables,Cables y Conectores,"cable hdmi, consola, full hd, mayorista, pc, tv",true,Title,Default Title,,,,,,,,HDMIC1.5,80.0,shopify,73,deny,manual,980.00,,true,true,,,,,,https://cdn.shopify.com/s/files/1/0796/0703/8180/files/1078-producto-cable-hdmi-4-7961.jpg?v=1774472856,1,"",false,Cable HDMI 1.5m Full HD 1080p | Parquelectro,"Cable HDMI a HDMI de 1.5 metros Full HD 1080p. Compatible con TV, PC, consolas y monitores. Envío rápido. Comprá en Parquelectro.",,,,,,,,,,,,,,,,,,,,hdmi-tipo-a,hdmi-tipo-a,,,,,,,,,,,,cloruro-de-polivinilo-pvc,,,,,,,,,,negro,,,full-hd,,,,,,,,dorado,de-macho-a-macho,liso,hdmi,,,,,,,,,,,,,,,,,,,,,,,,,,,,,,plastico,,,,,,,,,,,,,,,,,,,,,,,,,,,,,,,,,,,,,,,,,,,,,,,,,,,,,,,,,,,,,g,,,active
cable-hdmi-a-hdmi-5mts-mallado,Cable HDMI Mallado Alta Velocidad – 1.5m / 3m / 5m / 10m,"<h2>Cable HDMI Mallado Alta Velocidad</h2><p>Cable HDMI con malla de protección para mayor durabilidad y resistencia a interferencias. Ideal para conectar TV, monitor, proyector, consola o PC con calidad de imagen y sonido sin pérdidas. Disponible en 4 longitudes: 1.5m, 3m, 5m y 10m.</p><h3>Características principales</h3><ul>
<li>Malla de protección anti-interferencias</li>
<li>Soporta resolución Full HD 1080p y 4K</li>
<li>Compatible con TV, monitor, proyector, PC, notebook y consolas</li>
<li>Conectores chapados en oro para mejor conductividad</li>
<li>Disponible en longitudes: 1.5m, 3m, 5m y 10m</li>
<li>Alta velocidad – soporta audio y video sin compresión</li>
</ul><h3>Especificaciones técnicas</h3><ul>
<li>
<strong>Tipo:</strong> HDMI a HDMI (macho-macho)</li>
<li>
<strong>Protección:</strong> Cable mallado</li>
<li>
<strong>Resolución:</strong> Full HD 1080p / 4K</li>
<li>
<strong>Longitudes disponibles:</strong> 1.5m – 3m – 5m – 10m</li>
</ul>",SIN MARCA,Electronics > Electronics Accessories > Cables > Audio & Video Cables > HDMI Cables,Cables y Adaptadores,"4k, cable hdmi, full hd, hdmi, mallado, mayorista",true,Longitud,1.5 Mts,,,,,,,,,0.0,shopify,0,deny,manual,0.00,,true,true,,,,,"",https://cdn.shopify.com/s/files/1/0796/0703/8180/files/1_1.webp?v=1774743240,1,"",false,Cable HDMI Mallado Alta Velocidad 1080p 4K – 1.5m 3m 5m 10m | Parquelectro,"Cable HDMI mallado alta velocidad. Full HD 1080p y 4K. Disponible en 1.5m, 3m, 5m y 10m. Conectores dorados, anti-interferencias.",,,,,,,,,,,,,,,,,,,,,,,,,,,,,,,,,,trenzado-stp,,,,,,,,,rojo,,,,,,,,,,,,,,hdmi,,,,,,,,,,,,,,,,,,,,,,,,,,,,,,,,,,,,,,,,,,,,,,,,,,,,,,,,,,,,,,,,,,,,,,,,,,,,,,,,,,,,,,,,,,https://cdn.shopify.com/s/files/1/0796/0703/8180/files/1_1.webp?v=1774743240,kg,,,active
cable-hdmi-a-hdmi-5mts-mallado,,,,,,,,,3 Mts,,,,,,,,XC-FH3001,0.0,shopify,11,deny,manual,2310.00,,true,true,,,,,6290132558126,,,,,,,,,,,,,,,,,,,,,,,,,,,,,,,,,,,,,,,,,,,,,,,,,,,,,,,,,,,,,,,,,,,,,,,,,,,,,,,,,,,,,,,,,,,,,,,,,,,,,,,,,,,,,,,,,,,,,,,,,,,,,,,,,,,,,,,,,,,,,,,,,,,,,,,,,https://cdn.shopify.com/s/files/1/0796/0703/8180/files/1_1.webp?v=1774743240,kg,,,
cable-hdmi-a-hdmi-5mts-mallado,,,,,,,,,5 Mts,,,,,,,,XC-FH5001,0.0,shopify,1,deny,manual,3108.00,,true,true,,,,,6290132557945,,,,,,,,,,,,,,,,,,,,,,,,,,,,,,,,,,,,,,,,,,,,,,,,,,,,,,,,,,,,,,,,,,,,,,,,,,,,,,,,,,,,,,,,,,,,,,,,,,,,,,,,,,,,,,,,,,,,,,,,,,,,,,,,,,,,,,,,,,,,,,,,,,,,,,,,,https://cdn.shopify.com/s/files/1/0796/0703/8180/files/1_1.webp?v=1774743240,kg,,,
cable-hdmi-a-hdmi-5mts-mallado,,,,,,,,,10 Mts,,,,,,,,,0.0,shopify,0,deny,manual,0.00,,true,true,,,,,"",,,,,,,,,,,,,,,,,,,,,,,,,,,,,,,,,,,,,,,,,,,,,,,,,,,,,,,,,,,,,,,,,,,,,,,,,,,,,,,,,,,,,,,,,,,,,,,,,,,,,,,,,,,,,,,,,,,,,,,,,,,,,,,,,,,,,,,,,,,,,,,,,,,,,,,,,https://cdn.shopify.com/s/files/1/0796/0703/8180/files/1_1.webp?v=1774743240,kg,,,
cable-display-port-a-display-port-1-8mt,"Cable DisplayPort a DisplayPort 1.8m – Full HD, 4K y 144Hz","<h2>Máxima calidad de imagen para gaming y diseño profesional</h2><p>Cable DisplayPort a DisplayPort de 1.8 metros. Ideal para conectar PC a monitor con soporte 4K y altas tasas de refresco. La elección perfecta para gamers y profesionales que necesitan imagen fluida y nítida.</p><h3>Características principales</h3><ul>
<li>Longitud: 1.8 metros</li>
<li>Conectores: DisplayPort macho a DisplayPort macho</li>
<li>Resolución: Full HD 1080p y 4K (3840x2160)</li>
<li>Tasa de refresco: hasta 144Hz y 165Hz</li>
<li>Compatible con NVIDIA, AMD e Intel</li>
<li>SKU: CB362</li>
</ul><h3>¿Para qué lo usás?</h3><ul>
<li>Gaming competitivo con monitor 144Hz o 165Hz</li>
<li>Diseño gráfico y edición de video en 4K</li>
<li>Configuraciones de doble monitor de alta resolución</li>
</ul><p>Si tenés un monitor gaming o profesional con puerto DisplayPort, este es el cable que necesitás para aprovecharlo al 100%.</p>",SIN MARCA,Electronics > Electronics Accessories > Cables > Audio & Video Cables > DisplayPort Cables,Cables y Adaptadores,"144hz, 4k, cable dp, displayport, mayorista, monitor",true,Title,Default Title,,,,,,,,CB362,80.0,shopify,6,deny,manual,5254.00,,true,true,,,,,7899052213628,https://cdn.shopify.com/s/files/1/0796/0703/8180/files/NetmakCableDisplayPortaDisplayPort3mts4KNM-C58.jpg?v=1774743673,1,"",false,Cable DisplayPort a DisplayPort 1.8m 4K 144Hz | Parquelectro,"Cable DisplayPort a DisplayPort de 1.8m. Soporta 4K, 144Hz y 165Hz. Compatible con NVIDIA, AMD e Intel. Ideal para gaming y diseño. SKU CB362.",,,,,,,,,,,,,,,,,,,,,,,,,,,,,,,,,cloruro-de-polivinilo-pvc,,,,,,,,,,negro,,,,,,,,,,,dorado,de-macho-a-macho,liso,puerto-de-pantalla,,,,,,,,,,,,,,,,,,,,,,,,,,,,,,plastico; metal,,,,,,,,,,,,,,,,,,,,,,,,,,,,,,,,,,,,,,,,,,,,,,,,,,,,,,,,,,,,,g,,,active
cable-display-port-m-a-hdmi-m-2mt-marca-noga,Cable DisplayPort a HDMI Noga 2m – Full HD 1080p,"<h2>Convertí tu salida DisplayPort en HDMI sin adaptadores extra</h2><p>Cable conversor DisplayPort a HDMI de 2 metros de Noga. Ideal para conectar PC o notebook con puerto DP a monitores o TVs con entrada HDMI. Imagen Full HD 1080p sin calidad degradada.</p><h3>Características principales</h3><ul>
<li>Longitud: 2 metros</li>
<li>Conversión: DisplayPort (macho) a HDMI (macho)</li>
<li>Resolución: Full HD 1080p</li>
<li>Marca: Noga</li>
<li>Compatible con PC de escritorio, notebooks y workstations con puerto DP</li>
</ul><h3>¿Para qué lo usás?</h3><ul>
<li>Conectar PC gamer o workstation a monitor HDMI</li>
<li>Usar monitor externo HDMI con notebook que solo tiene DisplayPort</li>
<li>Configuraciones de doble monitor</li>
</ul><p>Solución directa y sin complicaciones para conectar tus dispositivos con puertos diferentes.</p>",NOGA,Electronics > Electronics Accessories > Cables > Audio & Video Cables > HDMI Cables,Cables y Adaptadores,"cable dp hdmi, displayport, full hd, hdmi, mayorista, noga",true,Title,Default Title,,,,,,,,DP-HDMI,70.0,shopify,29,deny,manual,4260.00,,true,true,,,,,7798137727329,https://cdn.shopify.com/s/files/1/0796/0703/8180/files/1-dptodhmi21-d614587cf2e0b8bba316761453951858-1024-1024.webp?v=1774748285,1,"",false,Cable DisplayPort a HDMI Noga 2m Full HD 1080p | Parquelectro,"Cable DisplayPort a HDMI Noga 2 metros Full HD 1080p. Ideal para PC, notebooks y monitores. Comprá en Parquelectro con envío rápido.",,,,,,,,,,,,,,,,,,,,hdmi-tipo-a,hdmi-tipo-a,,,,,,,,,,,,cloruro-de-polivinilo-pvc,,,,,,,,,,negro,,,1080p,,,,,,,,dorado,de-macho-a-macho,liso,puerto-de-pantalla; hdmi,,,,,,,,,,,,,,,,,,,,,,,,,,,,,,plastico; metal,,,,,,,,,,,,,,,,,,,,,,,,,,,,,,,,,,,,,,,,,,,,,,,,,,,,,,,,,,,,,g,,,active
cable-display-port-m-a-display-port-m-2mt-marca-noga,Cable Displayport A Displayport Noga 2m  4k Y 144hz,Cable Displayport A Displayport Noga 2m  4k Y 144hz,NOGA,Electronics > Electronics Accessories > Cables > Audio & Video Cables,Cables y Adaptadores,"144hz, 4k, cable dp, displayport, mayorista, noga",true,Title,Default Title,,,,,,,,DP-2M,90.0,shopify,8,deny,manual,6563.00,,true,true,,,,,7798137725172,https://cdn.shopify.com/s/files/1/0796/0703/8180/files/NetmakCableDisplayPortaDisplayPort3mts4KNM-C58.jpg?v=1774743673,1,"",false,Cable DisplayPort a DisplayPort NOGA 2m 4K 144Hz | Parquelectro,"Cable DisplayPort a DisplayPort NOGA 2m. Soporta 4K, 144Hz y 165Hz. Compatible con NVIDIA, AMD e Intel. Ideal para gaming y diseño.",,,,,,,,,,,,,,,,,,,,,,,,,,,,,,,,,,,,,,,,,,,,,,,,,,,,,,,,,,,,,,,,,,,,,,,,,,,,,,,,,,,,,,,,,,,,,,,,,,,,,,,,,,,,,,,,,,,,,,,,,,,,,,,,,,,,,,,,,,,,,,,,,,,,g,,,active
cable-de-red-de-1mts-categoria-5e-plano-presentacion-en-bolsa,Cable de Red Cat 5E Plano 1m – RJ45 Ethernet,"<h2>Cable de Red Cat 5E Plano 1m – RJ45</h2><p>Cable de red Ethernet plano Categoría 5E de 1 metro con conectores RJ45. Diseño plano que facilita el tendido por paredes, zócalos y espacios reducidos. Ideal para conectar PC, notebook, router, switch o consola a la red local. Presentación en bolsa.</p><h3>Características principales</h3><ul>
<li>Categoría: Cat 5E</li>
<li>Longitud: 1 metro</li>
<li>Diseño plano – fácil de tender y ocultar</li>
<li>Conectores RJ45 macho en ambos extremos</li>
<li>Velocidad: hasta 1Gbps (1000 Mbps)</li>
<li>Compatible con router, switch, PC, notebook y consolas</li>
<li>Presentación en bolsa individual</li>
</ul><h3>Especificaciones técnicas</h3><ul>
<li>
<strong>Categoría:</strong> Cat 5E</li>
<li>
<strong>Tipo:</strong> Cable plano</li>
<li>
<strong>Longitud:</strong> 1m</li>
<li>
<strong>Conectores:</strong> RJ45 macho – RJ45 macho</li>
<li>
<strong>Velocidad:</strong> hasta 1Gbps</li>
<li>
<strong>Peso:</strong> 20g</li>
</ul>",SIN MARCA,Electronics > Electronics Accessories > Cables > Network Cables > Ethernet Cables,Cables y Adaptadores,"cable de red, cat 5e, ethernet, mayorista, plano, rj45",true,Title,Default Title,,,,,,,,,20.0,shopify,50,deny,manual,855.50,,true,true,,,,,,https://cdn.shopify.com/s/files/1/0796/0703/8180/files/81UNC9cWIGL._AC_UF1000_1000_QL80.jpg?v=1774748541,1,"",false,Cable de Red Cat 5E Plano 1m RJ45 Ethernet | Parquelectro,"Cable de red Cat 5E plano 1m con conectores RJ45. Hasta 1Gbps. Ideal para PC, router, switch y consolas. Presentación en bolsa.",,,,,,,,,,,,,,,,,,,,,,,,,,,,,,,,,,,,,,,,,,,,,,,,,,,,,,,,,,,,,,,,,,,,,,,,,,,,,,,,,,,,,,,,,,,,,,,,,,,,,,,,,,,,,,,,,,,,,,,,,,,,,,,,,,,,,,,,,,,,,,,,,,,,g,,,active
cable-de-iphone-original-apple-tipo-c-a-ligthining,Cable Original Apple USB-C a Lightning – iPhone / iPad,"<h2>Cable Original Apple USB-C a Lightning</h2><p>Cable original Apple con conector USB-C en un extremo y Lightning en el otro. Compatible con iPhone, iPad y iPod con conector Lightning. Permite carga rápida cuando se usa con un cargador USB-C compatible y transferencia de datos a alta velocidad.</p><h3>Características principales</h3><ul>
<li>Cable 100% original Apple – certificado MFi</li>
<li>Conectores: USB-C (macho) a Lightning (macho)</li>
<li>Compatible con iPhone 14, 13, 12, 11, X, SE y anteriores con Lightning</li>
<li>Compatible con iPad y iPod con conector Lightning</li>
<li>Soporta carga rápida con cargador USB-C</li>
<li>Transferencia de datos de alta velocidad</li>
</ul><h3>Especificaciones técnicas</h3><ul>
<li>
<strong>Marca:</strong> Apple</li>
<li>
<strong>Entrada:</strong> USB-C (macho)</li>
<li>
<strong>Salida:</strong> Lightning (macho)</li>
<li>
<strong>Peso:</strong> 30g</li>
<li>
<strong>Certificación:</strong> MFi (Made for iPhone)</li>
</ul>",APPLE,Electronics > Electronics Accessories > Cables > Storage & Data Transfer Cables > USB Cables,Cables y Adaptadores,"apple, cable lightning, iphone, mayorista, original, usb-c",true,Title,Default Title,,,,,,,,A2561,30.0,shopify,1,deny,manual,44330.00,,true,true,,,,,194252750872,https://cdn.shopify.com/s/files/1/0796/0703/8180/files/WhatsAppImage2026-03-30at13.31.01.jpg?v=1774888275,1,"",false,Cable Original Apple USB-C a Lightning iPhone iPad | Parquelectro,"Cable original Apple USB-C a Lightning. Carga rápida y datos para iPhone, iPad y iPod con Lightning. Certificado MFi.",,,,,,,,,,,,,,,,,,,,,,,,,,,,,,,,,,,,,,,,,,,gris,,,,,,,usb-c,,,,,,,,,,,,,,,,,,,,,,,,,,,,,,,,,,,,,,,,,,,,,,,,,,,,,,,,,,,,,,,,,,,,,,,,,,,,,,,,,,,,,,,,,,,,,,,,,,g,,,active
cable-usb-2-0-noga-2-metros-impresora-scanner-microfono,"Cable USB 2.0 NOGA 2 Metros – Impresora, Scanner y Micrófono","<h2>Cable USB 2.0 NOGA 2 Metros</h2><p>Cable de datos y alimentación USB 2.0 tipo A/B de 2 metros, ideal para conectar impresoras, scanners y micrófonos a tu PC o notebook.</p><h3>Características principales</h3><ul>
<li>Conector: USB 2.0 Tipo A (macho) a Tipo B (macho)</li>
<li>Longitud: 2 metros</li>
<li>Compatible con impresoras, scanners, micrófonos y otros periféricos USB</li>
<li>Velocidad de transferencia: hasta 480 Mbps</li>
<li>Marca: NOGA</li>
<li>Código de barras: 7798137709479</li>
</ul>",NOGA,Electronics > Electronics Accessories > Cables > Storage & Data Transfer Cables > USB Cables,Cables y Adaptadores,"cable usb, impresora, noga, scanner, usb 2.0",true,Title,Default Title,,,,,,,,USB 2.0 A/B 2M,70.0,shopify,10,deny,manual,2380.00,,true,true,,,,,7798137709479,https://cdn.shopify.com/s/files/1/0796/0703/8180/files/NGUSB20AB2MT.jpg?v=1774894986,1,"",false,Cable USB 2.0 NOGA 2 Metros Impresora Scanner Micrófono | Parquelectro,"Cable USB 2.0 Tipo A/B 2m NOGA para impresora, scanner y micrófono. SKU: USB 2.0 A/B 2M. Envío a todo el país.",,,,,,,,,,,,,,,,,,,,,,,,,,,,,,,,,,,,,,,,,,,,,,,,,,,,,,,,,,,,,,,,,,,,,,,,,,,,,,,,,,,,,,,,,,,,,,,,,,,,,,,,,,,,,,,,,,,,,,,,,,,,,,,,,,,,,,,,,,,,,,,,,,,,g,,,active
cable-alimentacion-trebol-mickey-microtec-1-8m-10a-250v,Cable de Alimentación Trébol Mickey MICROTEC 1.8m – 10A 250V,"<h2>Cable de Alimentación Trébol Mickey MICROTEC 1.8m</h2><p>Cable de alimentación tipo Trébol (Mickey) de 1.8 metros, fabricado por MICROTEC Industria Nacional. Ideal para conectar monitores, PC de escritorio, impresoras y otros equipos electrónicos.</p><h3>Características principales</h3><ul>
<li>Conector: Trébol (Mickey) IEC C5 a Schuko/IRAM</li>
<li>Longitud: 1.8 metros</li>
<li>Capacidad: 10A – 250V</li>
<li>Marca: MICROTEC – Industria Nacional</li>
<li>SKU: TREBOL</li>
</ul>",MICROTEC,Electronics > Electronics Accessories > Cables > System & Power Cables,Cables y Adaptadores,"10a 250v, cable alimentacion, mickey, microtec, trebol",true,Title,Default Title,,,,,,,,TREBOL,135.0,shopify,5,deny,manual,3408.00,,true,true,,,,,,https://cdn.shopify.com/s/files/1/0796/0703/8180/files/download-54-0499b3248fbde70c0517295388481771-1024-1024.webp?v=1774898072,1,"",false,Cable Alimentación Trébol Mickey MICROTEC 1.8m 10A 250V | Parquelectro,"Cable trébol Mickey MICROTEC 1.8m 10A 250V para PC, monitor e impresora. SKU: TREBOL. Industria nacional. Envío a todo el país.",,,,,,,,,,,,,,,,,,,,,,,,,,,,,,,,,,sin-apantallar-utp,,,,,,,,,negro,,,,,,,cable-de-alimentacion,,,,,,,,,,,,,,,,,,,,,,,,,,,,,,,,,,,,,,,,,,,,,,,,,,,,,,,,,,,,,,,,,,,,,,,,,,,,,,,,,,,,,,,,,,,,,,,,,,g,,,active
cable-alimentacion-trebol-mickey-microtec-1-8m-10a-250v,,,,,,,,,,,,,,,,,,,,,,,,,,,,,,,,https://cdn.shopify.com/s/files/1/0796/0703/8180/files/MICKLEY-1.50M_size_h686_22f393d74ab1b53698d6335020bbeff7.jpg?v=1774898339,2,"",,,,,,,,,,,,,,,,,,,,,,,,,,,,,,,,,,,,,,,,,,,,,,,,,,,,,,,,,,,,,,,,,,,,,,,,,,,,,,,,,,,,,,,,,,,,,,,,,,,,,,,,,,,,,,,,,,,,,,,,,,,,,,,,,,,,,,,,,,,,,,,,,,,,,,,,,,
cable-de-alimentacion-power-1-8mts-reforzado,Cable de Alimentación Power 1.8m Reforzado 10A 250V,"<h2>Cable de Alimentación Power Reforzado 1.8m</h2><p>Cable de alimentación reforzado ideal para PC de escritorio, monitores, impresoras y equipos electrónicos en general. Construcción robusta para mayor durabilidad y seguridad eléctrica.</p><h3>Características principales</h3><ul>
<li>Longitud: 1.8 metros</li>
<li>Corriente máxima: 10A – Tensión: 250V</li>
<li>Cable reforzado de alta resistencia</li>
<li>Conector IEC C13 (hembra) – Schuko / tipo universal (macho)</li>
<li>Compatible con PC, monitor, impresora, UPS y más</li>
<li>Plug &amp; Play – conexión directa sin adaptadores</li>
</ul><h3>Especificaciones técnicas</h3><ul>
<li>
<strong>Longitud:</strong> 1.8m</li>
<li>
<strong>Corriente:</strong> 10A</li>
<li>
<strong>Tensión:</strong> 250V</li>
<li>
<strong>Peso:</strong> 145g</li>
<li>
<strong>Marca:</strong> MICROTEC</li>
<li>
<strong>SKU:</strong> POWER</li>
</ul>",MICROTEC,Electronics > Electronics Accessories > Cables > System & Power Cables,Cables y Adaptadores,"10a 250v, cable alimentacion, mayorista, microtec, power, reforzado",true,Title,Default Title,,,,,,,,POWER,145.0,shopify,19,deny,manual,3330.00,,true,true,,,,,,https://cdn.shopify.com/s/files/1/0796/0703/8180/files/11-1103d42c941d48ec3116951389355744-480-0.webp?v=1774724655,1,"",false,Cable de Alimentación Power 1.8m Reforzado 10A 250V | Parquelectro,"Cable de alimentación reforzado 1.8m, 10A 250V. Compatible con PC, monitor, impresora y UPS. Marca MICROTEC. SKU POWER.",,,,,,,,,,,,,,,,,,,,,,,,,,,,,,,,,,sin-apantallar-utp,,,,,,,,,negro,,,,,,,cable-de-alimentacion,,,,,,,,,,,,,,,,,,,,,,,,,,,,,,,,,,,,,,,,,,,,,,,,,,,,,,,,,,,,,,,,,,,,,,,,,,,,,,,,,,,,,,,,,,,,,,,,,,g,,,active
cable-de-alimentacion-power-1-8mts-reforzado,,,,,,,,,,,,,,,,,,,,,,,,,,,,,,,,https://cdn.shopify.com/s/files/1/0796/0703/8180/files/D_NQ_NP_888195-MLA95736978532_102025-O.webp?v=1774724655,2,"",,,,,,,,,,,,,,,,,,,,,,,,,,,,,,,,,,,,,,,,,,,,,,,,,,,,,,,,,,,,,,,,,,,,,,,,,,,,,,,,,,,,,,,,,,,,,,,,,,,,,,,,,,,,,,,,,,,,,,,,,,,,,,,,,,,,,,,,,,,,,,,,,,,,,,,,,,
cable-conversor-hdmi-a-vga-con-audio,Adaptador HDMI a VGA con Audio – Cable Conversor Full HD 1080p,"<h2>Adaptador HDMI a VGA con Audio</h2><p>Convertí la salida HDMI de tu PC, notebook o consola a un monitor o proyector VGA sin perder calidad de imagen. Incluye salida de audio para una conexión completa en un solo cable.</p><h3>Características principales</h3><ul>
<li>Convierte señal HDMI a VGA con audio integrado</li>
<li>Resolución Full HD 1080p</li>
<li>Compatible con PC, notebook, laptop, Raspberry Pi, consolas y más</li>
<li>Salida de audio 3.5mm incluida</li>
<li>Plug &amp; Play – sin drivers ni instalación</li>
<li>Cable compacto y liviano, ideal para viajes y oficina</li>
</ul><h3>Especificaciones técnicas</h3><ul>
<li>
<strong>Entrada:</strong> HDMI macho</li>
<li>
<strong>Salida:</strong> VGA hembra + audio 3.5mm</li>
<li>
<strong>Resolución máxima:</strong> 1080p Full HD</li>
<li>
<strong>SKU:</strong> CAB-45021</li>
</ul>",SIN MARCA,Electronics > Electronics Accessories > Adapters > Audio & Video Cable Adapters & Couplers,Cables y Adaptadores,"adaptador, cable conversor, full hd, hdmi, mayorista, vga",true,Title,Default Title,,,,,,,,CAB-45021,45.0,shopify,0,deny,manual,3335.00,,true,true,,,,,,https://cdn.shopify.com/s/files/1/0796/0703/8180/files/google_1000.jpg?v=1774711043,1,"",false,Adaptador HDMI a VGA con Audio Full HD 1080p | Parquelectro,"Adaptador HDMI a VGA con salida de audio 3.5mm. Full HD 1080p, Plug & Play, compatible con PC, notebook y consolas. SKU CAB-45021.",,,,,,,,,,,,,,,,,,,,,,,,,,,,,,,,,,,,,,,,,,,negro,,,,,,,,,,,,macho-a-hembra,,hdmi; vga; 3-5-mm,,,,,,,,,,,,,,,,,,,,,,,,,,,,,,,,,,,,,,,,,,,,,,,,,,,,,,,,,,,,,,,,,,,,,,,,,,,,,,,,,,,,,,,,,,,g,,,active
cable-auxiliar-3-5mm-manos-libres-time-colores,Cable Auxiliar 3.5mm con Manos Libres TIME – Colores,"<h2>Cable Auxiliar 3.5mm con Manos Libres TIME</h2><p>Cable auxiliar estéreo de 3.5mm a 3.5mm con micrófono integrado para manos libres. Compatible con smartphones, tablets, auriculares y equipos de audio. Disponible en varios colores.</p><h3>Características principales</h3><ul>
<li>Conector: 3.5mm macho a 3.5mm macho</li>
<li>Función manos libres con micrófono integrado</li>
<li>Disponible en varios colores</li>
<li>Marca: TIME</li>
<li>SKU: CAB-46003</li>
</ul>",TIME,Electronics > Electronics Accessories > Cables > Audio & Video Cables > AUX Cables,Cables y Adaptadores,"3.5mm, auricular, cable auxiliar, manos libres, time",true,Title,Default Title,,,,,,,,CAB-46003,20.0,shopify,48,deny,manual,1568.00,,true,true,,,,,,https://cdn.shopify.com/s/files/1/0796/0703/8180/files/WhatsAppImage2026-03-30at16.22.58.jpg?v=1774898735,1,"",false,Cable Auxiliar 3.5mm con Manos Libres TIME Colores | Parquelectro,"Cable auxiliar 3.5mm con manos libres TIME, varios colores. Compatible con celulares y auriculares. SKU: CAB-46003.",,,,,,,,,,,,,,,,,3-5-mm,,,,,,,,,,,,,,,,,sin-apantallar-utp,,,,,,,,,blanco; colour,,,,,,,,,,,,,,,,,,,,,,,,,,,,,,,,,,,,,,,,,,,,,,,,,,,,,,,,,,,,,,,,,,,,,,,,,,,,,,,,,,,,,,,,,,,,,,,,,,,,,,,,,g,,,active
cable-auxiliar-3-5mm-manos-libres-time-colores,,,,,,,,,,,,,,,,,,,,,,,,,,,,,,,,https://cdn.shopify.com/s/files/1/0796/0703/8180/files/WhatsAppImage2026-03-30at16.22.58_1.jpg?v=1774898735,2,"",,,,,,,,,,,,,,,,,,,,,,,,,,,,,,,,,,,,,,,,,,,,,,,,,,,,,,,,,,,,,,,,,,,,,,,,,,,,,,,,,,,,,,,,,,,,,,,,,,,,,,,,,,,,,,,,,,,,,,,,,,,,,,,,,,,,,,,,,,,,,,,,,,,,,,,,,,
cable-audio-y-video-3rca-a-3-5-de-1-5mts-en-bolsa,Cable Audio y Video 3 RCA a 3.5mm de 1.5m,"<h2>Cable Audio y Video 3 RCA a 3.5mm de 1.5m</h2><p>Cable de conexión que permite transmitir audio estéreo y video compuesto desde dispositivos con salida 3.5mm hacia equipos con entrada RCA (TV, home theater, amplificadores). Ideal para conectar celulares, tablets o notebooks a sistemas de audio y video.</p><h3>Características principales</h3><ul>
<li>Conectores: 3 RCA (audio L/R + video) a mini jack 3.5mm</li>
<li>Longitud: 1.5 metros</li>
<li>Compatible con TV, home theater, amplificadores y equipos AV</li>
<li>Presentación en bolsa individual</li>
<li>Plug &amp; Play – sin configuración</li>
</ul><h3>Especificaciones técnicas</h3><ul>
<li>
<strong>Entrada:</strong> Mini jack 3.5mm (macho)</li>
<li>
<strong>Salida:</strong> 3x RCA (macho) – Rojo, Blanco, Amarillo</li>
<li>
<strong>Longitud:</strong> 1.5m</li>
<li>
<strong>SKU:</strong> H0915</li>
</ul>",SIN MARCA,Electronics > Electronics Accessories > Cables > Audio & Video Cables > AUX Cables,Cables y Adaptadores,"3.5mm, audio video, cable rca, home theater, mayorista, rca",true,Title,Default Title,,,,,,,,H0915,65.0,shopify,14,deny,manual,1715.00,,true,true,,,,,6078990080726,https://cdn.shopify.com/s/files/1/0796/0703/8180/files/AE-3.5MMM-3RCAM-1.5M-G-2.webp?v=1774726205,1,"",false,Cable 3 RCA a 3.5mm Audio y Video 1.5m | Parquelectro,"Cable 3 RCA a mini jack 3.5mm de 1.5m. Transmite audio estéreo y video compuesto. Compatible con TV, home theater y amplificadores. SKU H0915.",,,,,,,,,,,,,,,,,3-5-mm,,,,,,,,,,,,,,,,,sin-apantallar-utp,,,,,,,,,a-rayas,,,,,,,,,,,,,,,,,,,,,,,,,,,,,,,,,,,,,,,,,,,,,,,,,,,,,,,,,,,,,,,,,,,,,,,,,,,,,,,,,,,,,,,,,,,,,,,,,,,,,,,,,g,,,active
cable-audio-3-5m-a-6-5m-de-1-5mts-de-largo,Cable de Audio Mini Jack 3.5mm a 6.5mm de 1.5m,"<h2>Cable de Audio Mini Jack 3.5mm a 6.5mm de 1.5m</h2><p>Cable adaptador de audio que convierte la salida mini jack 3.5mm de celulares, tablets o notebooks a conector 6.5mm (plug mono/estéreo) para amplificadores, mezcladores, instrumentos y equipos de sonido profesional.</p><h3>Características principales</h3><ul>
<li>Conectores: mini jack 3.5mm (macho) a plug 6.5mm (macho)</li>
<li>Longitud: 1.5 metros</li>
<li>Compatible con amplificadores, mezcladores, instrumentos y equipos de audio</li>
<li>Ideal para músicos, DJs y uso en estudio o escenario</li>
<li>Plug &amp; Play – sin configuración</li>
</ul><h3>Especificaciones técnicas</h3><ul>
<li>
<strong>Entrada:</strong> Mini jack 3.5mm (macho)</li>
<li>
<strong>Salida:</strong> Plug 6.5mm (macho)</li>
<li>
<strong>Longitud:</strong> 1.5m</li>
<li>
<strong>SKU:</strong> XC-S5013</li>
</ul>",SIN MARCA,Electronics > Electronics Accessories > Cables > Audio & Video Cables,Cables y Adaptadores,"3.5mm, 6.5mm, amplificador, cable audio, mayorista, plug",true,Title,Default Title,,,,,,,,XC-S5013,35.0,shopify,0,deny,manual,3262.50,,true,true,,,,,6290132592434,https://cdn.shopify.com/s/files/1/0796/0703/8180/files/2820-producto-1.jpg?v=1774726443,1,"",false,Cable Audio Mini Jack 3.5mm a 6.5mm 1.5m | Parquelectro,"Cable de audio 3.5mm a 6.5mm de 1.5m. Ideal para amplificadores, mezcladores e instrumentos. Plug & Play. SKU XC-S5013.",,,,,,,,,,,,,,,,,,,,,,,,,,,,,,,,,,trenzado-stp,,,,,,,,,negro,,,,,,,,,,,,,,3-5-mm; 6-35-mm,,,,,,,,,,,,,,,,,,,,,,,,,,,,,,,,,,,,,,,,,,,,,,,,,,,,,,,,,,,,,,,,,,,,,,,,,,,,,,,,,,,,,,,,,,,g,,,active
cable-audio-3-5mm-hembra-6-5mm-macho-1-5m,Cable de Audio 3.5mm Hembra a 6.5mm Macho 1.5m,"<h2>Cable de Audio 3.5mm Hembra a 6.5mm Macho 1.5m</h2><p>Cable adaptador de audio de 1.5 metros que convierte la salida de 3.5mm (hembra) a conector 6.5mm (macho). Ideal para conectar dispositivos portátiles como celulares o reproductores a amplificadores, mezcladores y equipos de sonido profesional.</p><h3>Características principales</h3><ul>
<li>Conector entrada: 3.5mm hembra (TRS)</li>
<li>Conector salida: 6.5mm macho (TS/TRS)</li>
<li>Longitud: 1.5 metros</li>
<li>Uso: equipos de audio, amplificadores, mezcladores</li>
<li>SKU: XC-S5016</li>
<li>Código de barras: 6290132592465</li>
</ul>",SIN MARCA,Electronics > Electronics Accessories > Cables > Audio & Video Cables,Cables y Adaptadores,"3.5mm, 6.5mm, adaptador, audio, cable audio",true,Title,Default Title,,,,,,,,XC-S5016,35.0,shopify,1,deny,manual,3262.50,,true,true,,,,,6290132592465,https://cdn.shopify.com/s/files/1/0796/0703/8180/files/WhatsAppImage2026-03-30at16.40.07.jpg?v=1774899829,1,"",false,Cable Audio 3.5mm Hembra a 6.5mm Macho 1.5m | Parquelectro,Cable audio 3.5mm hembra a 6.5mm macho 1.5m para amplificadores y mezcladores. SKU: XC-S5016. Envío a todo el país.,,,,,,,,,,,,,,,,,,,,,,,,,,,,,,,,,,sin-apantallar-utp,,,,,,,,,negro,,,,,,,,,,,,,,3-5-mm; 6-35-mm,,,,,,,,,,,,,,,,,,,,,,,,,,,,,,,,,,,,,,,,,,,,,,,,,,,,,,,,,,,,,,,,,,,,,,,,,,,,,,,,,,,,,,,,,,,g,,,active
cable-audio-3-5mm-hembra-6-5mm-macho-1-5m,,,,,,,,,,,,,,,,,,,,,,,,,,,,,,,,https://cdn.shopify.com/s/files/1/0796/0703/8180/files/WhatsApp_Image_2026-03-30_at_16.40.07_1.jpg?v=1774899842,2,"",,,,,,,,,,,,,,,,,,,,,,,,,,,,,,,,,,,,,,,,,,,,,,,,,,,,,,,,,,,,,,,,,,,,,,,,,,,,,,,,,,,,,,,,,,,,,,,,,,,,,,,,,,,,,,,,,,,,,,,,,,,,,,,,,,,,,,,,,,,,,,,,,,,,,,,,,,
cable-3-rca-macho-a-3-rca-macho-noga-3-metros,Cable 3 RCA Macho a 3 RCA Macho NOGA 3 Metros,"<h2>Cable 3 RCA Macho a 3 RCA Macho NOGA 3 Metros</h2><p>Cable de audio y video con conectores 3 RCA macho en ambos extremos, de 3 metros de largo. Ideal para conectar equipos de home theater, reproductores de DVD/Blu-ray, consolas y sistemas de sonido.</p><h3>Características principales</h3><ul>
<li>Conectores: 3 RCA macho a 3 RCA macho</li>
<li>Longitud: 3 metros</li>
<li>Canales: audio estéreo (rojo/blanco) + video (amarillo)</li>
<li>Compatible con home theater, DVD, Blu-ray y consolas</li>
<li>Marca: NOGA</li>
</ul>",NOGA,Electronics > Electronics Accessories > Cables > Audio & Video Cables,Cables y Adaptadores,"3 rca, audio video, cable rca, home theater, noga",true,Title,Default Title,,,,,,,,AC-300 3,140.0,shopify,8,deny,manual,2240.00,,true,true,,,,,,https://cdn.shopify.com/s/files/1/0796/0703/8180/files/WhatsAppImage2026-03-30at16.53.39_1.jpg?v=1774900495,1,"",false,Cable 3 RCA Macho a 3 RCA Macho NOGA 3 Metros | Parquelectro,"Cable 3 RCA macho a 3 RCA macho NOGA 3m para home theater, DVD y consolas. Audio y video. Envío a todo el país.",,,,,,,,,,,,,,,,,,,,,,,,,,,,,,,,,,,,,,,,,,,,,,,,,,,,,,,,,,,,,,,,,,,,,,,,,,,,,,,,,,,,,,,,,,,,,,,,,,,,,,,,,,,,,,,,,,,,,,,,,,,,,,,,,,,,,,,,,,,,,,,,,,,,g,,,active
cable-3-rca-macho-a-3-rca-macho-noga-1-8-metros,Cable 3 RCA Macho a 3 RCA Macho NOGA 1.8 Metros,"<h2>Cable 3 RCA Macho a 3 RCA Macho NOGA 1.8 Metros</h2><p>Cable de audio y video con conectores 3 RCA macho en ambos extremos, de 1.8 metros de largo. Ideal para conectar equipos de home theater, reproductores de DVD/Blu-ray, consolas y sistemas de sonido.</p><h3>Características principales</h3><ul>
<li>Conectores: 3 RCA macho a 3 RCA macho</li>
<li>Longitud: 1.8 metros</li>
<li>Canales: audio estéreo (rojo/blanco) + video (amarillo)</li>
<li>Compatible con home theater, DVD, Blu-ray y consolas</li>
<li>Marca: NOGA</li>
<li>SKU: AC-300</li>
</ul>",NOGA,Electronics > Electronics Accessories > Cables > Audio & Video Cables,Cables y Adaptadores,"3 rca, audio video, cable rca, home theater, noga",true,Title,Default Title,,,,,,,,AC-300,65.0,shopify,0,deny,manual,1680.00,,true,true,,,,,,https://cdn.shopify.com/s/files/1/0796/0703/8180/files/WhatsAppImage2026-03-30at16.53.39.jpg?v=1774900539,1,"",false,Cable 3 RCA Macho a 3 RCA Macho NOGA 1.8 Metros | Parquelectro,"Cable 3 RCA macho a 3 RCA macho NOGA 1.8m para home theater, DVD y consolas. SKU: AC-300. Envío a todo el país.",,,,,,,,,,,,,,,,,,,,,,,,,,,,,,,,,,,,,,,,,,,,,,,,,,,,,,,,,,,,,,,,,,,,,,,,,,,,,,,,,,,,,,,,,,,,,,,,,,,,,,,,,,,,,,,,,,,,,,,,,,,,,,,,,,,,,,,,,,,,,,,,,,,,g,,,active
cable-audio-2x6-5mm-macho-a-2x6-5mm-macho-1-5m,Cable de Audio 2x6.5mm Macho a 2x6.5mm Macho 1.5m,"<h2>Cable de Audio 2x6.5mm Macho a 1x6.5mm Macho 1.5m</h2>
<p>Cable de audio estéreo de 1.5 metros con dos conectores 6.5mm macho en cada extremo. Ideal para conectar instrumentos musicales, amplificadores, mezcladores y equipos de sonido profesional.</p>
<h3>Características principales</h3>
<ul>
<li>Conectores: 2x 6.5mm macho (TS) en ambos extremos</li>
<li>Longitud: 1.5 metros</li>
<li>Uso: instrumentos, amplificadores, mezcladores y equipos de audio profesional</li>
<li>SKU: XC-S5014</li>
<li>Código de barras: 6290132592441</li>
</ul>",SIN MARCA,Electronics > Electronics Accessories > Cables > Audio & Video Cables,Cables y Adaptadores,"6.5mm, amplificador, audio profesional, cable audio, instrumento",true,Title,Default Title,,,,,,,,XC-S5014,50.0,shopify,5,deny,manual,4350.00,,true,true,,,,,6290132592441,https://cdn.shopify.com/s/files/1/0796/0703/8180/files/WhatsAppImage2026-03-30at16.35.16.jpg?v=1774901129,1,"",false,Cable Audio 2x6.5mm Macho a 2x6.5mm Macho 1.5m | Parquelectro,Cable audio 2x6.5mm macho a 2x6.5mm macho 1.5m para instrumentos y amplificadores. SKU: XC-S5014. Envío a todo el país.,,,,,,,,,,,,,,,,,,,,,,,,,,,,,,,,,,trenzado-stp,,,,,,,,,negro,,,,,,,,,,,,,,6-35-mm,,,,,,,,,,,,,,,,,,,,,,,,,,,,,,,,,,,,,,,,,,,,,,,,,,,,,,,,,,,,,,,,,,,,,,,,,,,,,,,,,,,,,,,,,,,g,,,active
cable-audio-2x6-5mm-macho-a-2x6-5mm-macho-1-5m,,,,,,,,,,,,,,,,,,,,,,,,,,,,,,,,https://cdn.shopify.com/s/files/1/0796/0703/8180/files/WhatsAppImage2026-03-30at16.36.27.jpg?v=1774901129,2,"",,,,,,,,,,,,,,,,,,,,,,,,,,,,,,,,,,,,,,,,,,,,,,,,,,,,,,,,,,,,,,,,,,,,,,,,,,,,,,,,,,,,,,,,,,,,,,,,,,,,,,,,,,,,,,,,,,,,,,,,,,,,,,,,,,,,,,,,,,,,,,,,,,,,,,,,,,
adaptador-otg-micro-usb-v8-en-caja,Adaptador OTG Micro USB (V8) en Caja,"<h2>Adaptador OTG Micro USB (V8) en Caja</h2><p>Adaptador OTG (On-The-Go) con conector Micro USB (V8) que permite conectar dispositivos USB a tu smartphone o tablet. Ideal para usar pendrives, teclados, mouse y otros periféricos directamente desde tu celular. Presentación en caja.</p><h3>Características principales</h3><ul>
<li>Conector: Micro USB (V8) macho a USB-A hembra</li>
<li>Función: OTG (On-The-Go)</li>
<li>Compatible con smartphones y tablets con puerto Micro USB</li>
<li>Permite conectar: pendrives, teclados, mouse y más</li>
<li>Presentación: en caja</li>
<li>SKU: S-K07</li>
<li>Código de barras: 8564745478868</li>
</ul>",SIN MARCA,Electronics > Electronics Accessories > Adapters > USB Adapters,Cables y Adaptadores,"adaptador, celular, micro usb, otg, v8",true,Title,Default Title,,,,,,,,S-K07,10.0,shopify,12,deny,manual,1029.50,,true,true,,,,,8564745478868,https://cdn.shopify.com/s/files/1/0796/0703/8180/files/cable-adaptador-otg-micro-usb-intco.jpg?v=1774901772,1,"",false,Adaptador OTG Micro USB V8 en Caja | Parquelectro,Adaptador OTG Micro USB V8 en caja para conectar pendrives y periféricos a tu celular. SKU: S-K07. Envío a todo el país.,,,,,,,,,,,,,,,,,,,,,,,,,,,,,,,,,,,,,,,,,,,negro,,,,,,,micro-usb; usb,,,,,,,,,,,,,,,,,,,,,,,,,,,,,,,,,,,,,,,,,,,,,,,,,,,,,,,,,,,,,,,,,,,,,,,,,,,,,,,,,,,,,,,,,,,,,,,,,,g,,,active
adaptador-otg-micro-usb-v8-en-caja,,,,,,,,,,,,,,,,,,,,,,,,,,,,,,,,https://cdn.shopify.com/s/files/1/0796/0703/8180/files/22760-0.jpg?v=1774901772,2,"",,,,,,,,,,,,,,,,,,,,,,,,,,,,,,,,,,,,,,,,,,,,,,,,,,,,,,,,,,,,,,,,,,,,,,,,,,,,,,,,,,,,,,,,,,,,,,,,,,,,,,,,,,,,,,,,,,,,,,,,,,,,,,,,,,,,,,,,,,,,,,,,,,,,,,,,,,
adaptador-splitter-3-5mm-macho-2x-3-5mm-hembra-noga-pc-ps4,Adaptador Splitter 3.5mm Macho a 2x 3.5mm Hembra NOGA – PC a PS4,"<h2>Adaptador Splitter 3.5mm Macho a 2x 3.5mm Hembra NOGA</h2><p>Adaptador splitter de audio que convierte un conector 3.5mm macho en dos salidas 3.5mm hembra. Ideal para separar el canal de audio y micrófono al conectar auriculares con micrófono a una PC, o para usar auriculares de PC en PS4.</p><h3>Características principales</h3><ul>
<li>Conector entrada: 3.5mm macho (TRRS)</li>
<li>Conectores salida: 2x 3.5mm hembra (audio + micrófono)</li>
<li>Uso: PC, PS4, notebooks con entrada combinada</li>
<li>Marca: NOGA</li>
<li>SKU: CABLE ADAPTER</li>
<li>Código de barras: 7798137718150</li>
</ul>",NOGA,Electronics > Video Game Console Accessories > Home Game Console Accessories,Cables y Adaptadores,"3.5mm, adaptador audio, noga, pc ps4, splitter",true,Title,Default Title,,,,,,,,CABLE ADAPTER,10.0,shopify,51,deny,manual,1960.00,,true,true,,,,,7798137718150,https://cdn.shopify.com/s/files/1/0796/0703/8180/files/WhatsAppImage2026-03-30at17.22.48.jpg?v=1774902417,1,"",false,Adaptador Splitter 3.5mm a 2x 3.5mm NOGA PC PS4 | Parquelectro,Splitter 3.5mm macho a 2x hembra NOGA para separar audio y mic en PC y PS4. SKU: CABLE ADAPTER. Envío a todo el país.,,,,,,,,,,,,,,,,,,,,,,,,,,,,,,,,,,,,,,,,,,,,,,,,,,,,,,,,,,,,,,,,,,,,,,,,,,,,,,,,,,,,,,,,,,,,,,,,,,,,,,,,,,,,,,,,,,,,,,,,,,,,,,,,,,,,,,,,,,,,,,,,,,,,g,,,active
adaptador-splitter-3-5mm-macho-2x-3-5mm-hembra-noga-pc-ps4,,,,,,,,,,,,,,,,,,,,,,,,,,,,,,,,https://cdn.shopify.com/s/files/1/0796/0703/8180/files/WhatsAppImage2026-03-30at17.22.47.jpg?v=1774902417,2,"",,,,,,,,,,,,,,,,,,,,,,,,,,,,,,,,,,,,,,,,,,,,,,,,,,,,,,,,,,,,,,,,,,,,,,,,,,,,,,,,,,,,,,,,,,,,,,,,,,,,,,,,,,,,,,,,,,,,,,,,,,,,,,,,,,,,,,,,,,,,,,,,,,,,,,,,,,
adaptador-splitter-3-5mm-hembra-2x-3-5mm-macho-noga-ps4-pc,Adaptador Splitter 3.5mm Hembra a 2x 3.5mm Macho NOGA – PS4 a PC,"<h2>Adaptador Splitter 3.5mm Hembra a 2x 3.5mm Macho NOGA</h2><p>Adaptador splitter de audio que convierte una entrada 3.5mm hembra en dos conectores 3.5mm macho. Ideal para conectar auriculares con micrófono de PS4 a una PC con entradas separadas de audio y micrófono.</p><h3>Características principales</h3><ul>
<li>Conector entrada: 3.5mm hembra (TRRS)</li>
<li>Conectores salida: 2x 3.5mm macho (audio + micrófono)</li>
<li>Uso: PS4, celulares, notebooks con entrada combinada a PC</li>
<li>Marca: NOGA</li>
<li>SKU: ADAPTADOR AUDIO MINI PLUG</li>
<li>Código de barras: 7798137717153</li>
</ul>",NOGA,Electronics > Electronics Accessories > Adapters > Audio & Video Cable Adapters & Couplers,Cables y Adaptadores,"3.5mm, adaptador audio, noga, ps4 pc, splitter",true,Title,Default Title,,,,,,,,ADAPTADOR AUDIO MINI PLUG,10.0,shopify,35,deny,manual,1157.24,,true,true,,,,,7798137717153,https://cdn.shopify.com/s/files/1/0796/0703/8180/files/WhatsAppImage2026-03-30at17.24.47.jpg?v=1774902639,1,"",false,Adaptador Splitter 3.5mm Hembra a 2x Macho NOGA PS4 PC | Parquelectro,Splitter 3.5mm hembra a 2x macho NOGA para conectar auriculares de PS4 a PC. SKU: ADAPTADOR AUDIO MINI PLUG. Envío a todo el país.,,,,,,,,,,,,,,,,,,,,,,,,,,,,,,,,,,,,,,,,,,,a-rayas; animal,,,,,,,,,,,,de-hembra-a-macho,,3-5-mm,,,,,,,,,,,,,,,,,,,,,,,,,,,,,,,,,,,,,,,,,,,,,,,,,,,manual,,,,,,,,,,,,,,,,soporte-de-audio,,,,,,,,,,,,,,,,,,,,,,,,g,,,active
adaptador-splitter-3-5mm-hembra-2x-3-5mm-macho-noga-ps4-pc,,,,,,,,,,,,,,,,,,,,,,,,,,,,,,,,https://cdn.shopify.com/s/files/1/0796/0703/8180/files/WhatsAppImage2026-03-30at17.24.47_1.jpg?v=1774902639,2,"",,,,,,,,,,,,,,,,,,,,,,,,,,,,,,,,,,,,,,,,,,,,,,,,,,,,,,,,,,,,,,,,,,,,,,,,,,,,,,,,,,,,,,,,,,,,,,,,,,,,,,,,,,,,,,,,,,,,,,,,,,,,,,,,,,,,,,,,,,,,,,,,,,,,,,,,,,
adaptador-displayport-macho-hdmi-hembra-noga-4k,Adaptador DisplayPort Macho a HDMI Hembra Noga – 4K,"<h2>Convertí tu salida DisplayPort en HDMI 4K sin cables extra</h2><p>Adaptador compacto Noga que convierte tu puerto DisplayPort macho en una salida HDMI hembra. Ideal para conectar monitores, TVs o proyectores HDMI a tu PC o workstation con puerto DP. Soporta resolución 4K.</p><h3>Características principales</h3><ul>
<li>Entrada: DisplayPort macho</li>
<li>Salida: HDMI hembra</li>
<li>Resolución máxima: 4K (3840x2160)</li>
<li>Plug &amp; Play – sin drivers</li>
<li>Marca: Noga | SKU: DP-HDMI4K</li>
<li>Peso: 25g – ultra compacto</li>
</ul><h3>¿Para qué lo usás?</h3><ul>
<li>Conectar monitor HDMI a PC gamer o workstation con puerto DP</li>
<li>Configuraciones de doble monitor</li>
<li>Proyectores o TVs 4K con entrada HDMI</li>
</ul><p>Pequeño, directo y sin complicaciones. El adaptador que necesitás para aprovechar tu monitor al máximo.</p>",NOGA,Electronics > Electronics Accessories > Adapters > Audio & Video Cable Adapters & Couplers,Cables y Adaptadores,"4k, adaptador video, displayport, hdmi, noga",true,Title,Default Title,,,,,,,,DP-HDMI4K,25.0,shopify,16,deny,manual,3192.00,,true,true,,,,,7798137725318,https://cdn.shopify.com/s/files/1/0796/0703/8180/files/dp-hdmi4-cable-8dc86597292937243517473290541792-1024-1024.webp?v=1774902833,1,"",false,Adaptador DisplayPort a HDMI Hembra NOGA 4K | Parquelectro,Adaptador DisplayPort macho a HDMI hembra NOGA 4K para PC y notebooks. SKU: DP-HDMI4K. Envío a todo el país.,,,,,,,,,,,,,,unidireccional,,,,,,,,,,,,,,,,,,,,,,,,,,,,,negro,,,,,,,,,,hdmi,,macho-a-hembra,liso,puerto-de-pantalla; hdmi,,,,,,,,,,,,,,,,,,,,,,,,,,,,,,plastico; metal,,,,,,,,,,,,,,,,,,,,,,,,,,,,,,,,,,,,,,,,,,,,,,,,,,,,,,4k-ultra-hd,,,,,,,g,,,active
adaptador-displayport-macho-hdmi-hembra-noga-4k,,,,,,,,,,,,,,,,,,,,,,,,,,,,,,,,https://cdn.shopify.com/s/files/1/0796/0703/8180/files/dp-hdmi4-pack-996cc9d17cfc8b567e17473290901557-1024-1024.webp?v=1774902833,2,"",,,,,,,,,,,,,,,,,,,,,,,,,,,,,,,,,,,,,,,,,,,,,,,,,,,,,,,,,,,,,,,,,,,,,,,,,,,,,,,,,,,,,,,,,,,,,,,,,,,,,,,,,,,,,,,,,,,,,,,,,,,,,,,,,,,,,,,,,,,,,,,,,,,,,,,,,,
cabezal-motorola-original-turbo-68w-salida-3a-conexion-usb-c-presentacion-en-bolsa,Cargador Motorola Original TurboPower 68W USB-C,"<h2>Cargador Motorola Original TurboPower 68W USB-C</h2><p>Cargá tu Motorola a máxima velocidad con el cabezal original TurboPower de 68W. Diseñado específicamente para smartphones Motorola compatibles con carga rápida, ofrece hasta 68W de potencia con salida USB-C de 3A. Presentación en bolsa.</p><h3>Características principales</h3><ul>
<li>Potencia: 68W TurboPower</li>
<li>Salida: USB-C, 3A</li>
<li>Carga rápida compatible con Motorola Edge, Moto G y series superiores</li>
<li>Cabezal original Motorola – máxima compatibilidad y seguridad</li>
<li>Protección contra sobrecarga, sobrecalentamiento y cortocircuito</li>
<li>Presentación en bolsa individual</li>
</ul><h3>Especificaciones técnicas</h3><ul>
<li>
<strong>Marca:</strong> Motorola</li>
<li>
<strong>Potencia:</strong> 68W</li>
<li>
<strong>Salida:</strong> USB-C – 3A</li>
<li>
<strong>Tecnología:</strong> TurboPower</li>
<li>
<strong>SKU:</strong> MOTO68</li>
</ul>",MOTOROLA,Electronics > Electronics Accessories > Power > Power Adapters & Chargers,Cargadores,"68w, carga rapida, cargador motorola, mayorista, turbopower, usb-c",true,Title,Default Title,,,,,,,,MOTO68,75.0,shopify,2,deny,manual,26820.00,,true,true,,,,,,https://cdn.shopify.com/s/files/1/0796/0703/8180/files/WhatsAppImage2026-03-28at19.08.02.jpg?v=1774737789,1,"",false,Cargador Motorola Original TurboPower 68W USB-C | Parquelectro,Cargador original Motorola TurboPower 68W con salida USB-C 3A. Carga rápida para Motorola Edge y Moto G. Presentación en bolsa. SKU MOTO68.,,,,,,,,,,,,,,,,,,,,,,,,,,,,,,,,,,,,,,,,,,,negro,,,,,,,usb,,,,,,,,,,,,,,,,,,,,,,,,,,,,,,,,,,,,,,,,,,,,,,,,,,,,,,,uk,,,alimentado-por-ca,,,,,,,,,,,,,,,,,,,,,,,,,,,,,,,,,,,,,,,,g,,,active
cabezal-motorola-original-turbo-68w-salida-3a-conexion-usb-c-presentacion-en-bolsa,,,,,,,,,,,,,,,,,,,,,,,,,,,,,,,,https://cdn.shopify.com/s/files/1/0796/0703/8180/files/WhatsAppImage2026-03-28at19.07.58.jpg?v=1774737789,2,"",,,,,,,,,,,,,,,,,,,,,,,,,,,,,,,,,,,,,,,,,,,,,,,,,,,,,,,,,,,,,,,,,,,,,,,,,,,,,,,,,,,,,,,,,,,,,,,,,,,,,,,,,,,,,,,,,,,,,,,,,,,,,,,,,,,,,,,,,,,,,,,,,,,,,,,,,,
cabezal-motorola-original-turbo-68w-salida-3a-conexion-usb-c-presentacion-en-bolsa,,,,,,,,,,,,,,,,,,,,,,,,,,,,,,,,https://cdn.shopify.com/s/files/1/0796/0703/8180/files/WhatsAppImage2026-03-28at19.08.00.jpg?v=1774737789,3,"",,,,,,,,,,,,,,,,,,,,,,,,,,,,,,,,,,,,,,,,,,,,,,,,,,,,,,,,,,,,,,,,,,,,,,,,,,,,,,,,,,,,,,,,,,,,,,,,,,,,,,,,,,,,,,,,,,,,,,,,,,,,,,,,,,,,,,,,,,,,,,,,,,,,,,,,,,
cabezal-cargador-motorola-original-20w-usb-bolsa,Cabezal Cargador Motorola Original 20W USB-A en Bolsa,"<h2>Cabezal Cargador Motorola Original 20W USB-A</h2><p>Cargador de pared original Motorola de 20W con conexión USB-A. Compatible con tecnología TurboPower para carga rápida en smartphones Motorola y otros dispositivos. Presentación en bolsa.</p><h3>Características principales</h3><ul>
<li>Potencia: 20W</li>
<li>Conector: USB-A</li>
<li>Tecnología: TurboPower (carga rápida)</li>
<li>Compatible con smartphones Motorola y otros dispositivos USB</li>
<li>Original Motorola</li>
<li>Presentación: en bolsa (sin caja)</li>
</ul>",MOTOROLA,Uncategorized,Cargadores,"20w, cargador, motorola, original, turbopower",true,Title,Default Title,,,,,,,,MOTO20,40.0,shopify,7,deny,manual,16302.00,,true,true,,,,,,https://cdn.shopify.com/s/files/1/0796/0703/8180/files/17369569652ac701bb75818f5ec46bd9a76ffc2099.jpg?v=1774903187,1,"",false,Cabezal Cargador Motorola Original 20W USB TurboPower | Parquelectro,Cabezal cargador Motorola original 20W USB-A TurboPower en bolsa. Compatible con Moto G y series. Envío a todo el país.,,,,,,,,,,,,,,,,,,,,,,,,,,,,,,,,,,,,,,,,,,,,,,,,,,,,,,,,,,,,,,,,,,,,,,,,,,,,,,,,,,,,,,,,,,,,,,,,,,,,,,,,,,,,,,,,,,,,,,,,,,,,,,,,,,,,,,,,,,,,,,,,,,,,g,,,active
cabezal-cargador-motorola-original-20w-usb-bolsa,,,,,,,,,,,,,,,,,,,,,,,,,,,,,,,,https://cdn.shopify.com/s/files/1/0796/0703/8180/files/7005584.webp?v=1774903186,2,"",,,,,,,,,,,,,,,,,,,,,,,,,,,,,,,,,,,,,,,,,,,,,,,,,,,,,,,,,,,,,,,,,,,,,,,,,,,,,,,,,,,,,,,,,,,,,,,,,,,,,,,,,,,,,,,,,,,,,,,,,,,,,,,,,,,,,,,,,,,,,,,,,,,,,,,,,,
cabezal-cargador-motorola-original-20w-usb-bolsa,,,,,,,,,,,,,,,,,,,,,,,,,,,,,,,,https://cdn.shopify.com/s/files/1/0796/0703/8180/files/5549-cargador-de-pared-motorola-mc-206-adaptador-3000-mah-20w-negro-original1-3205748db6ed27bfca16667147703347-640-0.webp?v=1774903187,3,"",,,,,,,,,,,,,,,,,,,,,,,,,,,,,,,,,,,,,,,,,,,,,,,,,,,,,,,,,,,,,,,,,,,,,,,,,,,,,,,,,,,,,,,,,,,,,,,,,,,,,,,,,,,,,,,,,,,,,,,,,,,,,,,,,,,,,,,,,,,,,,,,,,,,,,,,,,
cabezal-cargador-iglufive-1a-usb,Cabezal Cargador IGLUFIVE 1A USB – Carga para Celulares,"<h2>Cargador compacto para el día a día</h2><p>El cabezal IGLUFIVE 1A es la solución práctica para mantener tu celular cargado en casa o en la oficina. Su salida USB estándar es compatible con la mayoría de los cables Micro USB y USB-C (con adaptador).</p><h3>Características principales</h3><ul>
<li>Salida USB: 1A (1000mA)</li>
<li>Entrada: 220V (compatible con red eléctrica argentina)</li>
<li>Diseño compacto y liviano (10g)</li>
<li>Compatible con smartphones, auriculares y otros dispositivos USB</li>
<li>Marca: IGLUFIVE | SKU: IF-CAR1.0</li>
</ul>",IGLUFIVE,Electronics > Electronics Accessories > Power > Power Adapters & Chargers,Cargadores,"1a, cabezal, cargador, celular, iglufive, mayorista, usb",false,Title,Default Title,,,,,,,,IF-CAR1.0,10.0,shopify,5,deny,manual,2840.00,,true,true,,,,,,https://cdn.shopify.com/s/files/1/0796/0703/8180/files/1610_0.jpg?v=1774993095,1,"",false,Cabezal Cargador IGLUFIVE 1A USB para Celulares | Parquelectro,"Cabezal cargador IGLUFIVE 1A con salida USB. Compacto, liviano y compatible con la mayoría de celulares. SKU: IF-CAR1.0.",,,,,,,,,,,,,,,,,,,,,,,,,,,,,,,,,,,,,,,,,,,,,,,,,,,,,,,,,,,,,,,,,,,,,,,,,,,,,,,,,,,,,,,,,,,,,,,,,,,,,,,,,,,,,,,,,,,,,,,,,,,,,,,,,,,,,,,,,,,,,,,,,,,,g,,,draft
cabezal-cargador-iglufive-1a-usb,,,,,,,,,,,,,,,,,,,,,,,,,,,,,,,,https://cdn.shopify.com/s/files/1/0796/0703/8180/files/1733501990_597-CARGADOR-I5-IGLUFIVE-IF-CAR-1.0-1A-3.png?v=1774993263,2,"",,,,,,,,,,,,,,,,,,,,,,,,,,,,,,,,,,,,,,,,,,,,,,,,,,,,,,,,,,,,,,,,,,,,,,,,,,,,,,,,,,,,,,,,,,,,,,,,,,,,,,,,,,,,,,,,,,,,,,,,,,,,,,,,,,,,,,,,,,,,,,,,,,,,,,,,,,
cabezal-cargador-apple-20w-usb-c-replica-premium,Cabezal Cargador Apple 20W USB-C (Réplica Premium),"<h2>Cargador Apple 20W USB-C — Carga Rápida para iPhone y iPad</h2><p>Cargá tu iPhone o iPad a máxima velocidad con este cabezal de 20W compatible con tecnología de carga rápida. Diseño compacto, acabado premium y construcción sólida para uso diario.</p><ul>
<li>
<strong>Potencia:</strong> 20W — carga rápida compatible con iPhone 8 en adelante</li>
<li>
<strong>Conector:</strong> USB-C</li>
<li>
<strong>Presentación:</strong> En caja, réplica de alta calidad</li>
<li>
<strong>Peso:</strong> 65 g — ideal para viajes y uso cotidiano</li>
<li>
<strong>Compatible con:</strong> iPhone 12, 13, 14, 15, iPad Air, iPad Pro y más</li>
</ul><p>Una alternativa de excelente relación precio-calidad para mantener tus dispositivos Apple siempre cargados.</p>",Apple Compatible,Electronics > Electronics Accessories > Power > Power Adapters & Chargers,Cargadores,"20w, apple, cargador, iphone, mayorista, usb-c",true,Title,Default Title,,,,,,,,USB-C,65.0,shopify,4,deny,manual,4753.00,,true,true,,,,,194252156926,https://cdn.shopify.com/s/files/1/0796/0703/8180/files/WhatsAppImage2026-04-01at09.55.35.jpg?v=1775048221,1,"",false,Cabezal Cargador Apple 20W USB-C Réplica Premium | Parquelectro,"Cargador Apple 20W USB-C réplica premium en caja. Carga rápida compatible con iPhone 12, 13, 14, 15 y iPad. Envío a todo el país.",,,,,,,,,,,,,,,,,,,,,,,,,,,,,,,,,,,,,,,,,,,blanco,,,,,,,usb-c,,,,,,,,,,,,,,,,,,,,,,,,,,,,,,,,,,,,,,,,,,,,,,,,,,,,,,,ar,,,alimentado-por-ca,,,,,,,,,,,,,,,,,,,,,,,,,,,,,,,,,,,,,,,,g,,,active
cabezal-cargador-apple-20w-usb-c-replica-premium,,,,,,,,,,,,,,,,,,,,,,,,,,,,,,,,https://cdn.shopify.com/s/files/1/0796/0703/8180/files/WhatsApp_Image_2026-04-01_at_09.57.54_1.jpg?v=1775048350,2,"",,,,,,,,,,,,,,,,,,,,,,,,,,,,,,,,,,,,,,,,,,,,,,,,,,,,,,,,,,,,,,,,,,,,,,,,,,,,,,,,,,,,,,,,,,,,,,,,,,,,,,,,,,,,,,,,,,,,,,,,,,,,,,,,,,,,,,,,,,,,,,,,,,,,,,,,,,
cabezal-cargador-apple-20w-usb-c-replica-premium,,,,,,,,,,,,,,,,,,,,,,,,,,,,,,,,https://cdn.shopify.com/s/files/1/0796/0703/8180/files/WhatsApp_Image_2026-04-01_at_09.57.54.jpg?v=1775048350,3,"",,,,,,,,,,,,,,,,,,,,,,,,,,,,,,,,,,,,,,,,,,,,,,,,,,,,,,,,,,,,,,,,,,,,,,,,,,,,,,,,,,,,,,,,,,,,,,,,,,,,,,,,,,,,,,,,,,,,,,,,,,,,,,,,,,,,,,,,,,,,,,,,,,,,,,,,,,
brazalete-porta-celular-deportivo-5-5,"Brazalete Porta Celular Deportivo hasta 5.5""","<h2>Brazalete Deportivo para Celular — Hasta 5.5 pulgadas</h2><p>Llevá tu celular cómodo y seguro durante tus entrenamientos. Este brazalete ajustable te permite correr, ir al gimnasio o andar en bici sin preocuparte por dónde dejar el teléfono.</p><ul>
<li>
<strong>Compatibilidad:</strong> Smartphones de hasta 5.5"" (iPhone, Samsung, Motorola y más)</li>
<li>
<strong>Cierre:</strong> Velcro ajustable para distintos tamaños de brazo</li>
<li>
<strong>Presentación:</strong> En bolsa individual</li>
<li>
<strong>Peso:</strong> 40 g — ultraliviano para no molestar durante el ejercicio</li>
<li>
<strong>Ideal para:</strong> Running, gym, ciclismo y actividades al aire libre</li>
</ul><p>Práctico, liviano y resistente — el accesorio deportivo que no puede faltar.</p>",Sin Marca,Uncategorized,Accesorios para Celulares,"brazalete, deportivo, gym, mayorista, porta celular, running",true,Color,Blanco,,,,,,,,BRAZALETE-1,40.0,shopify,1,deny,manual,2058.00,,true,true,,,,,"",https://cdn.shopify.com/s/files/1/0796/0703/8180/files/image-79c48896d37a406ebc38aab63624edf3.png?v=1775049113,1,"",false,"Brazalete Porta Celular Deportivo hasta 5.5"" | Parquelectro","Brazalete deportivo para celular hasta 5.5 pulgadas. Ajustable, liviano y cómodo para running, gym y ciclismo. Envío a todo el país.",,,,,,,,,,,,,,,,,,,,,,,,,,,,,,,,,,,,,,,,,,,,,,,,,,,,,,,,,,,,,,,,,,,,,,,,,,,,,,,,,,,,,,,,,,,,,,,,,,,,,,,,,,,,,,,,,,,,,,,,,,,,,,,,,,,,,,,,,,,,,,,,,,,https://cdn.shopify.com/s/files/1/0796/0703/8180/files/s-l1200.webp?v=1775049214,g,,,active
brazalete-porta-celular-deportivo-5-5,,,,,,,,,Naranja,,,,,,,,BRAZALETE-2,40.0,shopify,1,deny,manual,2058.00,,true,true,,,,,"",https://cdn.shopify.com/s/files/1/0796/0703/8180/files/61-dLiv1o6L._AC_UF894_1000_QL80.jpg?v=1775049080,2,"",,,,,,,,,,,,,,,,,,,,,,,,,,,,,,,,,,,,,,,,,,,,,,,,,,,,,,,,,,,,,,,,,,,,,,,,,,,,,,,,,,,,,,,,,,,,,,,,,,,,,,,,,,,,,,,,,,,,,,,,,,,,,,,,,,,,,,,,,,,,,,,,,,,,,,https://cdn.shopify.com/s/files/1/0796/0703/8180/files/image-79c48896d37a406ebc38aab63624edf3.png?v=1775049113,g,,,
brazalete-porta-celular-deportivo-5-5,,,,,,,,,,,,,,,,,,,,,,,,,,,,,,,,https://cdn.shopify.com/s/files/1/0796/0703/8180/files/s-l1200.webp?v=1775049214,3,"",,,,,,,,,,,,,,,,,,,,,,,,,,,,,,,,,,,,,,,,,,,,,,,,,,,,,,,,,,,,,,,,,,,,,,,,,,,,,,,,,,,,,,,,,,,,,,,,,,,,,,,,,,,,,,,,,,,,,,,,,,,,,,,,,,,,,,,,,,,,,,,,,,,,,,,,,,
pila-9v-energizer-alcalina,Pila 9V Energizer Alcalina,"<h2>Pila 9V Energizer Alcalina — Larga Duración y Confiabilidad</h2><p>La pila 9V Energizer Alcalina es la elección ideal para dispositivos que demandan energía constante y duradera. Fabricada con tecnología alcalina de alta densidad, garantiza un rendimiento sólido en cada uso.</p><ul>
<li>
<strong>Voltaje:</strong> 9V</li>
<li>
<strong>Tecnología:</strong> Alcalina de larga duración</li>
<li>
<strong>Marca:</strong> Energizer — líder mundial en pilas</li>
<li>
<strong>Peso:</strong> 50 g</li>
<li>
<strong>Compatible con:</strong> Detectores de humo, micrófonos, juguetes, instrumentos musicales, controles remotos y más</li>
<li>
<strong>Código de barras:</strong> 039800013613</li>
</ul><p>Confiá en Energizer para mantener tus dispositivos funcionando cuando más los necesitás.</p>",ENERGIZER,Electronics > Electronics Accessories > Power > Batteries > General Purpose Batteries,Pilas y Baterías,"9v, alcalina, bateria, energizer, mayorista, pila",true,Title,Default Title,,,,,,,,9v1,50.0,shopify,1,deny,manual,6126.00,,true,true,,,,,039800013613,https://cdn.shopify.com/s/files/1/0796/0703/8180/files/172645---1.webp?v=1775049601,1,"",false,Pila 9V Energizer Alcalina Larga Duración | Parquelectro,"Pila 9V Energizer Alcalina de larga duración. Ideal para detectores de humo, micrófonos y más. Compra mayorista con envío a todo el país.",,,,,,,,,,,,,,,,,,,,,,,,,,,,,,,,,,,,,,,,,,,,,,,,,,,,,,,,,,,,,,,,,,,,,,,,,,,,,,,,,,,,,,,,,,,,,,,,,,,,,,,,,,,,,,,,,,,,,,,,,,,,,,,,,,,,,,,,,,,,,,,,,,,,g,,,active
pila-9v-energizer-alcalina,,,,,,,,,,,,,,,,,,,,,,,,,,,,,,,,https://cdn.shopify.com/s/files/1/0796/0703/8180/files/0000000017700133567189V.jpg?v=1775049601,2,"",,,,,,,,,,,,,,,,,,,,,,,,,,,,,,,,,,,,,,,,,,,,,,,,,,,,,,,,,,,,,,,,,,,,,,,,,,,,,,,,,,,,,,,,,,,,,,,,,,,,,,,,,,,,,,,,,,,,,,,,,,,,,,,,,,,,,,,,,,,,,,,,,,,,,,,,,,
base-plegable-aluminio-notebook-tablet,Base Plegable de Aluminio para Notebook y Tablet,"<h2>Base Plegable de Aluminio — Ergonomía y Portabilidad para tu Notebook o Tablet</h2><p>Mejorá tu postura y optimizá tu espacio de trabajo con esta base plegable de aluminio. Liviana, resistente y con diseño minimalista, es el soporte ideal tanto para home office como para uso en movimiento.</p><ul>
<li>
<strong>Material:</strong> Aluminio de alta resistencia</li>
<li>
<strong>Compatibilidad:</strong> Notebooks y tablets de distintos tamaños</li>
<li>
<strong>Diseño:</strong> Plegable y compacto — fácil de transportar</li>
<li>
<strong>Peso:</strong> 200 g — ultraliviano para llevar a cualquier lado</li>
<li>
<strong>Beneficio:</strong> Mejora el ángulo de visión y reduce la fatiga cervical</li>
<li>
<strong>SKU:</strong> ZX-447</li>
</ul><p>El complemento perfecto para trabajar o estudiar con mayor comodidad y estilo.</p>",Sin Marca,Electronics > Electronics Accessories > Computer Accessories > Computer Risers & Stands,Soportes y Bases,"aluminio, base notebook, home office, mayorista, plegable, soporte tablet",true,Title,Default Title,,,,,,,,ZX-447,200.0,shopify,1,deny,manual,9216.00,,true,true,,,,,6290132571958,https://cdn.shopify.com/s/files/1/0796/0703/8180/files/zx-4472-9f91dcd6bbc51d4d0617727393325627-1024-1024.webp?v=1775049851,1,"",false,Base Plegable de Aluminio para Notebook y Tablet | Parquelectro,"Base plegable de aluminio para notebook y tablet. Liviana, ergonómica y portable. Ideal para home office y estudio. Envío a todo el país.",,,,,,,,,,,,,,,,,,,,,,,,,,,,,,,,,,,,,,,,,,,,,,,,,,,,,,,,,,,,,,,,,,,,,,,,,,,,,,,,,,,,,,,,,,,,,,,,,,,,,,,,,,,,,,,,,,,,,,,,,,,,,,,,,,,,,,,,,,,,,,,,,,,,g,,,active
base-plegable-aluminio-notebook-tablet,,,,,,,,,,,,,,,,,,,,,,,,,,,,,,,,https://cdn.shopify.com/s/files/1/0796/0703/8180/files/zx-4471-d0308a63c06478b37417727403866326-1024-1024.webp?v=1775049870,2,"",,,,,,,,,,,,,,,,,,,,,,,,,,,,,,,,,,,,,,,,,,,,,,,,,,,,,,,,,,,,,,,,,,,,,,,,,,,,,,,,,,,,,,,,,,,,,,,,,,,,,,,,,,,,,,,,,,,,,,,,,,,,,,,,,,,,,,,,,,,,,,,,,,,,,,,,,,
base-plegable-aluminio-notebook-tablet,,,,,,,,,,,,,,,,,,,,,,,,,,,,,,,,https://cdn.shopify.com/s/files/1/0796/0703/8180/files/160x110_IMG-20221115-WA0006.jpg?v=1775049870,3,"",,,,,,,,,,,,,,,,,,,,,,,,,,,,,,,,,,,,,,,,,,,,,,,,,,,,,,,,,,,,,,,,,,,,,,,,,,,,,,,,,,,,,,,,,,,,,,,,,,,,,,,,,,,,,,,,,,,,,,,,,,,,,,,,,,,,,,,,,,,,,,,,,,,,,,,,,,
base-plegable-notebook-tablet,Base Plegable para Notebook y Tablet,"<h2>Base Plegable para Notebook y Tablet — Comodidad y Orden en tu Escritorio</h2><p>Optimizá tu postura y tu espacio de trabajo con esta base plegable liviana y práctica. Compatible con la mayoría de notebooks y tablets, es ideal para home office, estudio o uso diario.</p><ul>
<li>
<strong>Compatibilidad:</strong> Notebooks y tablets de distintos tamaños</li>
<li>
<strong>Diseño:</strong> Plegable y compacto — fácil de guardar y transportar</li>
<li>
<strong>Peso:</strong> 230 g</li>
<li>
<strong>Beneficio:</strong> Mejora el ángulo de visión y reduce la fatiga en cuello y espalda</li>
<li>
<strong>SKU:</strong> P1</li>
</ul><p>Una solución simple y efectiva para trabajar o estudiar con más comodidad.</p>",Sin Marca,Electronics > Electronics Accessories > Computer Accessories > Computer Risers & Stands,Soportes y Bases,"base notebook, escritorio, home office, mayorista, plegable, soporte tablet",true,Color,plateado,product.metafields.shopify.color-pattern,,,,,,,,230.0,shopify,0,deny,manual,5156.00,,true,true,,,,,6290132571392,https://cdn.shopify.com/s/files/1/0796/0703/8180/files/9422_1.jpg?v=1775050001,1,"",false,Base Plegable para Notebook y Tablet | Parquelectro,"Base plegable para notebook y tablet. Liviana, compacta y fácil de transportar. Ideal para home office y estudio. Envío a todo el país.",,,,,,,,,,,,,,,,,,,,,,,,,,,,,,,,,,,,,,,,,,,plateado; negro,,,,,,,,,,,,,,,,,,,,,,,,,,,,,,,,,,,,,,,,,,,,,,,,,,,,,,,,,,,,,,,,,,,,,,,,,,,,,,,,,,,,,,,,,,,,,,,,,,,,,,,,https://cdn.shopify.com/s/files/1/0796/0703/8180/files/9422_1.jpg?v=1775050001,g,,,active
base-plegable-notebook-tablet,,,,,,,,,negro,,,,,,,,,230.0,shopify,3,deny,manual,5156.00,,true,true,,,,,"",https://cdn.shopify.com/s/files/1/0796/0703/8180/files/16e9be75f630dea085f374a62da99977.webp?v=1775050211,2,"",,,,,,,,,,,,,,,,,,,,,,,,,,,,,,,,,,,,,,,,,,,,,,,,,,,,,,,,,,,,,,,,,,,,,,,,,,,,,,,,,,,,,,,,,,,,,,,,,,,,,,,,,,,,,,,,,,,,,,,,,,,,,,,,,,,,,,,,,,,,,,,,,,,,,,https://cdn.shopify.com/s/files/1/0796/0703/8180/files/16e9be75f630dea085f374a62da99977.webp?v=1775050211,g,,,
base-ps5-slim-pro-coolers-rgb-carga-joystick,"Base Para Ps5 Slim Y Pro Con Coolers, Rgb, Apoya Auricular","Base Para Ps5 Slim Y Pro Con Coolers, Rgb, Apoya Auricular",Sin Marca,Electronics > Video Game Console Accessories > Home Game Console Accessories,Accesorios Gaming,"accesorios ps5, base ps5, gaming, mayorista, ps5, rgb",true,Title,Default Title,,,,,,,,YZC-501,810.0,shopify,2,deny,manual,59101.00,,true,true,,,,,7892024022969,https://cdn.shopify.com/s/files/1/0796/0703/8180/files/172e56d9f960243de38804c886adc63f.webp?v=1775050799,1,"",false,Base PS5 Slim Pro con Coolers RGB y Carga de Joystick | Parquelectro,"Base multifunción para PS5 Slim y Pro con coolers, luces RGB, apoya auricular y carga de joystick. Ideal para gamers. Envío a todo el país.",,,,,,,,,,,,,,,,,,,,,,,,,,,,,,,,,,,,,,,,,,,blanco,,,,,,,,,,,,,,,,,,,,,,,,,,,,,,,,,,,,,,,,,,,,,,,,,,,,,,,,,,,,,,,,,,,,,,,,,,,,,,,,,,,,,,,,,,,,,,,,,,,,,,,,,g,,,active
base-ps5-slim-pro-coolers-rgb-carga-joystick,,,,,,,,,,,,,,,,,,,,,,,,,,,,,,,,https://cdn.shopify.com/s/files/1/0796/0703/8180/files/6ace3c9a58f047a97c4a6ff2f13ff2cd.webp?v=1775050799,2,"",,,,,,,,,,,,,,,,,,,,,,,,,,,,,,,,,,,,,,,,,,,,,,,,,,,,,,,,,,,,,,,,,,,,,,,,,,,,,,,,,,,,,,,,,,,,,,,,,,,,,,,,,,,,,,,,,,,,,,,,,,,,,,,,,,,,,,,,,,,,,,,,,,,,,,,,,,
base-soporte-ps4-fat-mind,Base para PS4 Fat - Mind,"<h2>Base para PS4 Fat Mind — Soporte Estable para tu Consola</h2><p>Mantén tu PlayStation 4 Fat en posición vertical de forma segura y ordenada con esta base diseñada especialmente para el modelo Fat. Ideal para optimizar el espacio de tu setup gamer.</p><ul>
<li>
<strong>Compatibilidad:</strong> PlayStation 4 Fat (modelo original)</li>
<li>
<strong>Marca:</strong> Mind</li>
<li>
<strong>Posición:</strong> Soporte vertical para mejor ventilación</li>
<li>
<strong>Diseño:</strong> Compacto y estable</li>
</ul><p>Mantené tu PS4 protegida y bien posicionada con este soporte de calidad.</p>",Mind,Electronics > Video Game Console Accessories > Home Game Console Accessories,Accesorios Gaming,"base ps4, gaming, mayorista, mind, ps4, soporte ps4",true,Title,Default Title,,,,,,,,SND-373-2,110.0,shopify,2,deny,manual,2100.00,,true,true,,,,,7892017010546,https://cdn.shopify.com/s/files/1/0796/0703/8180/files/WhatsAppImage2026-04-01at10.47.43_1.jpg?v=1775051453,1,"",false,Base Soporte Vertical para PS4 Fat Mind | Parquelectro,Base soporte vertical para PS4 Fat marca Mind. Diseño estable y compacto para tu setup gamer. Envío a todo el país.,,,,,,,,,,,,,,,,,,,,,,,,,,,,,,,,,,,,,,,,,,,,,,,,,,,,,,,,,,,,,,,,,,,,,,,,,,,,,,,,,,,,,,,,,,,,,,,,,,,,,,,,,,,,,,,,,,,,,,,,,,,,,,,,,,,,,,,,,,,,,,,,,,,,g,,,active
base-soporte-ps4-fat-mind,,,,,,,,,,,,,,,,,,,,,,,,,,,,,,,,https://cdn.shopify.com/s/files/1/0796/0703/8180/files/WhatsAppImage2026-04-01at10.47.43.jpg?v=1775051453,2,"",,,,,,,,,,,,,,,,,,,,,,,,,,,,,,,,,,,,,,,,,,,,,,,,,,,,,,,,,,,,,,,,,,,,,,,,,,,,,,,,,,,,,,,,,,,,,,,,,,,,,,,,,,,,,,,,,,,,,,,,,,,,,,,,,,,,,,,,,,,,,,,,,,,,,,,,,,
base-carga-doble-joystick-xbox-one,Base de Carga Doble para Joysticks Xbox One,"<h2>Base de Carga Doble para Xbox One — Cargá Dos Controles a la Vez</h2><p>Mantené tus controles de Xbox One siempre listos para jugar con esta base de carga doble. Práctica, compacta y fácil de usar — el accesorio esencial para cualquier gamer.</p><ul>
<li>
<strong>Compatibilidad:</strong> Controles / joysticks Xbox One</li>
<li>
<strong>Capacidad:</strong> Carga simultánea de 2 controles</li>
<li>
<strong>Diseño:</strong> Base estable y compacta para escritorio</li>
<li>
<strong>Peso:</strong> 205 g</li>
<li>
<strong>SKU:</strong> SND-321-G</li>
</ul><p>Olvidáte de las pilas y los cables sueltos — tus controles siempre cargados y a mano.</p>",Sin Marca,Electronics > Video Game Console Accessories > Charging Docks,Accesorios Gaming,"base de carga, cargador xbox, gaming, joystick, mayorista, xbox one",true,Title,Default Title,,,,,,,,SND-321-G,205.0,shopify,2,deny,manual,4998.00,,true,true,,,,,6237865326875,https://cdn.shopify.com/s/files/1/0796/0703/8180/files/1_4.jpg?v=1775051816,1,"",false,Base de Carga Doble para Joystick Xbox One | Parquelectro,Base de carga doble para controles Xbox One. Cargá 2 joysticks a la vez. Compacta y fácil de usar. Envío a todo el país.,,,,,,,,,,,,,,,,,,,,,,,,,,,,,,,,,,,,,,,,,,,negro,,,,,,,,,,,,,,usb,,,,,,,,,,,,,,,,,,,,,,,,,,,,,,,,,,,,,,,,,,,,,,,,,,,,,,,,,,,,,,,,,,,,,,,,,,,,,,,,,,,,,,,,,,,g,,,active
base-carga-doble-joystick-xbox-one,,,,,,,,,,,,,,,,,,,,,,,,,,,,,,,,https://cdn.shopify.com/s/files/1/0796/0703/8180/files/base-de-carga-para-joystick-de-xbox-one-snd-321g.jpg?v=1775051816,2,"",,,,,,,,,,,,,,,,,,,,,,,,,,,,,,,,,,,,,,,,,,,,,,,,,,,,,,,,,,,,,,,,,,,,,,,,,,,,,,,,,,,,,,,,,,,,,,,,,,,,,,,,,,,,,,,,,,,,,,,,,,,,,,,,,,,,,,,,,,,,,,,,,,,,,,,,,,
base-carga-doble-joystick-xbox-one,,,,,,,,,,,,,,,,,,,,,,,,,,,,,,,,https://cdn.shopify.com/s/files/1/0796/0703/8180/files/q11c8z88ru3syzybv7fv2q30wxbe4y3w.png?v=1775051816,3,"",,,,,,,,,,,,,,,,,,,,,,,,,,,,,,,,,,,,,,,,,,,,,,,,,,,,,,,,,,,,,,,,,,,,,,,,,,,,,,,,,,,,,,,,,,,,,,,,,,,,,,,,,,,,,,,,,,,,,,,,,,,,,,,,,,,,,,,,,,,,,,,,,,,,,,,,,,
balanza-pocket-digital-500g,Balanza Pocket Digital 0.1g a 500g,"<h2>Balanza Pocket Digital — Precisión de 0.1g hasta 500g</h2><p>Pesá con exactitud en cualquier lugar con esta balanza de bolsillo digital. Compacta, liviana y de alta precisión, es ideal para uso doméstico, cocina, joyería, hierbas y mucho más.</p><ul>
<li>
<strong>Rango de pesaje:</strong> 0.1g — 500g</li>
<li>
<strong>Precisión:</strong> 0.1g</li>
<li>
<strong>Formato:</strong> Pocket / bolsillo — fácil de transportar</li>
<li>
<strong>Display:</strong> Digital LCD</li>
<li>
<strong>Peso del equipo:</strong> 100g</li>
<li>
<strong>SKU:</strong> MH-500</li>
</ul><p>Pequeña en tamaño, grande en precisión — la balanza que siempre tenés a mano cuando la necesitás.</p>",Sin Marca,Hardware > Tools > Measuring Tools & Sensors > Measuring Scales > Digital Scales,Balanzas,"balanza, balanza digital, cocina, mayorista, pocket, precisión",true,Title,Default Title,,,,,,,,MH-500,100.0,shopify,2,deny,manual,4689.30,,true,true,,,,,6954545445007,https://cdn.shopify.com/s/files/1/0796/0703/8180/files/000001.webp?v=1775052126,1,"",false,Balanza Pocket Digital 0.1g a 500g | Parquelectro,"Balanza pocket digital de 0.1g a 500g. Compacta, precisa y fácil de transportar. Ideal para cocina, joyería y uso doméstico. Envío a todo el país.",,,,,,,,,,,,,,,,,,,,,,,,,,,,,,,,,,,,,,,,,,,,,,,,,,,,,,,,,,,,,,,,,,,,,,,,,,,,,,,,,,,,,,,,,,,,,,,,,,,,,,,,,,,,,,,,,,,,,,,,,,,,,,,,,,,,,,,,,,,,,,,,,,,,g,,,active
balanza-pocket-digital-500g,,,,,,,,,,,,,,,,,,,,,,,,,,,,,,,,https://cdn.shopify.com/s/files/1/0796/0703/8180/files/0002-1.webp?v=1775052126,2,"",,,,,,,,,,,,,,,,,,,,,,,,,,,,,,,,,,,,,,,,,,,,,,,,,,,,,,,,,,,,,,,,,,,,,,,,,,,,,,,,,,,,,,,,,,,,,,,,,,,,,,,,,,,,,,,,,,,,,,,,,,,,,,,,,,,,,,,,,,,,,,,,,,,,,,,,,,
auriculares-bluetooth-deportivos-noga-ng-btwins-38,Auriculares Bluetooth Deportivos Noga NG-BTWINS 38 Negro y Verde,"<h2>Auriculares Bluetooth Deportivos Noga NG-BTWINS 38 — Libertá de Movimiento y Sonido de Calidad</h2><p>Diseñados para acompañarte en cada entrenamiento, los Noga NG-BTWINS 38 combinan conectividad inalámbrica, diseño deportivo y un look llamativo en negro con verde. Olvidáte de los cables y enfocáte en tu rendimiento.</p><ul>
<li>
<strong>Tecnología:</strong> Bluetooth inalámbrico</li>
<li>
<strong>Tipo:</strong> Twins / True Wireless — sin cables entre auriculares</li>
<li>
<strong>Diseño:</strong> Deportivo, seguro y cómodo para uso activo</li>
<li>
<strong>Color:</strong> Negro con verde</li>
<li>
<strong>Marca:</strong> Noga</li>
<li>
<strong>Modelo:</strong> NG-BTWINS 38</li>
<li>
<strong>Peso:</strong> 125 g</li>
</ul><p>El compañero ideal para el gym, el running y cada momento activo de tu día.</p>",Noga,Electronics > Audio > Audio Components > Headphones & Headsets > Headphones > In-Ear Headphones,Auriculares,"auriculares bluetooth, deportivos, inalambrico, mayorista, noga, true wireless",true,Title,Default Title,,,,,,,,NG-BTWINS 38,125.0,shopify,0,deny,manual,17640.00,,true,true,,,,,7798137725004,https://cdn.shopify.com/s/files/1/0796/0703/8180/files/ng-btwins38_ng-btwins38-verde-3-8b8708ed3eeddd360117455069179625-1024-1024.webp?v=1775052381,1,"",false,Auriculares Bluetooth Deportivos Noga NG-BTWINS 38 Negro Verde | Parquelectro,"Auriculares Bluetooth deportivos Noga NG-BTWINS 38 negro y verde. True wireless, diseño deportivo. Ideal para gym y running. Envío a todo el país.",,,,,,,,,,,,,,,,,bluetooth,,,,,,,,,,,,,,,,,,,,,,,,,,negro,,,,,,,,bluetooth; inalambrico,,,,,,,,,,,,microfono-incorporado; control-del-volumen; audio-de-alta-fidelidad; impermeable,,,,,,,,,,gancho-para-la-oreja,,,,,,,,,,,,,,,,,,incorporado,,,,,,,,,,,,,,,,,,,,,,,,,,,,,,,,,,,,,,,,,,,,,,,,,,,,,,,,,g,,,active
auriculares-bluetooth-deportivos-noga-ng-btwins-38,,,,,,,,,,,,,,,,,,,,,,,,,,,,,,,,https://cdn.shopify.com/s/files/1/0796/0703/8180/files/ng-btwins-38-grvr-pack-66114ad1bba9c1d39a17476838726339-1024-1024.webp?v=1775052381,2,"",,,,,,,,,,,,,,,,,,,,,,,,,,,,,,,,,,,,,,,,,,,,,,,,,,,,,,,,,,,,,,,,,,,,,,,,,,,,,,,,,,,,,,,,,,,,,,,,,,,,,,,,,,,,,,,,,,,,,,,,,,,,,,,,,,,,,,,,,,,,,,,,,,,,,,,,,,
auriculares-bluetooth-deportivos-noga-ng-btwins-38,,,,,,,,,,,,,,,,,,,,,,,,,,,,,,,,https://cdn.shopify.com/s/files/1/0796/0703/8180/files/ng-btwins38_ng-btwins38-verde-2-3245edcb6d8f98613317455069193327-1024-1024.webp?v=1775052310,3,"",,,,,,,,,,,,,,,,,,,,,,,,,,,,,,,,,,,,,,,,,,,,,,,,,,,,,,,,,,,,,,,,,,,,,,,,,,,,,,,,,,,,,,,,,,,,,,,,,,,,,,,,,,,,,,,,,,,,,,,,,,,,,,,,,,,,,,,,,,,,,,,,,,,,,,,,,,
auriculares-twins-bluetooth-base-carga-display-enganche,"Auriculares Twins Bluetooth con Base de Carga, Display y Enganche para la Oreja","<h2>Auriculares Twins Bluetooth — True Wireless con Base de Carga y Display</h2><p>Diseñados para quienes buscan comodidad, estilo y tecnología en un solo accesorio. Estos auriculares true wireless incluyen base de carga con display digital y enganche seguro para la oreja, ideales para uso diario y actividad física.</p><ul>
<li>
<strong>Tecnología:</strong> Bluetooth inalámbrico — True Wireless (Twins)</li>
<li>
<strong>Base de carga:</strong> Con display digital para ver el nivel de batería</li>
<li>
<strong>Sujeción:</strong> Enganche para la oreja — seguro y cómodo</li>
<li>
<strong>Colores disponibles:</strong> Plateado, Negro y Dorado</li>
<li>
<strong>Peso:</strong> 100 g</li>
<li>
<strong>SKUs:</strong> JK-608 (Plateado) / JK-609 (Negro) / JK-610 (Dorado)</li>
</ul><p>Conectá sin cables, cargá con estilo y lleválos a donde vayas.</p>",Sin Marca,Electronics > Audio > Audio Components > Headphones & Headsets > Headphones > In-Ear Headphones,Auriculares,"auriculares bluetooth, base de carga, inalambrico, mayorista, true wireless, twins",true,Color,negro,product.metafields.shopify.color-pattern,,,,,,,JK-608n,100.0,shopify,2,deny,manual,8492.00,,true,true,,,,,723540564558,https://cdn.shopify.com/s/files/1/0796/0703/8180/files/10107_xlarge.png?v=1775052976,1,"",false,Auriculares Twins Bluetooth Base de Carga Display Enganche Oreja | Parquelectro,"Auriculares Twins Bluetooth true wireless con base de carga y display. Enganche para oreja. Colores: plateado, negro y dorado. Envío a todo el país.",,,,,,,,,,,,,,,,,bluetooth,,,,,,,,,,,,,,,,,,,,,,,,,,negro; beige; blanco,,,,,,,,bluetooth; inalambrico,,,,,,,,,,,,microfono-incorporado; control-del-volumen; audio-de-alta-fidelidad,,,,,,,,,,gancho-para-la-oreja; auriculares,,,,,,,,,,,,,,,,,,incorporado,,,,,,,,,,,,,,,,,,,,,,,,,,,,,,,,,,,,,,,,,,,,,,,,,,,,,,,,https://cdn.shopify.com/s/files/1/0796/0703/8180/files/10107_xlarge.png?v=1775052976,g,,,active
auriculares-twins-bluetooth-base-carga-display-enganche,,,,,,,,,beige,,,,,,,,JK-608b,100.0,shopify,2,deny,manual,8492.00,,true,true,,,,,723540564558,https://cdn.shopify.com/s/files/1/0796/0703/8180/files/1-52f4d442e08c57d62e17620033847693-1024-1024.webp?v=1775052976,2,"",,,,,,,,,,,,,,,,,,,,,,,,,,,,,,,,,,,,,,,,,,,,,,,,,,,,,,,,,,,,,,,,,,,,,,,,,,,,,,,,,,,,,,,,,,,,,,,,,,,,,,,,,,,,,,,,,,,,,,,,,,,,,,,,,,,,,,,,,,,,,,,,,,,,,,https://cdn.shopify.com/s/files/1/0796/0703/8180/files/1-52f4d442e08c57d62e17620033847693-1024-1024.webp?v=1775052976,g,,,
auriculares-twins-bluetooth-base-carga-display-enganche,,,,,,,,,blanco,,,,,,,,JK-608b,100.0,shopify,3,deny,manual,8492.00,,true,true,,,,,723540564558,https://cdn.shopify.com/s/files/1/0796/0703/8180/files/3-2ca3d14eb15ef8fd3617520928767858-1024-1024.webp?v=1775052976,3,"",,,,,,,,,,,,,,,,,,,,,,,,,,,,,,,,,,,,,,,,,,,,,,,,,,,,,,,,,,,,,,,,,,,,,,,,,,,,,,,,,,,,,,,,,,,,,,,,,,,,,,,,,,,,,,,,,,,,,,,,,,,,,,,,,,,,,,,,,,,,,,,,,,,,,,https://cdn.shopify.com/s/files/1/0796/0703/8180/files/3-2ca3d14eb15ef8fd3617520928767858-1024-1024.webp?v=1775052976,g,,,
auriculares-intrauditivos-manos-libres-time,Auriculares Intrauditivos con Manos Libres Time — Blanco y Rojo,"<h2>Auriculares Intrauditivos Time con Manos Libres — Cómodos, Livianos y Prácticos</h2><p>Escuchá música y atendé llamadas sin complicaciones con estos auriculares intrauditivos de la marca Time. Ultralivianos, con micrófono integrado y disponibles en dos colores clásicos.</p><ul>
<li>
<strong>Tipo:</strong> Intrauditivo (in-ear)</li>
<li>
<strong>Función:</strong> Manos libres con micrófono integrado</li>
<li>
<strong>Marca:</strong> Time</li>
<li>
<strong>Colores disponibles:</strong> Blanco y Rojo</li>
<li>
<strong>Peso:</strong> 25 g — ultraliviano</li>
<li>
<strong>SKUs:</strong> AU-11010 (Blanco) / AU-11011 (Rojo)</li>
</ul><p>La opción simple, confiable y económica para el uso diario.</p>",Time,Electronics > Audio > Audio Components > Headphones & Headsets > Headphones > In-Ear Headphones,Auriculares,"auriculares, con microfono, intrauditivo, manos libres, mayorista, time",true,Color,blanco,product.metafields.shopify.color-pattern,,,,,,,AU-11010,25.0,shopify,2,deny,manual,1347.50,,true,true,,,,,723540566118,https://cdn.shopify.com/s/files/1/0796/0703/8180/files/AURICULAR-1237.jpg?v=1775053676,1,"",false,Auriculares Intrauditivos Manos Libres Time Blanco Rojo | Parquelectro,"Auriculares intrauditivos con manos libres marca Time. Ultralivianos, con micrófono. Colores blanco y rojo. Envío a todo el país.",,,,,,,,,,,,,,,,,3-5-mm,,,,,,,,,,,,,,,,,,,,,,,,,,blanco; rojo,,,,,,,,cableado,,,,,,,,,,,,microfono-incorporado; control-del-volumen,,,,,,,,,,canal; auriculares,,,,,,,,,,,,,,,,,,incorporado,,,,,,,,,,,,,,,,,,,,,,,,,,,,,,,,,,,,,,,,,,,,,,,,,,,,,,,,https://cdn.shopify.com/s/files/1/0796/0703/8180/files/WhatsApp_Image_2026-04-01_at_11.22.23_4.jpg?v=1775053657,g,,,active
auriculares-intrauditivos-manos-libres-time,,,,,,,,,rojo,,,,,,,,AU-11011,25.0,shopify,5,deny,manual,1347.50,,true,true,,,,,"",https://cdn.shopify.com/s/files/1/0796/0703/8180/files/WhatsAppImage2026-04-01at11.22.24.jpg?v=1775053676,2,"",,,,,,,,,,,,,,,,,,,,,,,,,,,,,,,,,,,,,,,,,,,,,,,,,,,,,,,,,,,,,,,,,,,,,,,,,,,,,,,,,,,,,,,,,,,,,,,,,,,,,,,,,,,,,,,,,,,,,,,,,,,,,,,,,,,,,,,,,,,,,,,,,,,,,,https://cdn.shopify.com/s/files/1/0796/0703/8180/files/WhatsAppImage2026-04-01at11.22.24.jpg?v=1775053676,g,,,
auriculares-intrauditivos-manos-libres-time,,,,,,,,,,,,,,,,,,,,,,,,,,,,,,,,https://cdn.shopify.com/s/files/1/0796/0703/8180/files/WhatsApp_Image_2026-04-01_at_11.22.23_4.jpg?v=1775053657,3,"",,,,,,,,,,,,,,,,,,,,,,,,,,,,,,,,,,,,,,,,,,,,,,,,,,,,,,,,,,,,,,,,,,,,,,,,,,,,,,,,,,,,,,,,,,,,,,,,,,,,,,,,,,,,,,,,,,,,,,,,,,,,,,,,,,,,,,,,,,,,,,,,,,,,,,,,,,
auriculares-philips-taue101bk-00-negro-manos-libres,Auriculares Intrauditivos Philips TAUE101BK/00 Negro con Manos Libres,"<h2>Auriculares Philips TAUE101BK/00 — Sonido de Calidad y Manos Libres en Negro</h2><p>La confiabilidad de Philips en un auricular intrauditivo compacto y liviano. Con micrófono integrado para manos libres, es el accesorio ideal para llamadas y música en el día a día.</p><ul>
<li>
<strong>Marca:</strong> Philips</li>
<li>
<strong>Modelo:</strong> TAUE101BK/00</li>
<li>
<strong>Tipo:</strong> Intrauditivo (in-ear)</li>
<li>
<strong>Color:</strong> Negro</li>
<li>
<strong>Función:</strong> Manos libres con micrófono integrado</li>
<li>
<strong>Peso:</strong> 30 g — ultraliviano</li>
<li>
<strong>Código de barras:</strong> 4895229100589</li>
</ul><p>Calidad Philips al alcance de todos — simple, confiable y listo para usar.</p>",Philips,Electronics > Audio > Audio Components > Headphones & Headsets > Headsets,Auriculares,"auriculares philips, intrauditivo, manos libres, mayorista, negro, philips",true,Title,Default Title,,,,,,,,TAUE101,30.0,shopify,2,deny,manual,15975.00,,true,true,,,,,4895229100589,https://cdn.shopify.com/s/files/1/0796/0703/8180/files/157374-800-auto.png?v=1775054706,1,"",false,Auriculares Philips TAUE101BK/00 Negro Manos Libres | Parquelectro,"Auriculares intrauditivos Philips TAUE101BK/00 negro con manos libres. Liviano, con micrófono integrado. Calidad Philips. Envío a todo el país.",,,,,,,,,,,,,,,,,3-5-mm,,,,,,,,,,,,,,,,,,,,,,,,,,negro,,,,,,,,cableado,,,,,,,,,,,,microfono-incorporado; control-del-volumen,,,,,,,,,,canal; auriculares,,,,,,,,,,,,,,,,,,incorporado,,,,,,,,,,,,,,,,,,,,,,,,,,,,,,,,,,,,,,,,,,,,,,,,,,,,,,,,,g,,,active
auriculares-philips-taue101bk-00-negro-manos-libres,,,,,,,,,,,,,,,,,,,,,,,,,,,,,,,,https://cdn.shopify.com/s/files/1/0796/0703/8180/files/auricular-con-cable-modelo-taue101bk00-marca-philips-2-c98a93fc6d6293726e17151797176588-1024-1024.webp?v=1775054706,2,"",,,,,,,,,,,,,,,,,,,,,,,,,,,,,,,,,,,,,,,,,,,,,,,,,,,,,,,,,,,,,,,,,,,,,,,,,,,,,,,,,,,,,,,,,,,,,,,,,,,,,,,,,,,,,,,,,,,,,,,,,,,,,,,,,,,,,,,,,,,,,,,,,,,,,,,,,,
auriculares-manos-libres-compatible-samsung-sin-caja,Auriculares Manos Libres Compatible Samsung — Sin Caja,"<h2>Auriculares con Manos Libres Compatible Samsung — Buena Calidad, Sin Caja</h2><p>Auriculares intrauditivos con micrófono compatibles con dispositivos Samsung. Presentación sin caja, ideal para reventa mayorista o uso personal a precio accesible.</p><ul>
<li>
<strong>Compatibilidad:</strong> Dispositivos Samsung (y smartphones en general)</li>
<li>
<strong>Función:</strong> Manos libres con micrófono integrado</li>
<li>
<strong>Presentación:</strong> Sin caja</li>
<li>
<strong>Calidad:</strong> Réplica de muy buena calidad</li>
<li>
<strong>Peso:</strong> 15 g — ultraliviano</li>
<li>
<strong>SKU:</strong> AU-11009</li>
</ul><p>La opción económica y práctica para tener siempre un auricular a mano.</p>",Sin Marca,Electronics > Audio > Audio Components > Headphones & Headsets > Headsets,Auriculares,"auriculares samsung, compatible samsung, intrauditivo, manos libres, mayorista, sin caja",true,Title,Default Title,,,,,,,,AU-11009,15.0,shopify,17,deny,manual,1450.00,,true,true,,,,,,https://cdn.shopify.com/s/files/1/0796/0703/8180/files/88d19da7-80e9-4536-a2df-2a3550896e73.jpg?v=1775055300,1,"",false,Auriculares Manos Libres Compatible Samsung Sin Caja | Parquelectro,"Auriculares manos libres compatible Samsung sin caja. Réplica de buena calidad, ultraliviano. Ideal para reventa mayorista. Envío a todo el país.",,,,,,,,,,,,,,,,,3-5-mm,,,,,,,,,,,,,,,,,,,,,,,,,,negro,,,,,,,,cableado,,,,,,,,,,,,microfono-incorporado; control-del-volumen,,,,,,,,,,canal; auriculares,,,,,,,,,,,,,,,,,,incorporado,,,,,,,,,,,,,,,,,,,,,,,,,,,,,,,,,,,,,,,,,,,,,,,,,,,,,,,,,g,,,active
auriculares-manos-libres-compatible-samsung-sin-caja,,,,,,,,,,,,,,,,,,,,,,,,,,,,,,,,https://cdn.shopify.com/s/files/1/0796/0703/8180/files/3f72d882-8a97-488e-a7ed-e42eb593a347.jpg?v=1775055300,2,"",,,,,,,,,,,,,,,,,,,,,,,,,,,,,,,,,,,,,,,,,,,,,,,,,,,,,,,,,,,,,,,,,,,,,,,,,,,,,,,,,,,,,,,,,,,,,,,,,,,,,,,,,,,,,,,,,,,,,,,,,,,,,,,,,,,,,,,,,,,,,,,,,,,,,,,,,,
auriculares-bluetooth-gamer-noga-st3440-doble-conexion,Auriculares Bluetooth Gamer Noga ST3440 con Doble Conexión,"<h2>Auriculares Bluetooth Gamer Noga ST3440 — Doble Conexión para PC y Móvil</h2><p>Diseñados para gamers que no quieren compromisos. Los Noga ST3440 combinan conectividad Bluetooth con doble conexión, permitiéndote alternar entre tu PC y tu celular sin interrupciones. Sonido potente, diseño gamer y comodidad para largas sesiones.</p><ul>
<li>
<strong>Marca:</strong> Noga</li>
<li>
<strong>Modelo:</strong> ST3440</li>
<li>
<strong>Tecnología:</strong> Bluetooth inalámbrico</li>
<li>
<strong>Conexión:</strong> Doble conexión — PC y dispositivos móviles simultáneamente</li>
<li>
<strong>Diseño:</strong> Gamer, over-ear</li>
<li>
<strong>Peso:</strong> 330 g</li>
<li>
<strong>SKU:</strong> ST3440</li>
</ul><p>El headset gamer Bluetooth que te conecta a todo sin cables de por medio.</p>",Noga,Electronics > Audio > Audio Components > Headphones & Headsets > Headsets,Auriculares,"auriculares gamer, bluetooth, doble conexion, headset, mayorista, noga",true,Title,Default Title,,,,,,,,ST3440,330.0,shopify,1,deny,manual,60144.00,,true,true,,,,,7798137727657,https://cdn.shopify.com/s/files/1/0796/0703/8180/files/st3440-3-d1618fcf7a0c2e83fa17643515622260-1024-1024.webp?v=1775056494,1,"",false,Auriculares Bluetooth Gamer Noga ST3440 Doble Conexión | Parquelectro,Auriculares Bluetooth gamer Noga ST3440 con doble conexión para PC y móvil. Sonido potente y diseño gamer. Envío a todo el país.,,,,,,,,,,,,,,,,,,,,,,,,,,,,,,,,,,,,,,,,,,,,,,,,,,,,,,,,,,,,,,,,,,,,,,,,,,,,,,,,,,,,,,,,,,,,,,,,,,,,,,,,,,,,,,,,,,,,,,,,,,,,,,,,,,,,,,,,,,,,,,,,,,,,g,,,active
auriculares-bluetooth-gamer-noga-st3440-doble-conexion,,,,,,,,,,,,,,,,,,,,,,,,,,,,,,,,https://cdn.shopify.com/s/files/1/0796/0703/8180/files/st3440-4-c762c476d09fa3326017643515669931-1024-1024.webp?v=1775056535,2,"",,,,,,,,,,,,,,,,,,,,,,,,,,,,,,,,,,,,,,,,,,,,,,,,,,,,,,,,,,,,,,,,,,,,,,,,,,,,,,,,,,,,,,,,,,,,,,,,,,,,,,,,,,,,,,,,,,,,,,,,,,,,,,,,,,,,,,,,,,,,,,,,,,,,,,,,,,
auriculares-bluetooth-gamer-noga-st3440-doble-conexion,,,,,,,,,,,,,,,,,,,,,,,,,,,,,,,,https://cdn.shopify.com/s/files/1/0796/0703/8180/files/MKT01I9EBX-4.webp?v=1775056535,3,"",,,,,,,,,,,,,,,,,,,,,,,,,,,,,,,,,,,,,,,,,,,,,,,,,,,,,,,,,,,,,,,,,,,,,,,,,,,,,,,,,,,,,,,,,,,,,,,,,,,,,,,,,,,,,,,,,,,,,,,,,,,,,,,,,,,,,,,,,,,,,,,,,,,,,,,,,,
auriculares-vincha-time-manos-libres-colores,Auriculares Vincha Time con Manos Libres — Varios Colores,"<h2>Auriculares Vincha Time con Manos Libres — Cómodos, Coloridos y Prácticos</h2><p>Auriculares tipo vincha de la marca Time con micrófono integrado para manos libres. Diseño juvenil disponible en varios colores, ideales para música, llamadas y uso diario.</p><ul>
<li>
<strong>Tipo:</strong> Vincha / over-ear</li>
<li>
<strong>Función:</strong> Manos libres con micrófono integrado</li>
<li>
<strong>Marca:</strong> Time</li>
<li>
<strong>Colores:</strong> Disponible en varios colores</li>
<li>
<strong>Peso:</strong> 160 g</li>
<li>
<strong>SKU:</strong> AR1135</li>
</ul><p>Cómodo, liviano y con buena presencia — el auricular vincha para el uso cotidiano.</p>",Time,Electronics > Audio > Audio Components > Headphones & Headsets > Headphones > Over-Ear Headphones,Auriculares,"auriculares vincha, colores, manos libres, mayorista, over-ear, time",true,Title,Default Title,,,,,,,,AR1135,160.0,shopify,4,deny,manual,9800.00,,true,true,,,,,723540565807,https://cdn.shopify.com/s/files/1/0796/0703/8180/files/a3ba054f370c811f48a453591046e9271895ccf392126682370008a04f995ff7153887.jpg?v=1775064947,1,"",false,Auriculares Vincha Time Manos Libres Varios Colores | Parquelectro,"Auriculares vincha Time con manos libres en varios colores. Cómodos, livianos y con micrófono integrado. Envío a todo el país.",,,,,,,,,,,,,,,,,3-5-mm,,,,,,,,,,,,,,,,,,,,,,,,,,rosa,,,,,,,,cableado,,,,,,,,,,,,microfono-incorporado; control-del-volumen,,,,,,,,,,cerrado,,,,,,,,,,,,,,,,,,incorporado,,,,,,,,,,,,,,,,,,,,,,,,,,,,,,,,,,,,,,,,,,,,,,,,,,,,,,,,,g,,,active
auriculares-vincha-gatito-time-manos-libres,"Auriculares Vincha Diseño Gatito Time con Manos Libres — Negro, Blanco y Celeste","<h2>Auriculares Vincha Gatito Time — Estilo, Color y Manos Libres</h2>
<p>Auriculares tipo vincha con diseño gatito de la marca Time. Ideales para niños, jóvenes y cualquiera que quiera escuchar música con estilo. Con micrófono integrado para manos libres y disponibles en tres colores.</p>
<ul>
<li>
<strong>Tipo:</strong> Vincha / over-ear</li>
<li>
<strong>Diseño:</strong> Gatito — varios colores</li>
<li>
<strong>Función:</strong> Manos libres con micrófono integrado</li>
<li>
<strong>Marca:</strong> Time</li>
<li>
<strong>Colores disponibles:</strong> Negro, Blanco y Celeste</li>
</ul>
<p>Un accesorio divertido y funcional para el día a día.</p>",Time,Electronics > Audio > Audio Components > Headphones & Headsets > Headphones > Over-Ear Headphones,Auriculares,"auriculares vincha, diseño, gatito, manos libres, mayorista, time",true,Color,negro,product.metafields.shopify.color-pattern,,,,,,,AR1123,120.0,shopify,14,deny,manual,5045.00,,true,true,,,,,723540566682,https://cdn.shopify.com/s/files/1/0796/0703/8180/files/WhatsAppImage2026-04-01at14.09.03_1.jpg?v=1775064297,1,"",false,Auriculares Vincha Gatito Time Manos Libres Negro Blanco Celeste | Parquelectro,"Auriculares vincha diseño gatito Time con manos libres. Colores: negro, blanco y celeste. Ideal para niños y jóvenes. Envío a todo el país.",,,,,,,,,,,,,,,,,3-5-mm,,,,,,,,,,,,,,,,,,,,,,,,,,negro; celeste; blanco,,,,,,,,cableado,,,,,,,,,,,,microfono-incorporado; control-del-volumen,,,,,,,,,,cerrado,,,,,,,,,,,,,,,,,,incorporado,,,,,,,,,,,,,,,,,,,,,,,,,,,,,,,,,,,,,,,,,,,,,,,,,,,,,,,,https://cdn.shopify.com/s/files/1/0796/0703/8180/files/WhatsAppImage2026-04-01at14.09.03_1.jpg?v=1775064297,g,,,active
auriculares-vincha-gatito-time-manos-libres,,,,,,,,,celeste,,,,,,,,AR1124,120.0,shopify,5,deny,manual,5045.00,,true,true,,,,,"",https://cdn.shopify.com/s/files/1/0796/0703/8180/files/WhatsAppImage2026-04-01at14.09.43.jpg?v=1775064297,2,"",,,,,,,,,,,,,,,,,,,,,,,,,,,,,,,,,,,,,,,,,,,,,,,,,,,,,,,,,,,,,,,,,,,,,,,,,,,,,,,,,,,,,,,,,,,,,,,,,,,,,,,,,,,,,,,,,,,,,,,,,,,,,,,,,,,,,,,,,,,,,,,,,,,,,,https://cdn.shopify.com/s/files/1/0796/0703/8180/files/WhatsAppImage2026-04-01at14.09.03.jpg?v=1775064297,g,,,
auriculares-vincha-gatito-time-manos-libres,,,,,,,,,blanco,,,,,,,,AR1125,120.0,shopify,6,deny,manual,5045.00,,true,true,,,,,"",https://cdn.shopify.com/s/files/1/0796/0703/8180/files/WhatsAppImage2026-04-01at14.09.03.jpg?v=1775064297,3,"",,,,,,,,,,,,,,,,,,,,,,,,,,,,,,,,,,,,,,,,,,,,,,,,,,,,,,,,,,,,,,,,,,,,,,,,,,,,,,,,,,,,,,,,,,,,,,,,,,,,,,,,,,,,,,,,,,,,,,,,,,,,,,,,,,,,,,,,,,,,,,,,,,,,,,https://cdn.shopify.com/s/files/1/0796/0703/8180/files/WhatsAppImage2026-04-01at14.09.03_2.jpg?v=1775064192,g,,,
auriculares-vincha-gatito-time-manos-libres,,,,,,,,,,,,,,,,,,,,,,,,,,,,,,,,https://cdn.shopify.com/s/files/1/0796/0703/8180/files/WhatsAppImage2026-04-01at14.09.03_2.jpg?v=1775064192,4,"",,,,,,,,,,,,,,,,,,,,,,,,,,,,,,,,,,,,,,,,,,,,,,,,,,,,,,,,,,,,,,,,,,,,,,,,,,,,,,,,,,,,,,,,,,,,,,,,,,,,,,,,,,,,,,,,,,,,,,,,,,,,,,,,,,,,,,,,,,,,,,,,,,,,,,,,,,
auriculares-twins-bluetooth-deportivos-noga-ng-btwins-47,Auriculares Twins Bluetooth Deportivos Noga NG-BTWINS 47 con Base de Carga,"<h2>Noga NG-BTWINS 47 — True Wireless Deportivos con Base de Carga</h2><p>Llevá tu entrenamiento al siguiente nivel con los Noga NG-BTWINS 47. Auriculares true wireless diseñados para el deporte, con base de carga compacta para tenerlos siempre listos. Sin cables, sin límites.</p><ul>
<li>
<strong>Marca:</strong> Noga</li>
<li>
<strong>Modelo:</strong> NG-BTWINS 47</li>
<li>
<strong>Tecnología:</strong> Bluetooth — True Wireless (Twins)</li>
<li>
<strong>Diseño:</strong> Deportivo — ajuste seguro para actividad física</li>
<li>
<strong>Base de carga:</strong> Incluida — carga y almacenamiento en un solo estuche</li>
<li>
<strong>Peso total:</strong> 135 g (auriculares + base)</li>
<li>
<strong>SKU:</strong> NG-BTWINS 47</li>
</ul><p>El compañero inalámbrico ideal para el gym, el running y cada momento activo.</p>",Noga,Electronics > Audio > Audio Components > Headphones & Headsets > Headphones > In-Ear Headphones,Auriculares,"auriculares bluetooth, base de carga, deportivos, mayorista, noga, true wireless",true,Title,Default Title,,,,,,,,NG-BTWINS 47,135.0,shopify,1,deny,manual,33157.88,,true,true,,,,,7798137725639,https://cdn.shopify.com/s/files/1/0796/0703/8180/files/ng-btwins-47-detalle-c25d8c830b40d0395617423265168761-1024-1024.webp?v=1775065813,1,"",false,Auriculares Twins Bluetooth Deportivos Noga NG-BTWINS 47 Base de Carga | Parquelectro,Auriculares Twins Bluetooth deportivos Noga NG-BTWINS 47 con base de carga. True wireless para gym y running. Envío a todo el país.,,,,,,,,,,,,,,,,,bluetooth,,,,,,,,,,,,,,,,,,,,,,,,,,gris; negro,,,,,,,,bluetooth; inalambrico,,,,,,,,,,,,audio-de-alta-fidelidad; impermeable,,,,,,,,,,gancho-para-la-oreja,,,,,,,,,,,,,,,,,,,,,,,,,,,,,,,,,,,,,,,,,,,,,,,,,,,,,,,,,,,,,,,,,,,,,,,,,,,g,,,active
auriculares-twins-bluetooth-deportivos-noga-ng-btwins-47,,,,,,,,,,,,,,,,,,,,,,,,,,,,,,,,https://cdn.shopify.com/s/files/1/0796/0703/8180/files/ng-btwins-47-pack-9656620142ec07b84917423265278730-1024-1024.webp?v=1775065813,2,"",,,,,,,,,,,,,,,,,,,,,,,,,,,,,,,,,,,,,,,,,,,,,,,,,,,,,,,,,,,,,,,,,,,,,,,,,,,,,,,,,,,,,,,,,,,,,,,,,,,,,,,,,,,,,,,,,,,,,,,,,,,,,,,,,,,,,,,,,,,,,,,,,,,,,,,,,,
auriculares-twins-bluetooth-deportivos-noga-ng-btwins-47,,,,,,,,,,,,,,,,,,,,,,,,,,,,,,,,https://cdn.shopify.com/s/files/1/0796/0703/8180/files/ng-btwins-47-carg-8395bca9818352c78017423265230190-1024-1024.webp?v=1775065813,3,"",,,,,,,,,,,,,,,,,,,,,,,,,,,,,,,,,,,,,,,,,,,,,,,,,,,,,,,,,,,,,,,,,,,,,,,,,,,,,,,,,,,,,,,,,,,,,,,,,,,,,,,,,,,,,,,,,,,,,,,,,,,,,,,,,,,,,,,,,,,,,,,,,,,,,,,,,,
auriculares-twins-bluetooth-deportivos-noga-ng-btwins-47,,,,,,,,,,,,,,,,,,,,,,,,,,,,,,,,https://cdn.shopify.com/s/files/1/0796/0703/8180/files/ng-btwins-47-auris-b7d26a20454783da2b17423265116889-1024-1024.webp?v=1775065813,4,"",,,,,,,,,,,,,,,,,,,,,,,,,,,,,,,,,,,,,,,,,,,,,,,,,,,,,,,,,,,,,,,,,,,,,,,,,,,,,,,,,,,,,,,,,,,,,,,,,,,,,,,,,,,,,,,,,,,,,,,,,,,,,,,,,,,,,,,,,,,,,,,,,,,,,,,,,,
auriculares-bluetooth-xiaomi-redmi-buds-basic-2-negro,Auriculares Bluetooth Xiaomi Redmi Buds Basic 2 Negro — Original,"<h2>Xiaomi Redmi Buds Basic 2 — True Wireless Original en Negro</h2><p>Los Redmi Buds Basic 2 de Xiaomi ofrecen conectividad Bluetooth confiable, diseño compacto y calidad de sonido sólida a un precio accesible. Producto original con garantía de marca.</p><ul>
<li>
<strong>Marca:</strong> Xiaomi</li>
<li>
<strong>Modelo:</strong> Redmi Buds Basic 2</li>
<li>
<strong>Tecnología:</strong> Bluetooth — True Wireless</li>
<li>
<strong>Color:</strong> Negro</li>
<li>
<strong>Condición:</strong> Original — no es réplica</li>
<li>
<strong>Peso:</strong> 85 g (auriculares + estuche)</li>
<li>
<strong>Código de barras:</strong> 6934177720482</li>
<li>
<strong>SKU:</strong> BUDS 2</li>
</ul><p>La entrada perfecta al mundo true wireless con el respaldo de Xiaomi.</p>",Xiaomi,Electronics > Audio > Audio Components > Headphones & Headsets > Headphones > In-Ear Headphones,Auriculares,"bluetooth, mayorista, original, redmi buds, true wireless, xiaomi",true,Title,Default Title,,,,,,,,BUDS 2,85.0,shopify,4,deny,manual,21450.00,,true,true,,,,,6934177720482,https://cdn.shopify.com/s/files/1/0796/0703/8180/files/naushniki_xiaomi_mi_true_wireless_earbuds_basic_2_black_bhr4272gl_1178_900.webp?v=1775066685,1,"",false,Auriculares Xiaomi Redmi Buds Basic 2 Negro Bluetooth Original | Parquelectro,"Auriculares Bluetooth Xiaomi Redmi Buds Basic 2 negro, originales. True wireless con sonido de calidad y diseño compacto. Envío a todo el país.",,,,,,,,,,,,,,,,,,,,,,,,,,,,,,,,,,,,,,,,,,,,,,,,,,,,,,,,,,,,,,,,,,,,,,,,,,,,,,,,,,,,,,,,,,,,,,,,,,,,,,,,,,,,,,,,,,,,,,,,,,,,,,,,,,,,,,,,,,,,,,,,,,,,g,,,active
auriculares-bluetooth-xiaomi-redmi-buds-basic-2-negro,,,,,,,,,,,,,,,,,,,,,,,,,,,,,,,,https://cdn.shopify.com/s/files/1/0796/0703/8180/files/001144_1.png?v=1775066685,2,"",,,,,,,,,,,,,,,,,,,,,,,,,,,,,,,,,,,,,,,,,,,,,,,,,,,,,,,,,,,,,,,,,,,,,,,,,,,,,,,,,,,,,,,,,,,,,,,,,,,,,,,,,,,,,,,,,,,,,,,,,,,,,,,,,,,,,,,,,,,,,,,,,,,,,,,,,,
auriculares-bluetooth-xiaomi-redmi-buds-basic-2-negro,,,,,,,,,,,,,,,,,,,,,,,,,,,,,,,,https://cdn.shopify.com/s/files/1/0796/0703/8180/files/D18B212A-B052-05C5-AC4C-018AE3F00BB8.jpg?v=1775066685,3,"",,,,,,,,,,,,,,,,,,,,,,,,,,,,,,,,,,,,,,,,,,,,,,,,,,,,,,,,,,,,,,,,,,,,,,,,,,,,,,,,,,,,,,,,,,,,,,,,,,,,,,,,,,,,,,,,,,,,,,,,,,,,,,,,,,,,,,,,,,,,,,,,,,,,,,,,,,
auricular-twins-bluetooth-time-con-base-de-carga,Auriculares Twins Bluetooth Time con Base de Carga - TWS,"<h3>Auriculares Twins Bluetooth Time con Base de Carga</h3><p>Auriculares inalámbricos Twins Bluetooth marca Time con estuche de carga. Libertad total sin cables para música y llamadas.</p><h4>Características:</h4><ul>
<li>
<strong>Bluetooth TWS:</strong> Conexión inalámbrica verdadera</li>
<li>
<strong>Base de carga:</strong> Estuche que recarga los auriculares</li>
<li>
<strong>Manos libres:</strong> Micrófonos integrados</li>
<li>
<strong>Portátiles:</strong> Compactos y fáciles de llevar</li>
<li>
<strong>Marca Time:</strong> Buena relación precio-calidad</li>
</ul><p><strong>Marca:</strong> Time<br><strong>Tipo:</strong> Twins TWS Bluetooth<br><strong>Incluye:</strong> Estuche de carga<br><strong>Batería:</strong> Recargable</p>",TIME,Electronics > Audio > Audio Components > Headphones & Headsets > Headphones > In-Ear Headphones,Auriculares Bluetooth TWS,mayorista,true,Title,Default Title,,,,,,,,AU-17017,60.0,shopify,0,deny,manual,6615.00,,true,true,,,,,723540566019,https://cdn.shopify.com/s/files/1/0796/0703/8180/files/Sin-titulo-1000-x-1000-px-16.jpg?v=1772911932,1,"",false,Auriculares Twins Bluetooth Time TWS con Base de Carga,"Auriculares Twins Bluetooth Time con estuche de carga. Inalámbricos TWS, manos libres y portátiles. Buena calidad y precio.",,,,,,,,,,,,,,,,,bluetooth,,,,,,,,,,,,,,,,,,,,,,,,,,negro,,,,,,,,bluetooth; inalambrico,,,,,,,,,,,,microfono-incorporado; control-del-volumen,,,,,,,,,,auriculares,,,,,,,,,,,,,,,,,,incorporado,,,,,,,,,,,,,,,,,,,,,,,,,,,,,,,,,,,,,,,,,,,,,,,,,,,,,,,,,g,,,active
auricular-twins-bluetooth-time-con-base-de-carga,,,,,,,,,,,,,,,,,,,,,,,,,,,,,,,,https://cdn.shopify.com/s/files/1/0796/0703/8180/files/e292e4e85c5cf5de4e4fb423bdc9008d304db054f8fa4a5a2d7051205b4abf4a186908.jpg?v=1772911932,2,"",,,,,,,,,,,,,,,,,,,,,,,,,,,,,,,,,,,,,,,,,,,,,,,,,,,,,,,,,,,,,,,,,,,,,,,,,,,,,,,,,,,,,,,,,,,,,,,,,,,,,,,,,,,,,,,,,,,,,,,,,,,,,,,,,,,,,,,,,,,,,,,,,,,,,,,,,,
auricular-twins-bluetooth-time-con-base-de-carga,,,,,,,,,,,,,,,,,,,,,,,,,,,,,,,,https://cdn.shopify.com/s/files/1/0796/0703/8180/files/c56ecb46bdd1cde16d8b9278bfc0.jpg?v=1772911932,3,"",,,,,,,,,,,,,,,,,,,,,,,,,,,,,,,,,,,,,,,,,,,,,,,,,,,,,,,,,,,,,,,,,,,,,,,,,,,,,,,,,,,,,,,,,,,,,,,,,,,,,,,,,,,,,,,,,,,,,,,,,,,,,,,,,,,,,,,,,,,,,,,,,,,,,,,,,,
auricular-time-con-manos-libres-sin-gomitas,Auriculares Time con Manos Libres - Sin Gomitas,"<h3>Auriculares Time con Manos Libres</h3><p>Auriculares Time con manos libres, presentación sin gomitas de repuesto. Opción económica para uso diario.</p><h4>Características:</h4><ul>
<li>
<strong>Manos libres:</strong> Micrófono integrado</li>
<li>
<strong>Control de música:</strong> Botón para reproducir/pausar</li>
<li>
<strong>Sin gomitas:</strong> Presentación básica</li>
<li>
<strong>Compatible:</strong> Jack 3.5mm</li>
<li>
<strong>Marca Time:</strong> Buena relación precio-calidad</li>
</ul><p><strong>Marca:</strong> Time<br><strong>Tipo:</strong> Intrauditivo<br><strong>Conexión:</strong> Jack 3.5mm<br><strong>Nota:</strong> No incluye gomitas de repuesto</p>",TIME,Electronics > Audio > Audio Components > Headphones & Headsets > Headphones > In-Ear Headphones,Auriculares Intrauditivos,mayorista,true,Title,Default Title,,,,,,,,AU-1235,10.0,shopify,0,deny,manual,1127.00,,true,true,,,,,,https://cdn.shopify.com/s/files/1/0796/0703/8180/files/Auricular-Time-Blanco-2.jpg?v=1772911699,1,"",false,Auriculares Time Manos Libres - Presentación Básica,Auriculares Time con manos libres y micrófono. Presentación sin gomitas. Compatible con celulares. Opción económica.,,,,,,,,,,,,,,,,,,,,,,,,,,,,,,,,,,,,,,,,,,,,,,,,,,,,,,,,,,,,,,,,,,,,,,,,,,,,,,,,,,,,,,,,,,,,,,,,,,,,,,,,,,,,,,,,,,,,,,,,,,,,,,,,,,,,,,,,,,,,,,,,,,,,g,,,active
auricular-time-con-manos-libres-sin-gomitas,,,,,,,,,,,,,,,,,,,,,,,,,,,,,,,,https://cdn.shopify.com/s/files/1/0796/0703/8180/files/27094-producto-01568-1.jpg?v=1772911699,2,"",,,,,,,,,,,,,,,,,,,,,,,,,,,,,,,,,,,,,,,,,,,,,,,,,,,,,,,,,,,,,,,,,,,,,,,,,,,,,,,,,,,,,,,,,,,,,,,,,,,,,,,,,,,,,,,,,,,,,,,,,,,,,,,,,,,,,,,,,,,,,,,,,,,,,,,,,,
auricular-philips-para-pc,Auriculares Philips para PC - Vincha con Cable,"<h3>Auriculares Philips para PC</h3><p>Auriculares de vincha Philips diseñados especialmente para uso en PC. Calidad de sonido Philips para trabajo, estudio y entretenimiento.</p><h4>Características:</h4><ul>
<li>
<strong>Marca Philips:</strong> Calidad y confiabilidad reconocida</li>
<li>
<strong>Diseño para PC:</strong> Optimizado para computadoras</li>
<li>
<strong>Sonido claro:</strong> Ideal para videollamadas y multimedia</li>
<li>
<strong>Cómodos:</strong> Diseño de vincha ajustable</li>
<li>
<strong>Con cable:</strong> Conexión estable sin baterías</li>
</ul><p><strong>Marca:</strong> Philips<br><strong>Tipo:</strong> Vincha con cable<br><strong>Uso:</strong> PC, notebook, trabajo, estudio<br><strong>Conexión:</strong> Jack 3.5mm</p>",PHILIPS,Electronics > Audio > Audio Components > Headphones & Headsets > Headsets,Auriculares de Vincha,mayorista,true,Title,Default Title,,,,,,,,SHG7210,225.0,shopify,5,deny,manual,56800.00,,true,true,,,,,8712581632038,https://cdn.shopify.com/s/files/1/0796/0703/8180/files/SHG7210_2_2048x_53ae5650-3862-49eb-a3cc-b6bd22d2d5dc.webp?v=1772911339,1,"",false,,Auriculares Philips de vincha para PC. Sonido claro para trabajo y estudio. Cómodos y confiables. Conexión con cable.,,,,,,,,,,,,,,,,,3-5-mm,,,,,,,,,,,,,,,,,,,,,,,,,,negro,,,,,,,,cableado,,,,,,,,,,,,microfono-incorporado; control-del-volumen,,,,,,,,,,cerrado,,,,,,,,,,,,,,,,,,brazo,,,,,,,,,,,,,,,,,,,,,,,,,,,,,,,,,,,,,,,,,,,,,,,,,,,,,,,,,g,,,active
auricular-philips-para-pc,,,,,,,,,,,,,,,,,,,,,,,,,,,,,,,,https://cdn.shopify.com/s/files/1/0796/0703/8180/files/SHG7210_97-PID-global-001_2048x2048_338d7502-0b43-4eda-82d6-b9ee2a6a1d97.webp?v=1772911339,2,"",,,,,,,,,,,,,,,,,,,,,,,,,,,,,,,,,,,,,,,,,,,,,,,,,,,,,,,,,,,,,,,,,,,,,,,,,,,,,,,,,,,,,,,,,,,,,,,,,,,,,,,,,,,,,,,,,,,,,,,,,,,,,,,,,,,,,,,,,,,,,,,,,,,,,,,,,,
auricular-philips-para-pc,,,,,,,,,,,,,,,,,,,,,,,,,,,,,,,,https://cdn.shopify.com/s/files/1/0796/0703/8180/files/48c56866-35d3-487d-b40d-3c50aff90274_20220217182857-1000x600.jpg?v=1772911339,3,"",,,,,,,,,,,,,,,,,,,,,,,,,,,,,,,,,,,,,,,,,,,,,,,,,,,,,,,,,,,,,,,,,,,,,,,,,,,,,,,,,,,,,,,,,,,,,,,,,,,,,,,,,,,,,,,,,,,,,,,,,,,,,,,,,,,,,,,,,,,,,,,,,,,,,,,,,,
auricular-manos-libres-time-presentacion-en-bolsa,Auriculares Manos Libres Time - Presentación en Bolsa,"<h3>Auriculares Manos Libres Time</h3><p>Auriculares con manos libres marca Time en presentación económica en bolsa. Ideal para reventa o uso diario.</p><h4>Características:</h4><ul>
<li>
<strong>Manos libres:</strong> Micrófono para llamadas</li>
<li>
<strong>Control de música:</strong> Botón integrado</li>
<li>
<strong>Presentación en bolsa:</strong> Empaque económico</li>
<li>
<strong>Compatible:</strong> Jack 3.5mm</li>
<li><strong>Buena relación precio-calidad</strong></li>
</ul><p><strong>Marca:</strong> Time<br><strong>Tipo:</strong> Intrauditivo<br><strong>Conexión:</strong> Jack 3.5mm</p>",TIME,Electronics > Audio > Audio Components > Headphones & Headsets > Headphones > In-Ear Headphones,Auriculares Intrauditivos,mayorista,true,Color,blanco,product.metafields.shopify.color-pattern,,,,,,,AU-11016,15.0,shopify,10,deny,manual,1225.00,,true,true,,,,,723540565319,https://cdn.shopify.com/s/files/1/0796/0703/8180/files/D_NQ_NP_2X_b8bcb89a-ab87-4be7-b1be-0a51dac5da85.webp?v=1772910318,1,"",false,Auriculares Manos Libres Time - Presentación Económica,"Auriculares manos libres Time en bolsa. Micrófono integrado, compatible con celulares. Buena relación precio-calidad.",,,,,,,,,,,,,,,,,3-5-mm,,,,,,,,,,,,,,,,,,,,,,,,,,blanco; negro,,,,,,,,cableado,,,,,,,,,,,,microfono-incorporado; control-del-volumen,,,,,,,,,,canal; auriculares,,,,,,,,,,,,,,,,,,incorporado,,,,,,,,,,,,,,,,,,,,,,,,,,,,,,,,,,,,,,,,,,,,,,,,,,,,,,,,https://cdn.shopify.com/s/files/1/0796/0703/8180/files/D_NQ_NP_2X_b8bcb89a-ab87-4be7-b1be-0a51dac5da85.webp?v=1772910318,g,,,active
auricular-manos-libres-time-presentacion-en-bolsa,,,,,,,,,negro,,,,,,,,AU-11016N,15.0,shopify,14,deny,manual,1225.00,,true,true,,,,,723540565319,,,,,,,,,,,,,,,,,,,,,,,,,,,,,,,,,,,,,,,,,,,,,,,,,,,,,,,,,,,,,,,,,,,,,,,,,,,,,,,,,,,,,,,,,,,,,,,,,,,,,,,,,,,,,,,,,,,,,,,,,,,,,,,,,,,,,,,,,,,,,,,,,,,,,,,,,https://cdn.shopify.com/s/files/1/0796/0703/8180/files/D_NQ_NP_2X_b8bcb89a-ab87-4be7-b1be-0a51dac5da85.webp?v=1772910318,g,,,
auricular-manos-libres-samsung-replica-muy-buena-calidad-en-caja,Auriculares Manos Libres Estilo Samsung - Buena Calidad en Caja,"<h2>Auriculares Manos Libres Estilo Samsung — Buena Calidad en Caja</h2><p>Diseño inspirado en Samsung con sonido claro y nítido. Estos auriculares intrauditivos con manos libres ofrecen una excelente relación calidad-precio, presentados en caja para una exhibición prolija en tu local o catálogo mayorista.</p><ul>
<li>
<strong>Sonido claro y nítido</strong> para música y llamadas</li>
<li>
<strong>Micrófono manos libres integrado</strong> para atender llamadas sin esfuerzo</li>
<li>
<strong>Botones de control</strong> para reproducir, pausar y cambiar canciones</li>
<li>
<strong>Conector jack 3.5mm</strong> compatible con celulares, tablets y reproductores</li>
<li>
<strong>Presentación en caja</strong> de calidad para reventa</li>
<li>SKU: S10 | Tipo: Intrauditivo con cable</li>
</ul><p>Ideal para mayoristas que buscan auriculares con buen diseño y alta rotación.</p>",SIN MARCA,Electronics > Audio > Audio Components > Headphones & Headsets > Headphones > In-Ear Headphones,Auriculares Intrauditivos,mayorista,true,Title,Default Title,,,,,,,,S10,50.0,shopify,14,deny,manual,2156.00,,true,true,,,,,6985451258108,https://cdn.shopify.com/s/files/1/0796/0703/8180/files/img_9866340ae8cc6053c31b6eae9a6f137f.png?v=1772897136,1,"",false,Auriculares Manos Libres Estilo Samsung en Caja — Buena Calidad,"Auriculares intrauditivos estilo Samsung con manos libres, controles y jack 3.5mm. Presentación en caja. Precio mayorista. SKU: S10.",,,,,,,,,,,,,,,,,3-5-mm,,,,,,,,,,,,,,,,,,,,,,,,,,negro,,,,,,,,cableado,,,,,,,,,,,,microfono-incorporado; control-del-volumen,,,,,,,,,,auriculares; canal,,,,,,,,,,,,,,,,,,incorporado,,,,,,,,,,,,,,,,,,,,,,,,,,,,,,,,,,,,,,,,,,,,,,,,,,,,,,,,,g,,,active
auricular-manos-libres-samsung-replica-muy-buena-calidad-en-caja,,,,,,,,,,,,,,,,,,,,,,,,,,,,,,,,https://cdn.shopify.com/s/files/1/0796/0703/8180/files/Auricular-Samsung-S10-AKG.jpg?v=1772897136,2,"",,,,,,,,,,,,,,,,,,,,,,,,,,,,,,,,,,,,,,,,,,,,,,,,,,,,,,,,,,,,,,,,,,,,,,,,,,,,,,,,,,,,,,,,,,,,,,,,,,,,,,,,,,,,,,,,,,,,,,,,,,,,,,,,,,,,,,,,,,,,,,,,,,,,,,,,,,
auricular-intrauditivo-time-manos-libres-en-caja-1236,Auriculares Intrauditivos Time con Manos Libres - En Caja,"<h2>Auriculares Intrauditivos Time con Manos Libres — En Caja</h2><p>Los auriculares Time AU-1236 combinan comodidad, funcionalidad y precio accesible en una presentación en caja ideal para reventa. Con micrófono integrado y control de música, son el accesorio cotidiano que todo usuario de smartphone necesita.</p><ul>
<li>
<strong>Micrófono manos libres</strong> para atender llamadas sin sacar el teléfono</li>
<li>
<strong>Botón multifunción</strong> para play/pause y cambio de canciones</li>
<li>
<strong>Diseño intrauditivo</strong> cómodo y discreto para uso diario</li>
<li>
<strong>Conector jack 3.5mm</strong> compatible con celulares, tablets y reproductores</li>
<li>
<strong>Presentación en caja</strong> de calidad, ideal para exhibición en local</li>
<li>SKU: AU-1236 | Marca: Time</li>
</ul><p>Ideal para mayoristas que buscan auriculares de alta rotación con presentación premium.</p>",TIME,Electronics > Audio > Audio Components > Headphones & Headsets > Headphones > In-Ear Headphones,Auriculares Intrauditivos,mayorista,true,Title,Default Title,,,,,,,,AU-1236,35.0,shopify,0,deny,manual,1347.50,,true,true,,,,,,https://cdn.shopify.com/s/files/1/0796/0703/8180/files/Diseno-sin-titulo-2023-12-26T112028..png?v=1772896918,1,"",false,Auriculares Intrauditivos Time con Manos Libres — En Caja,"Auriculares intrauditivos Time con manos libres, botón multifunción y jack 3.5mm. Presentación en caja. Precio mayorista. SKU: AU-1236.",,,,,,,,,,,,,,,,,3-5-mm,,,,,,,,,,,,,,,,,,,,,,,,,,geometrico,,,,,,,,cableado,,,,,,,,,,,,microfono-incorporado; control-del-volumen,,,,,,,,,,canal; auriculares,,,,,,,,,,,,,,,,,,incorporado,,,,,,,,,,,,,,,,,,,,,,,,,,,,,,,,,,,,,,,,,,,,,,,,,,,,,,,,,g,,,active
auricular-intrauditivo-time-con-manos-libres-906-presentacion-en-sobre,Auriculares In-Ear Time au-11007 con Manos Libres - Presentación Sobre,"<h2>Auriculares In-Ear Time AU-11007 con Manos Libres — Presentación Sobre</h2><p>La solución económica y práctica para escuchar música y atender llamadas en cualquier momento. Los auriculares Time AU-11007 son compactos, livianos y vienen en presentación sobre, ideales para reventa en kioscos, locales de electrónica y distribuidoras.</p><ul>
<li>
<strong>Diseño intrauditivo (in-ear)</strong> cómodo y seguro</li>
<li>
<strong>Micrófono manos libres</strong> con botón de control para atender llamadas</li>
<li>
<strong>Conector 3.5mm</strong> compatible con smartphones, tablets y reproductores</li>
<li>
<strong>Presentación en sobre</strong> práctica para exhibición y reventa</li>
<li>
<strong>Precio muy accesible</strong> para alta rotación mayorista</li>
<li>SKU: AU-11007 | Marca: Time</li>
</ul><p>Ideal para mayoristas que buscan auriculares de entrada con alta rotación y margen atractivo.</p>",TIME,Electronics > Audio > Audio Components > Headphones & Headsets > Headphones > In-Ear Headphones,Auriculares,mayorista,true,Title,Default Title,,,,,,,,AU-11007,10.0,shopify,20,deny,manual,1298.50,,true,true,,,,,723540565241,https://cdn.shopify.com/s/files/1/0796/0703/8180/files/AUR-906.jpg?v=1772567555,1,"",false,Auriculares In-Ear Time AU-11007 con Manos Libres — Presentación Sobre,Auriculares in-ear Time AU-11007 con manos libres y conector 3.5mm. Presentación en sobre. Precio mayorista accesible. SKU: AU-11007.,,,,,,,,,,,,,,,,,3-5-mm,,,,,,,,,,,,,,,,,,,,,,,,,,a-rayas; animal; colour,,,,,,,,cableado,,,,,,,,,,,,microfono-incorporado; control-del-volumen,,,,,,,,,,canal; auriculares,,,,,,,,,,,,,,,,,,incorporado,,,,,,,,,,,,,,,,,,,,,,,,,,,,,,,,,,,,,,,,,,,,,,,,,,,,,,,,,g,,,active
auricular-gamer-sy830mv-con-luces-color-blanco,Auriculares Gamer SY830MV con Luces LED - Blanco,"<h2>Auriculares Gamer SY830MV con Luces LED — Blanco</h2><p>El SY830MV combina estética gamer con funcionalidad a precio accesible. Su iluminación LED blanca y diseño over-ear lo hacen destacar en cualquier setup, mientras que su micrófono integrado garantiza comunicación clara durante cada partida.</p><ul>
<li>
<strong>Iluminación LED</strong> para un look gamer llamativo</li>
<li>
<strong>Micrófono integrado</strong> para comunicación fluida con tu equipo</li>
<li>
<strong>Sonido estéreo envolvente</strong> para una experiencia de audio inmersiva</li>
<li>
<strong>Diseño over-ear</strong> con almohadillas acolchadas para mayor comodidad</li>
<li><strong>Compatible con PC y consolas</strong></li>
<li>
<strong>Color:</strong> Blanco | SKU: SY830MV</li>
</ul><p>Ideal para mayoristas y distribuidores que buscan auriculares gamer con diseño atractivo a precio competitivo.</p>",SIN MARCA,Electronics > Audio > Audio Components > Headphones & Headsets > Headsets,Auriculares gamer,mayorista,true,Title,Default Title,,,,,,,,SY830MV,375.0,shopify,1,deny,manual,16200.00,,true,true,,,,,6780201379627,https://cdn.shopify.com/s/files/1/0796/0703/8180/files/61F2zIfPu3L.jpg?v=1772565785,1,"",false,Auriculares Gamer SY830MV LED Blanco con Micrófono — PC y Consolas,"Auriculares gamer SY830MV blancos con luces LED, micrófono integrado y sonido estéreo. Compatible con PC y consolas. Precio mayorista. SKU: SY830MV.",,,,,,,,,,,,,,,,,3-5-mm,,,,,,,,,,,,,,,,,,,,,,,,,,blanco,,,,,,,,cableado,,,,,,,,,,,,microfono-incorporado; control-del-volumen,,,,,,,,,,cerrado,,,,,,,,,,,,,,plastico,,,,brazo,,,,,,,,,,,,,,,,,,,,,,,,,,,,,,,,,,,,,,,,,,,,,,,,,,,,,,,,,g,,,active
auricular-gamer-noga-con-microfono-para-pc-y-consolas-8620,Auriculares Gamer Noga 8620 con Micrófono - PC y Consolas,"<h2>Auriculares Gamer Noga 8620 — Calidad Noga a Precio Accesible</h2><p>El Noga 8620 es la elección inteligente para gamers que buscan rendimiento confiable sin resignar comodidad. Diseño over-ear cómodo, micrófono ajustable y compatibilidad universal hacen del 8620 el aliado perfecto para largas sesiones de juego en cualquier plataforma.</p><ul>
<li>
<strong>Sonido estéreo envolvente</strong> para una experiencia de audio inmersiva</li>
<li>
<strong>Micrófono ajustable</strong> para comunicación clara con tu equipo</li>
<li><strong>Compatible con PC, PS4, PS5, Xbox y Nintendo Switch</strong></li>
<li>
<strong>Almohadillas acolchadas</strong> para mayor comodidad en sesiones largas</li>
<li>
<strong>Controles integrados en el cable</strong> para ajuste rápido</li>
<li>
<strong>Construcción duradera</strong> con diseño gamer</li>
<li>SKU: NG-8620 | Marca: Noga</li>
</ul><p>Ideal para mayoristas y distribuidores que buscan auriculares gamer de entrada con respaldo de marca.</p>",NOGA,Electronics > Audio > Audio Components > Headphones & Headsets > Headsets,Auriculares gamer,mayorista,true,Title,Default Title,,,,,,,,NG-8620,435.0,shopify,0,deny,manual,13539.96,,true,true,,,,,,https://cdn.shopify.com/s/files/1/0796/0703/8180/files/ng-8620-angulob1-8c9f1a3dd1c7b9232116285210505622-1024-1024.webp?v=1772565267,1,"",false,Auriculares Gamer Noga 8620 con Micrófono — PC y Consolas,"Auriculares gamer Noga 8620 con micrófono ajustable, sonido estéreo y compatibilidad universal. PC, PS4, PS5, Xbox y Switch. SKU: NG-8620.",,,,,,,,,,,,,,,,,3-5-mm,,,,,,,,,,,,,,,,,,,,,,,,,,negro,,,,,,,,cableado,,,,,,,,,,,,microfono-incorporado; control-del-volumen,,,,,,,,,,cerrado,,,,,,,,,,,,,,,,,,brazo,,,,,,,,,,,,,,,,,,,,,,,,,,,,,,,,,,,,,,,,,,,,,,,,,,,,,,,,,g,,,active
auricular-gamer-noga-con-microfono-para-pc-y-consolas-8620,,,,,,,,,,,,,,,,,,,,,,,,,,,,,,,,https://cdn.shopify.com/s/files/1/0796/0703/8180/files/ng-8620_pack_alta_2025-1260a6162652a2c93e17660714850649-640-0.webp?v=1772565267,2,"",,,,,,,,,,,,,,,,,,,,,,,,,,,,,,,,,,,,,,,,,,,,,,,,,,,,,,,,,,,,,,,,,,,,,,,,,,,,,,,,,,,,,,,,,,,,,,,,,,,,,,,,,,,,,,,,,,,,,,,,,,,,,,,,,,,,,,,,,,,,,,,,,,,,,,,,,,
auricular-gamer-noga-con-microfono-hydra-para-pc-y-consolas,Auriculares Gamer Noga Hydra con Micrófono - PC y Consolas,"<h2>Auriculares Gamer Noga Hydra — Audio Envolvente para Gaming Profesional</h2><p>El Noga Hydra es el auricular gamer diseñado para quienes no aceptan compromisos. Con sonido 7.1 virtual, micrófono profesional ajustable y compatibilidad con todas las plataformas, el Hydra te sumerge en cada partida con una claridad de audio que marca la diferencia.</p><ul>
<li>
<strong>Audio 7.1 virtual</strong> para sonido envolvente e inmersivo</li>
<li>
<strong>Micrófono profesional ajustable</strong> con alta captación de voz</li>
<li><strong>Compatible con PC, PS4, PS5, Xbox y Nintendo Switch</strong></li>
<li>
<strong>Almohadillas premium</strong> extra cómodas para largas sesiones de juego</li>
<li>
<strong>Controles integrados</strong> para ajuste rápido de volumen y micrófono</li>
<li>
<strong>Construcción robusta</strong> y duradera para uso intensivo</li>
<li>SKU: ST-HYDRA | Marca: Noga</li>
</ul><p>Ideal para mayoristas y distribuidores del rubro gaming y tecnología.</p>",NOGA,Electronics > Audio > Audio Components > Headphones & Headsets > Headsets,Auriculares gamer,mayorista,true,Title,Default Title,,,,,,,,ST-HYDRA,505.0,shopify,2,deny,manual,33600.00,,true,true,,,,,7798137714077,https://cdn.shopify.com/s/files/1/0796/0703/8180/files/st-hydra-angulo1-47828cbed523b0103116286071738305-1024-1024.webp?v=1772565054,1,"",false,Auriculares Gamer Noga Hydra con Micrófono 7.1 — PC y Consolas,"Auriculares gamer Noga Hydra con audio 7.1 virtual, micrófono profesional y compatibilidad universal. PC, PS4, PS5, Xbox y Switch. SKU: ST-HYDRA.",,,,,,,,,,,,,,,,,3-5-mm; usb,,,,,,,,,,,,,,,,,,,,,,,,,,geometrico,,,,,,,,cableado,,,,,,,,,,,,microfono-incorporado; audio-de-alta-fidelidad; control-del-volumen,,,,,,,,,,cerrado,,,,,,,,,,,,,,,,,,brazo,,,,,,,,,,,,,,,,,,,,,,,,,,,,,,,,,,,,,,,,,,,,,,,,,,,,,,,,,g,,,active
auricular-gamer-noga-con-microfono-hydra-para-pc-y-consolas,,,,,,,,,,,,,,,,,,,,,,,,,,,,,,,,https://cdn.shopify.com/s/files/1/0796/0703/8180/files/st-hydra-pack1-1ceb133dc0ab2d39b316286071738882-1024-1024.webp?v=1772565054,2,"",,,,,,,,,,,,,,,,,,,,,,,,,,,,,,,,,,,,,,,,,,,,,,,,,,,,,,,,,,,,,,,,,,,,,,,,,,,,,,,,,,,,,,,,,,,,,,,,,,,,,,,,,,,,,,,,,,,,,,,,,,,,,,,,,,,,,,,,,,,,,,,,,,,,,,,,,,
auricular-gamer-noga-con-microfono-grid-para-pc-y-consolas,Auriculares Gamer Noga Grid con Micrófono - PC y Consolas,"<h2>Auriculares Gamer Noga Grid — Sonido 7.1 Virtual para Gaming Profesional</h2><p>El modelo Grid de Noga es la opción premium para gamers que exigen lo mejor. Con audio envolvente 7.1 virtual, micrófono profesional ajustable y compatibilidad universal, el Noga Grid está diseñado para sesiones intensas donde cada detalle de sonido importa.</p><ul>
<li>
<strong>Audio 7.1 virtual</strong> para una experiencia de sonido envolvente e inmersiva</li>
<li>
<strong>Micrófono profesional ajustable</strong> con alta captación de voz</li>
<li><strong>Compatible con PC, PS4, PS5, Xbox y Nintendo Switch</strong></li>
<li>
<strong>Almohadillas premium</strong> extra cómodas para largas sesiones</li>
<li>
<strong>Controles integrados</strong> en el cable para ajuste rápido de volumen y micrófono</li>
<li>
<strong>Construcción robusta</strong> y duradera para uso intensivo</li>
<li>SKU: ST-GRID | Marca: Noga</li>
</ul><p>Ideal para mayoristas y distribuidores del rubro gaming y tecnología.</p>",NOGA,Electronics > Audio > Audio Components > Headphones & Headsets > Headsets,Auriculares gamer,mayorista,true,Title,Default Title,,,,,,,,ST-GRID,570.0,shopify,1,deny,manual,33600.00,,true,true,,,,,7798137714107,https://cdn.shopify.com/s/files/1/0796/0703/8180/files/st-grid-angulo1-cff293966ccd720bc716286067899952-1024-1024.webp?v=1772564769,1,"",false,Auriculares Gamer Noga Grid con Micrófono 7.1 — PC y Consolas,"Auriculares gamer Noga Grid con audio 7.1 virtual, micrófono profesional y compatibilidad universal. PC, PS4, PS5, Xbox y Switch. SKU: ST-GRID.",,,,,,,,,,,,,,,,,3-5-mm,,,,,,,,,,,,,,,,,,,,,,,,,,negro,,,,,,,,cableado,,,,,,,,,,,,microfono-incorporado; audio-de-alta-fidelidad; control-del-volumen,,,,,,,,,,cerrado,,,,,,,,,,,,,,,,,,brazo,,,,,,,,,,,,,,,,,,,,,,,,,,,,,,,,,,,,,,,,,,,,,,,,,,,,,,,,,g,,,active
auricular-gamer-noga-c-mic-led-trrs,"Auriculares Gamer Noga 705 Con Micrófono, Led Y Trrs","<h2>Auriculares Gamer Noga 705 — Sonido envolvente para gaming competitivo</h2><p>Los auriculares Noga 705 están diseñados para gamers que buscan rendimiento y comodidad en largas sesiones de juego. Con micrófono integrado, iluminación LED y conector TRRS, son compatibles con PC, consolas y dispositivos móviles.</p><ul>
<li>
<strong>Micrófono integrado</strong> con cancelación de ruido para comunicación clara</li>
<li>
<strong>Iluminación LED</strong> para una estética gamer</li>
<li>
<strong>Conector TRRS</strong> compatible con PC, PS4, Xbox y smartphones</li>
<li>
<strong>Diadema ajustable</strong> con almohadillas acolchadas para mayor comodidad</li>
<li>
<strong>Driver de alta fidelidad</strong> para audio envolvente</li>
<li>SKU: ST-705</li>
</ul><p>Ideal para mayoristas y revendedores del rubro tecnología y gaming.</p>",NOGA,Electronics > Audio > Audio Components > Headphones & Headsets > Headsets,Auriculares gamer,mayorista,true,Title,Default Title,,,,,,,,ST-705,430.0,shopify,2,deny,manual,25280.00,,true,true,,,,,7798137726117,https://cdn.shopify.com/s/files/1/0796/0703/8180/files/st-705-angulo-09d92828ebbde9c08a17508815700765-1024-1024.webp?v=1772564026,1,"",false,Auriculares Gamer Noga 705 con Micrófono y LED — Mayorista,"Auriculares gamer Noga 705 con micrófono, LED y conector TRRS. Compatible con PC, PS4 y smartphones. Precio mayorista disponible. SKU: ST-705.",,,,,,,,,,,,,,,,,3-5-mm,,,,,,,,,,,,,,,,,,,,,,,,,,multicolor; gris,,,,,,,,cableado,,,,,,3-5-mm,,,,,,microfono-incorporado; control-del-volumen; audio-de-alta-fidelidad,,,,,,,,,,cerrado,,,,,,,,,,,rgb,,,plastico; sintetico,,,,brazo,,,,,,,,,,,,,,,,,,,,,,,,,,,,,,,,,,,,,,,,,,,,,,,,,,,,,,,,,g,,,active
auricular-gamer-noga-c-mic-led-trrs,,,,,,,,,,,,,,,,,,,,,,,,,,,,,,,,https://cdn.shopify.com/s/files/1/0796/0703/8180/files/st-705-pack-696ba0d283615254d417508815825091-1024-1024.webp?v=1772564026,2,"",,,,,,,,,,,,,,,,,,,,,,,,,,,,,,,,,,,,,,,,,,,,,,,,,,,,,,,,,,,,,,,,,,,,,,,,,,,,,,,,,,,,,,,,,,,,,,,,,,,,,,,,,,,,,,,,,,,,,,,,,,,,,,,,,,,,,,,,,,,,,,,,,,,,,,,,,,
auricular-gamer-noga-c-mic-led-trrs,,,,,,,,,,,,,,,,,,,,,,,,,,,,,,,,https://cdn.shopify.com/s/files/1/0796/0703/8180/files/st-705-frente-c666da975a3a64a31e17508815770350-1024-1024.webp?v=1772564005,3,"",,,,,,,,,,,,,,,,,,,,,,,,,,,,,,,,,,,,,,,,,,,,,,,,,,,,,,,,,,,,,,,,,,,,,,,,,,,,,,,,,,,,,,,,,,,,,,,,,,,,,,,,,,,,,,,,,,,,,,,,,,,,,,,,,,,,,,,,,,,,,,,,,,,,,,,,,,
auricular-gamer-jedel-con-microfono-rigido-cable-1-7mt,Auriculares Gamer Jedel con Micrófono Rígido Cable 1.7m,"<p><strong>Micrófono rígido ajustable para mejor comunicación</strong></p><p>Estos auriculares gamer Jedel incluyen micrófono rígido ajustable y cable de 1.7 metros. Diseño over-ear profesional, sonido envolvente y micrófono de brazo flexible para posicionamiento perfecto. Ideales para gaming competitivo.</p><p><strong>Características principales:</strong></p><ul>
<li>Diseño gamer over-ear</li>
<li>Micrófono rígido ajustable</li>
<li>Cable de 1.7 metros</li>
<li>Sonido estéreo envolvente</li>
<li>Almohadillas acolchadas premium</li>
<li>Controles en cable</li>
<li>Marca: Jedel</li>
</ul><p><strong>Beneficios:</strong></p><ul>
<li>Micrófono ajustable para mejor audio</li>
<li>Comodidad para sesiones largas</li>
<li>Comunicación clara con tu equipo</li>
<li>Cable más largo para mayor libertad</li>
<li>Ideal para gaming competitivo</li>
</ul><p><strong>Especificaciones:</strong></p><ul>
<li>Tipo: Over-ear con cable</li>
<li>Micrófono: Rígido ajustable</li>
<li>Longitud cable: 1.7 metros</li>
<li>Uso: Gaming profesional</li>
<li>Marca: Jedel</li>
</ul><p>Comunicación perfecta en tus partidas. Calidad gamer a buen precio.</p>",JEDEL,Electronics > Audio > Audio Components > Headphones & Headsets > Headsets,Auriculares gamer,mayorista,false,Title,Default Title,,,,,,,,JD-810,225.0,shopify,15,deny,manual,7224.96,,true,true,,,,,6933048501465,https://cdn.shopify.com/s/files/1/0796/0703/8180/files/55917_6_-1000x1000.jpg?v=1772563512,1,"",false,Auriculares Gamer Jedel Micrófono Rígido 1.7m | Parquelectro,Auriculares gamer Jedel con micrófono rígido ajustable. Cable 1.7m. Over-ear cómodos. Ideal para gaming. ¡Comprá ahora!,,,,,,,,,,,,,,,,,3-5-mm,,,,,,,,,,,,,,,,,,,,,,,,,,negro,,,,,,,,cableado,,,,,,,,,,,,microfono-incorporado; control-del-volumen,,,,,,,,,,cerrado,,,,,,,,,,,,,,,,,,brazo,,,,,,,,,,,,,,,,,,,,,,,,,,,,,,,,,,,,,,,,,,,,,,,,,,,,,,,,,g,,,draft
auricular-gamer-jedel-con-microfono-rigido-cable-1-7mt,,,,,,,,,,,,,,,,,,,,,,,,,,,,,,,,https://cdn.shopify.com/s/files/1/0796/0703/8180/files/jepes_jd810_ultra_nitida.png?v=1772563512,2,"",,,,,,,,,,,,,,,,,,,,,,,,,,,,,,,,,,,,,,,,,,,,,,,,,,,,,,,,,,,,,,,,,,,,,,,,,,,,,,,,,,,,,,,,,,,,,,,,,,,,,,,,,,,,,,,,,,,,,,,,,,,,,,,,,,,,,,,,,,,,,,,,,,,,,,,,,,
auricular-gamer-jedel-con-microfono-rigido-cable-1-7mt,,,,,,,,,,,,,,,,,,,,,,,,,,,,,,,,https://cdn.shopify.com/s/files/1/0796/0703/8180/files/JD-808-packing_384f91a0-ccb1-4900-9e88-10de011fec34.jpg?v=1772563512,3,"",,,,,,,,,,,,,,,,,,,,,,,,,,,,,,,,,,,,,,,,,,,,,,,,,,,,,,,,,,,,,,,,,,,,,,,,,,,,,,,,,,,,,,,,,,,,,,,,,,,,,,,,,,,,,,,,,,,,,,,,,,,,,,,,,,,,,,,,,,,,,,,,,,,,,,,,,,
auricular-gamer-jedel-con-microfono-en-cable-1-5mt,Auriculares Gamer Jedel con Micrófono en Cable 1.5m,"<p><strong>Gaming económico con calidad Jedel</strong></p><p>Estos auriculares gamer Jedel incluyen micrófono integrado en el cable de 1.5 metros. Diseño over-ear cómodo, sonido envolvente y micrófono para comunicarte con tu equipo. Perfectos para gaming casual y uso diario.</p><p><strong>Características principales:</strong></p><ul>
<li>Diseño gamer over-ear</li>
<li>Micrófono en cable</li>
<li>Cable de 1.5 metros</li>
<li>Sonido estéreo envolvente</li>
<li>Almohadillas acolchadas</li>
<li>Controles en cable</li>
<li>Marca: Jedel</li>
</ul><p><strong>Beneficios:</strong></p><ul>
<li>Comodidad para sesiones largas</li>
<li>Comunicate con tu equipo</li>
<li>Sonido claro para gaming</li>
<li>Cable de longitud ideal</li>
<li>Precio accesible</li>
</ul><p><strong>Especificaciones:</strong></p><ul>
<li>Tipo: Over-ear con cable</li>
<li>Micrófono: En cable</li>
<li>Longitud cable: 1.5 metros</li>
<li>Uso: Gaming y multimedia</li>
<li>Marca: Jedel</li>
</ul><p>Gaming accesible sin sacrificar calidad. Ideal para empezar.</p>",JEDEL,Electronics > Audio > Audio Components > Headphones & Headsets > Headsets,Auriculares gamer,mayorista,true,Title,Default Title,,,,,,,,JD-808,180.0,shopify,0,deny,manual,5920.83,,true,true,,,,,6933048501151,https://cdn.shopify.com/s/files/1/0796/0703/8180/files/JD-808-avatar.jpg?v=1772562679,1,"",false,Auriculares Gamer Jedel Micrófono Cable 1.5m | Parquelectro,Auriculares gamer Jedel con micrófono en cable 1.5m. Over-ear cómodos. Ideal para gaming. Precio accesible. ¡Comprá ahora!,,,,,,,,,,,,,,,,,3-5-mm,,,,,,,,,,,,,,,,,,,,,,,,,,negro,,,,,,,,cableado,,,,,,3-5-mm,,,,,,microfono-incorporado; control-del-volumen,,,,,,,,,,auriculares; cerrado,,,,,,,,,,,,,,plastico,,,,incorporado; brazo,,,,,,,,,,,,,,,,,,,,,,,,,,,,,,,,,,,,,,,,,,,,,,,,,,,,,,,,,g,,,active
auricular-gamer-jedel-con-microfono-en-cable-1-5mt,,,,,,,,,,,,,,,,,,,,,,,,,,,,,,,,https://cdn.shopify.com/s/files/1/0796/0703/8180/files/JD-808-packing.jpg?v=1772562679,2,"",,,,,,,,,,,,,,,,,,,,,,,,,,,,,,,,,,,,,,,,,,,,,,,,,,,,,,,,,,,,,,,,,,,,,,,,,,,,,,,,,,,,,,,,,,,,,,,,,,,,,,,,,,,,,,,,,,,,,,,,,,,,,,,,,,,,,,,,,,,,,,,,,,,,,,,,,,
auricular-gamer-jedel-con-microfono-en-cable-1-5mt,,,,,,,,,,,,,,,,,,,,,,,,,,,,,,,,https://cdn.shopify.com/s/files/1/0796/0703/8180/files/28addb41631327ae43f232317e440cb8.jpg_720x720q80.jpg?v=1772562679,3,"",,,,,,,,,,,,,,,,,,,,,,,,,,,,,,,,,,,,,,,,,,,,,,,,,,,,,,,,,,,,,,,,,,,,,,,,,,,,,,,,,,,,,,,,,,,,,,,,,,,,,,,,,,,,,,,,,,,,,,,,,,,,,,,,,,,,,,,,,,,,,,,,,,,,,,,,,,
auricular-buds-3-lite-replica-xiaomi,Auriculares Buds 3 Lite Estilo Xiaomi - TWS Inalámbricos,"<p><strong>Estilo Xiaomi a precio accesible</strong></p><p>Estos auriculares TWS estilo Xiaomi Buds 3 Lite ofrecen diseño moderno y funcionalidad inalámbrica a un precio accesible. Completamente inalámbricos con base de carga, ideales para uso diario.</p><p><strong>Características principales:</strong></p><ul>
<li>TWS - Completamente inalámbricos</li>
<li>Diseño estilo Xiaomi Buds 3 Lite</li>
<li>Bluetooth de última generación</li>
<li>Base de carga incluida</li>
<li>Sonido estéreo de calidad</li>
<li>Micrófono integrado</li>
<li>Batería de larga duración</li>
</ul><p><strong>Beneficios:</strong></p><ul>
<li>Diseño moderno y elegante</li>
<li>Total libertad sin cables</li>
<li>Perfecto para música y llamadas</li>
<li>Fácil de transportar</li>
<li>Precio accesible</li>
</ul><p><strong>Especificaciones:</strong></p><ul>
<li>Tipo: TWS inalámbricos</li>
<li>Estilo: Xiaomi Buds 3 Lite</li>
<li>Conectividad: Bluetooth</li>
<li>Incluye: Base de carga</li>
</ul><p>Estilo premium a precio accesible. Tecnología inalámbrica para todos.</p>",GENERICO,Electronics > Audio > Audio Components > Headphones & Headsets > Headphones > In-Ear Headphones,Auriculares,mayorista,true,Title,Default Title,,,,,,,,BUDS 3 LITE,80.0,shopify,50,deny,manual,10725.00,,true,true,,,,,6934177757037,https://cdn.shopify.com/s/files/1/0796/0703/8180/files/buds-3-lite.jpg?v=1772562520,1,"",false,Auriculares Buds 3 Lite Estilo Xiaomi TWS Inalámbricos | Parquelectro,Auriculares TWS estilo Xiaomi Buds 3 Lite. Inalámbricos con base de carga. Diseño moderno. Precio accesible. ¡Comprá ahora!,,,,,,,,,,,,,,,,,bluetooth,,,,,,,,,,,,,,,,,,,,,,,,,,negro,,,,,,,,bluetooth; inalambrico,,,,,,,,,,,,microfono-incorporado; audio-de-alta-fidelidad,,,,,,,,,,auriculares,,,,,,,,,,,,,,,,,,incorporado,,,,,,,,,,,,,,,,,,,,,,,,,,,,,,,,,,,,,,,,,,,,,,,,,,,,,,,,,g,,,active
auricular-buds-3-lite-replica-xiaomi,,,,,,,,,,,,,,,,,,,,,,,,,,,,,,,,https://cdn.shopify.com/s/files/1/0796/0703/8180/files/D_Q_NP_2X_613895-MLA96123634641_102025-T.webp?v=1772562520,2,"",,,,,,,,,,,,,,,,,,,,,,,,,,,,,,,,,,,,,,,,,,,,,,,,,,,,,,,,,,,,,,,,,,,,,,,,,,,,,,,,,,,,,,,,,,,,,,,,,,,,,,,,,,,,,,,,,,,,,,,,,,,,,,,,,,,,,,,,,,,,,,,,,,,,,,,,,,
auricular-bluettoth-noga-twins-60s-deportivo-lila-con-display-en-la-base-de-carga,Auriculares Bluetooth Noga Twins 60S Deportivos TWS con Display - Lila,"<p><strong>Versión mejorada con display LED</strong></p><p>Los auriculares Bluetooth Noga Twins 60S en color lila son la versión premium de la línea deportiva. Incluyen display LED en la base de carga que muestra el nivel de batería. Diseño TWS completamente inalámbrico, resistentes al sudor y con ajuste seguro.</p><p><strong>Características principales:</strong></p><ul>
<li>TWS - Completamente inalámbricos</li>
<li>Display LED en base de carga</li>
<li>Diseño deportivo ergonómico</li>
<li>Resistentes al sudor</li>
<li>Ajuste seguro para deportes</li>
<li>Sonido estéreo de calidad superior</li>
<li>Batería de larga duración</li>
<li>Color: Lila moderno</li>
<li>Marca: Noga</li>
</ul><p><strong>Beneficios:</strong></p><ul>
<li>Visualizá el nivel de batería en el display</li>
<li>Libertad total sin cables</li>
<li>No se caen durante el ejercicio</li>
<li>Resistentes al sudor y humedad</li>
<li>Perfectos para running, gym y deportes</li>
<li>Garantía Noga</li>
</ul><p><strong>Especificaciones:</strong></p><ul>
<li>Modelo: Twins 60S (con display)</li>
<li>Tipo: TWS deportivos premium</li>
<li>Conectividad: Bluetooth</li>
<li>Color: Lila</li>
<li>Marca: Noga</li>
</ul><p>Versión premium para deportistas exigentes. Tecnología y estilo Noga.</p>",NOGA,Electronics > Audio > Audio Components > Headphones & Headsets > Headphones > In-Ear Headphones,Auriculares,mayorista,true,Title,Default Title,,,,,,,,NG-BTWINS 60SL,120.0,shopify,1,deny,manual,25200.00,,true,true,,,,,7798137727138,https://cdn.shopify.com/s/files/1/0796/0703/8180/files/ng-btwins-60s-vl-pack-e848a093982e7f8a2717653802317904-1024-1024.webp?v=1772561459,1,"",false,Auriculares Bluetooth Noga Twins 60S TWS Display Lila | Parquelectro,Auriculares Bluetooth Noga Twins 60S deportivos TWS con display LED. Color lila. Resistentes al sudor. ¡Comprá ahora!,,,,,,,,,,,,,,,,,bluetooth,,,,,,,,,,,,,,,,,,,,,,,,,,lila,,,,,,,,bluetooth; inalambrico,,,,,,bluetooth,,,,,,impermeable; microfono-incorporado; audio-de-alta-fidelidad; control-del-volumen,,,,,,,,,,gancho-para-la-oreja; auriculares,,,,,,,,,,,,,,silicona; plastico,,,,incorporado,,,,,,,,,,,,,,,,,recargable; funciona-con-baterias; usb,,,,,,,,,,,,,,,,,,,,,,,,,,,,,,,,,,,,,,,,g,,,active
auricular-bluettoth-noga-twins-60s-deportivo-lila-con-display-en-la-base-de-carga,,,,,,,,,,,,,,,,,,,,,,,,,,,,,,,,https://cdn.shopify.com/s/files/1/0796/0703/8180/files/ng-btwins-60s-vl-carg-cb859df47de534a6c617649638621850-1024-1024.webp?v=1772561459,2,"",,,,,,,,,,,,,,,,,,,,,,,,,,,,,,,,,,,,,,,,,,,,,,,,,,,,,,,,,,,,,,,,,,,,,,,,,,,,,,,,,,,,,,,,,,,,,,,,,,,,,,,,,,,,,,,,,,,,,,,,,,,,,,,,,,,,,,,,,,,,,,,,,,,,,,,,,,
auricular-bluettoth-noga-twins-60s-deportivo-lila-con-display-en-la-base-de-carga,,,,,,,,,,,,,,,,,,,,,,,,,,,,,,,,https://cdn.shopify.com/s/files/1/0796/0703/8180/files/ng-btwins-60s-vl-auris-28d8db434676c3d65417649638541558-1024-1024.webp?v=1772561459,3,"",,,,,,,,,,,,,,,,,,,,,,,,,,,,,,,,,,,,,,,,,,,,,,,,,,,,,,,,,,,,,,,,,,,,,,,,,,,,,,,,,,,,,,,,,,,,,,,,,,,,,,,,,,,,,,,,,,,,,,,,,,,,,,,,,,,,,,,,,,,,,,,,,,,,,,,,,,
auricular-bluetooth-popit-con-orejas,Auriculares Bluetooth Pop It con Orejas de Gato - Antiestrés,"<p><strong>Auriculares con función antiestrés Pop It</strong></p><p>Estos auriculares Bluetooth combinan tecnología de audio con la tendencia Pop It antiestrés. Incluyen orejas de gato decorativas y burbujas Pop It en los auriculares para aliviar el estrés mientras escuchás música. Perfectos para niños y adolescentes.</p><p><strong>Características principales:</strong></p><ul>
<li>Bluetooth inalámbrico</li>
<li>Diseño con orejas de gato</li>
<li>Burbujas Pop It antiestrés integradas</li>
<li>Sonido estéreo de calidad</li>
<li>Micrófono integrado</li>
<li>Batería recargable</li>
<li>Marca: Time</li>
</ul><p><strong>Beneficios:</strong></p><ul>
<li>Doble función: música y antiestrés</li>
<li>Estilo único y divertido</li>
<li>Ayuda a reducir ansiedad</li>
<li>Ideal para niños y adolescentes</li>
<li>Perfecto como regalo</li>
</ul><p><strong>Especificaciones:</strong></p><ul>
<li>Conectividad: Bluetooth</li>
<li>Diseño: Orejas de gato con Pop It</li>
<li>Función: Antiestrés</li>
<li>Marca: Time</li>
</ul><p>Música y relajación en un solo producto. Diversión garantizada.</p>",TIME,Electronics > Audio > Audio Components > Headphones & Headsets > Headphones > DJ Headphones,Auriculares,mayorista,true,Title,Default Title,,,,,,,,AR-1370,265.0,shopify,1,deny,manual,13308.40,,true,true,,,,,723540565920,https://cdn.shopify.com/s/files/1/0796/0703/8180/files/pop-it-auri2.jpg?v=1772560468,1,"",false,Auriculares Bluetooth Pop It Orejas Gato Antiestrés | Parquelectro,Auriculares Bluetooth Pop It con orejas de gato. Función antiestrés. Ideal para niños y adolescentes. ¡Comprá ahora!,,,,,,,,,,,,,,,,,bluetooth; 3-5-mm,,,,,,,,,,,,,,,,,,,,,,,,,,rosa; a-rayas,,,,,,,,bluetooth; cableado; inalambrico,,,,,,3-5-mm,,,,,,audio-de-alta-fidelidad; microfono-incorporado; control-del-volumen,,,,,,,,,,auriculares; cerrado,,,,,,,,,,,,,,plastico,,,,incorporado,,,,,,,,,,,,,,,,,usb,,,,,,,,,,,,,,,,,,,,,,,,,,,,,,,,,,,,,,,,g,,,active
auricular-bluetooth-manos-libres-con-fm-y-lector-de-memorias-micro-sd,"Auriculares Bluetooth 3 en 1 - Manos Libres, Radio FM y Lector MicroSD","<p><strong>Múltiples funciones en un solo auricular</strong></p><p>Estos auriculares Bluetooth 3 en 1 te ofrecen más que solo música inalámbrica. Incluyen radio FM y lector de tarjetas MicroSD para que disfrutes tu contenido favorito de múltiples formas. Perfectos para uso diario y viajes.</p><p><strong>Características principales:</strong></p><ul>
<li>Bluetooth para música inalámbrica</li>
<li>Radio FM integrada</li>
<li>Lector de tarjetas MicroSD</li>
<li>Manos libres con micrófono</li>
<li>Batería recargable</li>
<li>Controles integrados</li>
</ul><p><strong>Beneficios:</strong></p><ul>
<li>3 formas de escuchar música (Bluetooth, FM, MicroSD)</li>
<li>Atendé llamadas sin usar las manos</li>
<li>Escuchá radio sin internet</li>
<li>Reproducí tu música desde tarjeta SD</li>
<li>Ideal para viajes largos</li>
</ul><p><strong>Especificaciones:</strong></p><ul>
<li>Conectividad: Bluetooth</li>
<li>Radio: FM integrada</li>
<li>Lector: MicroSD</li>
<li>Función: Manos libres</li>
</ul><p>Versatilidad total en tus oídos. Música como vos quieras, donde quieras.</p>",SIN MARCA,Electronics > Audio > Audio Components > Headphones & Headsets > Headphones > Over-Ear Headphones,Auriculares,mayorista,true,Color,azul,product.metafields.shopify.color-pattern,,,,,,,P47,0.0,shopify,1,deny,manual,5282.20,,true,true,,,,,4567613131454,https://cdn.shopify.com/s/files/1/0796/0703/8180/files/blanco-31-ed50532d917af0cdb016038932446808-1024-10241-e6ec54bb3b85de797516216908044233-1024-1024.webp?v=1775070766,1,"",false,Auriculares Bluetooth 3 en 1 FM MicroSD Manos Libres | Parquelectro,Auriculares Bluetooth 3 en 1 con radio FM y lector MicroSD. Manos libres. Múltiples funciones. ¡Comprá en Parquelectro!,,,,,,,,,,,,,,,,,bluetooth,,,,,,,,,,,,,,,,,,,,,,,,,,azul; blanco,,,,,,,,bluetooth; radio,,,,,,,,,,,,microfono-incorporado; control-del-volumen,,,,,,,,,,cerrado,,,,,,,,,,,,,,,,,,incorporado,,,,,,,,,,,,,,,,,,,,,,,,,,,,,,,,,,,,,,,,,,,,,,,,,,,,,,,,https://cdn.shopify.com/s/files/1/0796/0703/8180/files/1073-producto-1-4200.jpg?v=1775070766,kg,,,active
auricular-bluetooth-manos-libres-con-fm-y-lector-de-memorias-micro-sd,,,,,,,,,blanco,,,,,,,,P47,0.0,shopify,1,deny,manual,5282.20,,true,true,,,,,6202505292018,https://cdn.shopify.com/s/files/1/0796/0703/8180/files/1073-producto-1-4200.jpg?v=1775070766,2,"",,,,,,,,,,,,,,,,,,,,,,,,,,,,,,,,,,,,,,,,,,,,,,,,,,,,,,,,,,,,,,,,,,,,,,,,,,,,,,,,,,,,,,,,,,,,,,,,,,,,,,,,,,,,,,,,,,,,,,,,,,,,,,,,,,,,,,,,,,,,,,,,,,,,,,https://cdn.shopify.com/s/files/1/0796/0703/8180/files/blanco-31-ed50532d917af0cdb016038932446808-1024-10241-e6ec54bb3b85de797516216908044233-1024-1024.webp?v=1775070766,kg,,,
auricular-bluetooth-manos-libres-con-fm-y-lector-de-memorias-micro-sd,,,,,,,,,,,,,,,,,,,,,,,,,,,,,,,,https://cdn.shopify.com/s/files/1/0796/0703/8180/files/1000018770-7a31ac6fefdd4d421117279912862164-1024-1024.webp?v=1775070766,3,"",,,,,,,,,,,,,,,,,,,,,,,,,,,,,,,,,,,,,,,,,,,,,,,,,,,,,,,,,,,,,,,,,,,,,,,,,,,,,,,,,,,,,,,,,,,,,,,,,,,,,,,,,,,,,,,,,,,,,,,,,,,,,,,,,,,,,,,,,,,,,,,,,,,,,,,,,,
auricular-bluetooth-con-orejas-y-luz-suono-varios-colores,Auriculares Bluetooth Suono con Orejas de Gato y Luces LED - Varios Colores,"<p><strong>Estilo único con iluminación LED</strong></p><p>Estos auriculares Bluetooth Suono con diseño de orejas de gato y luces LED son perfectos para quienes buscan estilo y funcionalidad. Disponibles en varios colores, ideales para niños, adolescentes y amantes del estilo kawaii.</p><p><strong>Características principales:</strong></p><ul>
<li>Diseño con orejas de gato</li>
<li>Luces LED de colores</li>
<li>Bluetooth inalámbrico</li>
<li>Sonido estéreo de calidad</li>
<li>Micrófono integrado</li>
<li>Batería recargable</li>
<li>Disponible en varios colores</li>
</ul><p><strong>Beneficios:</strong></p><ul>
<li>Estilo único y llamativo</li>
<li>Luces LED personalizables</li>
<li>Cómodos para uso prolongado</li>
<li>Perfectos para fotos y redes sociales</li>
<li>Ideal como regalo</li>
</ul><p><strong>Especificaciones:</strong></p><ul>
<li>Conectividad: Bluetooth</li>
<li>Diseño: Orejas de gato con luces LED</li>
<li>Marca: Suono</li>
<li>Colores: Varios disponibles</li>
</ul><p>Expresá tu personalidad con estilo. Auriculares que combinan moda y tecnología.</p>",SUONO,Electronics > Audio > Audio Components > Headphones & Headsets > Headphones > In-Ear Headphones,Auriculares,mayorista,true,Title,Default Title,,,,,,,,P47M,180.0,shopify,3,deny,manual,9555.00,,true,true,,,,,,https://cdn.shopify.com/s/files/1/0796/0703/8180/files/Auriculares-inalambricos-Bluetooth-para-juegos-con-orejas-de-gato-con-emision-de-luz-LED-P47M-rosa-TBD0604321301C.jpg?v=1775071328,1,"",false,Auriculares Bluetooth Orejas Gato Luces LED Suono | Parquelectro,Auriculares Bluetooth Suono con orejas de gato y luces LED. Varios colores. Estilo kawaii. Ideal para niños y adolescentes. ¡Comprá ahora!,,,,,,,,,,,,,,,,,bluetooth,,,,,,,,,,,,,,,,,,,,,,,,,,a-rayas; rosa,,,,,,,,bluetooth; inalambrico,,,,,,,,,,,,microfono-incorporado; control-del-volumen,,,,,,,,,,auriculares; cerrado,,,,,,,,,,,,,,,,,,incorporado,,,,,,,,,,,,,,,,,,,,,,,,,,,,,,,,,,,,,,,,,,,,,,,,,,,,,,,,,g,,,active
auricular-bluetooth-con-orejas-y-luz-suono-varios-colores,,,,,,,,,,,,,,,,,,,,,,,,,,,,,,,,https://cdn.shopify.com/s/files/1/0796/0703/8180/files/14-e7a6d2fc419492276817060209935127-1024-1024.webp?v=1775071327,2,"",,,,,,,,,,,,,,,,,,,,,,,,,,,,,,,,,,,,,,,,,,,,,,,,,,,,,,,,,,,,,,,,,,,,,,,,,,,,,,,,,,,,,,,,,,,,,,,,,,,,,,,,,,,,,,,,,,,,,,,,,,,,,,,,,,,,,,,,,,,,,,,,,,,,,,,,,,
auricular-bluetooth-con-orejas-y-luz-suono-varios-colores,,,,,,,,,,,,,,,,,,,,,,,,,,,,,,,,https://cdn.shopify.com/s/files/1/0796/0703/8180/files/auricular_p47_gatito_colores.jpg?v=1775071327,3,"",,,,,,,,,,,,,,,,,,,,,,,,,,,,,,,,,,,,,,,,,,,,,,,,,,,,,,,,,,,,,,,,,,,,,,,,,,,,,,,,,,,,,,,,,,,,,,,,,,,,,,,,,,,,,,,,,,,,,,,,,,,,,,,,,,,,,,,,,,,,,,,,,,,,,,,,,,
auricular-bluetooth-con-base-de-carga-imantada-con-pantalla-display-de-carga,Auriculares Bluetooth TWS con Base de Carga Magnética y Display LED,"<p><strong>Audio inalámbrico con tecnología de última generación</strong></p><p>Estos auriculares Bluetooth TWS (True Wireless Stereo) incluyen base de carga magnética con pantalla LED que muestra el nivel de batería. Diseño moderno, sonido de calidad y carga rápida para tu día a día.</p><p><strong>Características principales:</strong></p><ul>
<li>Auriculares TWS completamente inalámbricos</li>
<li>Base de carga magnética</li>
<li>Display LED con nivel de batería</li>
<li>Bluetooth de última generación</li>
<li>Sonido estéreo de alta calidad</li>
<li>Micrófono integrado para llamadas</li>
</ul><p><strong>Beneficios:</strong></p><ul>
<li>Total libertad sin cables</li>
<li>Carga magnética fácil y rápida</li>
<li>Visualizá el nivel de batería en el display</li>
<li>Ideal para música, llamadas y deportes</li>
<li>Batería de larga duración</li>
</ul><p><strong>Especificaciones:</strong></p><ul>
<li>Tipo: TWS (True Wireless Stereo)</li>
<li>Conectividad: Bluetooth</li>
<li>Base: Carga magnética con display LED</li>
<li>Incluye: Auriculares, base de carga, cable USB</li>
</ul><p>Tecnología y comodidad en tus oídos. Experiencia de audio premium.</p>",SIN MARCA,Electronics > Audio > Audio Components > Headphones & Headsets > Headphones > In-Ear Headphones,Auriculares,mayorista,true,Title,Default Title,,,,,,,,JK-610,135.0,shopify,3,deny,manual,14519.97,,true,true,,,,,,https://cdn.shopify.com/s/files/1/0796/0703/8180/files/WhatsAppImage2026-04-01at16.30.24.jpg?v=1775073371,1,"",false,Auriculares Bluetooth TWS Base Magnética Display LED | Parquelectro,"Auriculares Bluetooth TWS con base de carga magnética y display LED. Sonido estéreo, inalámbricos. ¡Comprá en Parquelectro!",,,,,,,,,,,,,,,,,bluetooth,,,,,,,,,,,,,,,,,,,,,,,,,,blanco,,,,,,,,bluetooth; inalambrico,,,,,,,,,,,,microfono-incorporado; audio-de-alta-fidelidad; control-del-volumen,,,,,,,,,,auriculares; canal,,,,,,,,,,,,,,,,,,incorporado,,,,,,,,,,,,,,,,,,,,,,,,,,,,,,,,,,,,,,,,,,,,,,,,,,,,,,,,,g,,,active
auricular-bluetooth-con-base-de-carga-imantada-con-pantalla-display-de-carga,,,,,,,,,,,,,,,,,,,,,,,,,,,,,,,,https://cdn.shopify.com/s/files/1/0796/0703/8180/files/WhatsAppImage2026-04-01at16.30.23.jpg?v=1775073371,2,"",,,,,,,,,,,,,,,,,,,,,,,,,,,,,,,,,,,,,,,,,,,,,,,,,,,,,,,,,,,,,,,,,,,,,,,,,,,,,,,,,,,,,,,,,,,,,,,,,,,,,,,,,,,,,,,,,,,,,,,,,,,,,,,,,,,,,,,,,,,,,,,,,,,,,,,,,,
auricular-bluetooth-con-base-de-carga-imantada-con-pantalla-display-de-carga,,,,,,,,,,,,,,,,,,,,,,,,,,,,,,,,https://cdn.shopify.com/s/files/1/0796/0703/8180/files/WhatsAppImage2026-04-01at16.30.20.jpg?v=1775073371,3,"",,,,,,,,,,,,,,,,,,,,,,,,,,,,,,,,,,,,,,,,,,,,,,,,,,,,,,,,,,,,,,,,,,,,,,,,,,,,,,,,,,,,,,,,,,,,,,,,,,,,,,,,,,,,,,,,,,,,,,,,,,,,,,,,,,,,,,,,,,,,,,,,,,,,,,,,,,
auricular-bluetooth-con-base-de-carga-imantada-con-pantalla-display-de-carga,,,,,,,,,,,,,,,,,,,,,,,,,,,,,,,,https://cdn.shopify.com/s/files/1/0796/0703/8180/files/WhatsApp_Image_2026-04-01_at_16.30.24_2.jpg?v=1775081336,4,"",,,,,,,,,,,,,,,,,,,,,,,,,,,,,,,,,,,,,,,,,,,,,,,,,,,,,,,,,,,,,,,,,,,,,,,,,,,,,,,,,,,,,,,,,,,,,,,,,,,,,,,,,,,,,,,,,,,,,,,,,,,,,,,,,,,,,,,,,,,,,,,,,,,,,,,,,,
auricular-bluetooth-con-base-de-carga-imantada-con-pantalla-display-de-carga,,,,,,,,,,,,,,,,,,,,,,,,,,,,,,,,https://cdn.shopify.com/s/files/1/0796/0703/8180/files/WhatsApp_Image_2026-04-01_at_16.30.24_1.jpg?v=1775081336,5,"",,,,,,,,,,,,,,,,,,,,,,,,,,,,,,,,,,,,,,,,,,,,,,,,,,,,,,,,,,,,,,,,,,,,,,,,,,,,,,,,,,,,,,,,,,,,,,,,,,,,,,,,,,,,,,,,,,,,,,,,,,,,,,,,,,,,,,,,,,,,,,,,,,,,,,,,,,
aro-de-led-10-sin-tripode,Aro de Luz LED 10 Pulgadas - Iluminación Profesional (Sin Trípode),"<p><strong>Iluminación perfecta para fotos y videos</strong></p><p>Este aro de luz LED de 10 pulgadas te brinda iluminación profesional para tus fotos, videos, streaming y videollamadas. Luz uniforme y regulable que realza tu imagen. Ideal para creadores de contenido, influencers y profesionales.</p><p><strong>Características principales:</strong></p><ul>
<li>Tamaño: 10 pulgadas (25 cm)</li>
<li>Iluminación LED regulable</li>
<li>Múltiples niveles de brillo</li>
<li>Temperaturas de color ajustables</li>
<li>Bajo consumo energético</li>
<li>Conexión USB</li>
</ul><p><strong>Usos principales:</strong></p><ul>
<li>Fotos y selfies profesionales</li>
<li>Videos para redes sociales</li>
<li>Streaming y transmisiones en vivo</li>
<li>Videollamadas con mejor iluminación</li>
<li>Maquillaje y beauty</li>
</ul><p><strong>Especificaciones:</strong></p><ul>
<li>Diámetro: 10 pulgadas</li>
<li>Tipo: LED regulable</li>
<li>Alimentación: USB</li>
<li>No incluye: Trípode</li>
</ul><p><strong>Nota:</strong> Este producto NO incluye trípode. Se vende solo el aro de luz.</p><p>Iluminación profesional al alcance de todos. Mejorá la calidad de tu contenido.</p>",SIN MARCA,Cameras & Optics > Photography > Lighting & Studio > Studio Lights & Flashes,Iluminación,mayorista,true,Title,Default Title,,,,,,,,LED-83079,0.0,shopify,0,deny,manual,7259.99,,true,true,,,,,,https://cdn.shopify.com/s/files/1/0796/0703/8180/files/image519.jpg?v=1771956728,1,"",false,Aro de Luz LED 10 Pulgadas - Iluminación Profesional | Parquelectro,"Aro de luz LED 10 pulgadas regulable. Ideal para fotos, videos, streaming. Luz profesional. Sin trípode. ¡Comprá en Parquelectro!",,,,,,,,,,,,,,,,,,,,,,,,,,,,,,,,,,,,,,,,,,,blanco,,,,,,,,,,,,,,,,,,,,,,,,,,,,,,,,,,,,,,,,brillo-regulable; temperatura-de-color-regulable; iluminacion-led,,,,plastico,,,,,,,,,,,,,,,,,,,,,usb,,,,,,,,,,,,,,,,,,,,,,,,,,,,,,,,,,,,,,,,kg,,,active
alfombra-noga-para-silla-gamer,Alfombra Protectora Noga para Silla Gamer - Protege tu Piso,"<p><strong>Protegé tu piso y mejóra el deslizamiento</strong></p><p>Esta alfombra protectora Noga está diseñada especialmente para sillas gamer y de oficina. Protege pisos de madera, cerámica o alfombrados del desgaste causado por las ruedas. Facilita el movimiento suave de la silla.</p><p><strong>Características principales:</strong></p><ul>
<li>Diseño especial para sillas gamer</li>
<li>Material resistente y duradero</li>
<li>Protege todo tipo de pisos</li>
<li>Superficie lisa para fácil deslizamiento</li>
<li>Antideslizante en la base</li>
<li>Marca confiable: Noga</li>
</ul><p><strong>Beneficios:</strong></p><ul>
<li>Protege pisos de arañazos y marcas</li>
<li>Movimiento más suave de la silla</li>
<li>Reduce ruido al desplazarse</li>
<li>Fácil de limpiar</li>
<li>Ideal para gaming y home office</li>
</ul><p><strong>Especificaciones:</strong></p><ul>
<li>Uso: Sillas gamer y de oficina</li>
<li>Material: Resistente y duradero</li>
<li>Superficie: Lisa antideslizante</li>
<li>Marca: Noga</li>
</ul><p>Protegé tu inversión en pisos. Esencial para tu setup gamer o de oficina.</p>",NOGA,Office Supplies > Office & Chair Mats > Chair Mats,Accesorio gamer,mayorista,true,Title,Default Title,,,,,,,,WYVERM,0.0,shopify,0,deny,manual,22750.00,,true,true,,,,,,https://cdn.shopify.com/s/files/1/0796/0703/8180/files/image443.jpg?v=1771956727,1,"",false,Alfombra Protectora Noga para Silla Gamer | Parquelectro,Alfombra protectora Noga para silla gamer. Protege pisos de arañazos. Movimiento suave. Ideal para gaming y oficina. ¡Comprá ahora!,,,,,,,,,,,,,,,,,,,,,,,,,,,,,,,,,,,,,,,,,,,,,,,,,,,,,,,,,,,,,,,,,,,,,,,,,,,,,,,,,,,,,,,,,,,,,,,,,,,,,,,,,,,,,,,,,,,,,,,,,,,,,,,,,,,,,,,,,,,,,,,,,,,,kg,,,active
alargue-usb-1mts,Cable Alargue USB 1 Metro - Extensión Macho a Hembra,"<p><strong>Extendé el alcance de tus dispositivos USB</strong></p><p>Este cable alargue USB de 1 metro te permite extender la conexión de tus dispositivos USB cuando el cable original es muy corto. Ideal para teclados, mouse, pendrives, cámaras web y más.</p><p><strong>Características principales:</strong></p><ul>
<li>Longitud: 1 metro</li>
<li>USB A macho a USB A hembra</li>
<li>Compatible con USB 2.0</li>
<li>Transferencia de datos y energía</li>
<li>Construcción resistente</li>
<li>Plug and play</li>
</ul><p><strong>Usos principales:</strong></p><ul>
<li>Extender cables de teclado y mouse</li>
<li>Acercar pendrives al escritorio</li>
<li>Conectar dispositivos USB alejados</li>
<li>Facilitar acceso a puertos traseros de PC</li>
</ul><p><strong>Especificaciones:</strong></p><ul>
<li>Tipo: USB A macho a USB A hembra</li>
<li>Longitud: 1 metro</li>
<li>Compatible: USB 2.0</li>
<li>Uso: Extensión USB</li>
</ul><p>Solución simple y económica. Mayor comodidad en tu espacio de trabajo.</p>",SIN MARCA,Electronics > Electronics Accessories > Cables > Extension Cables,Cable USB,mayorista,true,Title,Default Title,,,,,,,,W127,45.0,shopify,6,deny,manual,1470.00,,true,true,,,,,,https://cdn.shopify.com/s/files/1/0796/0703/8180/files/WhatsAppImage2026-04-01at19.16.04_1.jpg?v=1775082009,1,"",false,Cable Alargue USB 1 Metro - Extensión Macho Hembra | Parquelectro,"Cable alargue USB 1 metro. Extensión USB A macho a hembra. Compatible con teclados, mouse, pendrives. ¡Comprá en Parquelectro!",,,,,,,,,,,,,,,,,,,,,,,,,,,,,,,,,,sin-apantallar-utp,,,,,,,,,blanco,,,,,,,,,,,,,,usb,,,,,,,,,,,,,,,,,,,,,,,,,,,,,,,,,,,,,,,,,,,,,,,,,,,,,,,,,,,,,,,,,,,,,,,,,,,,,,,,,,,,,,,,,,,g,,,active
alargue-usb-1mts,,,,,,,,,,,,,,,,,,,,,,,,,,,,,,,,https://cdn.shopify.com/s/files/1/0796/0703/8180/files/WhatsAppImage2026-04-01at19.16.04.jpg?v=1775082009,2,"",,,,,,,,,,,,,,,,,,,,,,,,,,,,,,,,,,,,,,,,,,,,,,,,,,,,,,,,,,,,,,,,,,,,,,,,,,,,,,,,,,,,,,,,,,,,,,,,,,,,,,,,,,,,,,,,,,,,,,,,,,,,,,,,,,,,,,,,,,,,,,,,,,,,,,,,,,
adaptador-wifi-noga-usb-con-antena-150mbps,Adaptador WiFi USB Noga 150Mbps con Antena Externa,"<p><strong>Mayor alcance con antena externa</strong></p><p>Este adaptador WiFi USB Noga de 150Mbps incluye antena externa para mejor recepción de señal. Ideal cuando necesitás conectarte a redes WiFi distantes o con obstáculos. Mejor cobertura que los modelos nano.</p><p><strong>Características principales:</strong></p><ul>
<li>Velocidad: 150Mbps</li>
<li>Antena externa para mayor alcance</li>
<li>Plug and play - fácil instalación</li>
<li>Compatible con Windows y Linux</li>
<li>Antena ajustable</li>
<li>Marca confiable: Noga</li>
</ul><p><strong>Beneficios:</strong></p><ul>
<li>Mayor alcance que adaptadores sin antena</li>
<li>Mejor recepción en lugares alejados del router</li>
<li>Antena ajustable para optimizar señal</li>
<li>Ideal para PCs de escritorio</li>
</ul><p><strong>Especificaciones:</strong></p><ul>
<li>Estándar: 802.11n</li>
<li>Velocidad: 150Mbps</li>
<li>Frecuencia: 2.4GHz</li>
<li>Antena: Externa ajustable</li>
<li>Marca: Noga</li>
</ul><p>Conectividad WiFi con mejor alcance. Solución económica y efectiva.</p>",NOGA,Electronics > Networking > Network Cards & Adapters,Adaptador WiFi,mayorista,true,Title,Default Title,,,,,,,,NG-UW02,35.0,shopify,1,deny,manual,4900.00,,true,true,,,,,7798137714985,https://cdn.shopify.com/s/files/1/0796/0703/8180/files/ng-uw02-full-6e156e40f3de60b8f917303146170169-1024-1024.webp?v=1774732400,1,"",false,Adaptador WiFi USB Noga 150Mbps con Antena Externa | Parquelectro,Adaptador WiFi USB Noga 150Mbps con antena externa. Mayor alcance y mejor recepción. Compatible con Windows. ¡Comprá ahora!,,,,,,,,,,,,,,,,,,,,,,,,,,,,,,,,,,,,,,,,,,,negro,,,,,,,usb; wi-fi,,,,,,,,,,,,,,,,,,,,,,,,,,,,,,,,,,,,,,,,,,,,,,,,,,tcp-ip; ethernet-ieee-802-3,,,,,,,,usb,,,,,,,,,,,,,,,,,,,,,,,,,,,,,,,,,,,,,2-4-ghz,802-11n,,g,,,active
adaptador-wifi-noga-usb-con-antena-150mbps,,,,,,,,,,,,,,,,,,,,,,,,,,,,,,,,https://cdn.shopify.com/s/files/1/0796/0703/8180/files/ng-uw02-detalle-370a5bc39ab2a2324817303146032692-1024-1024.webp?v=1774732400,2,"",,,,,,,,,,,,,,,,,,,,,,,,,,,,,,,,,,,,,,,,,,,,,,,,,,,,,,,,,,,,,,,,,,,,,,,,,,,,,,,,,,,,,,,,,,,,,,,,,,,,,,,,,,,,,,,,,,,,,,,,,,,,,,,,,,,,,,,,,,,,,,,,,,,,,,,,,,
adaptador-wifi-noga-usb-con-antena-150mbps,,,,,,,,,,,,,,,,,,,,,,,,,,,,,,,,https://cdn.shopify.com/s/files/1/0796/0703/8180/files/ng-uw02-pack2024-434b22cf6ec49bb28717303146380992-1024-1024_1.webp?v=1774732400,3,"",,,,,,,,,,,,,,,,,,,,,,,,,,,,,,,,,,,,,,,,,,,,,,,,,,,,,,,,,,,,,,,,,,,,,,,,,,,,,,,,,,,,,,,,,,,,,,,,,,,,,,,,,,,,,,,,,,,,,,,,,,,,,,,,,,,,,,,,,,,,,,,,,,,,,,,,,,
adaptador-wifi-noga-nano-usb-300mbps-2-4ghz,Adaptador WiFi USB Nano Noga 300Mbps 2.4GHz – Ultra Compacto,"<h2>Sumá WiFi a tu PC o notebook en segundos</h2><p>Adaptador WiFi USB Nano de Noga. Diseño ultra compacto que queda casi invisible en el puerto USB. Ideal para dar conectividad inalámbrica a equipos de escritorio o notebooks sin WiFi integrado.</p><h3>Características principales</h3><ul>
<li>Velocidad: 300Mbps</li>
<li>Frecuencia: 2.4GHz</li>
<li>Interfaz: USB 2.0</li>
<li>Diseño Nano – ultra compacto, queda casi oculto</li>
<li>Plug &amp; Play – compatible con Windows XP/7/8/10/11</li>
<li>Marca: Noga | SKU: NG-UW03</li>
</ul><h3>¿Para qué lo usás?</h3><ul>
<li>Agregar WiFi a una PC de escritorio sin placa de red inalámbrica</li>
<li>Reemplazar un adaptador WiFi dañado</li>
<li>Streaming HD y navegación cotidiana</li>
</ul><p>Pequeño, discreto y listo para usar. Plug in y conectáte al instante.</p>",NOGA,Electronics > Networking > Network Cards & Adapters,Adaptador WiFi,"300mbps, adaptador wifi, mayorista, nano, noga, usb, wifi",true,Title,Default Title,,,,,,,,NG-UW03,20.0,shopify,8,deny,manual,5250.00,,true,true,,,,,7798137714770,https://cdn.shopify.com/s/files/1/0796/0703/8180/files/ng-uw03-angulo-0f9d13e8aa56682dd017302244164553-1024-1024.webp?v=1774732583,1,"",false,Adaptador WiFi USB Nano Noga 300Mbps 2.4GHz | Parquelectro,"Adaptador WiFi USB Nano Noga 300Mbps. Ultra compacto, ideal para streaming HD. Compatible con Windows. ¡Comprá en Parquelectro!",,,,,,,,,,,,,,,,,,,,,,,,,,,,,,,,,,,,,,,,externo,,,plateado; negro,,,,,,,,,,,,,,,,,,,,,,,,,,,,,,,usb-2-0,,,,,,,,,,,,,,,,,,,,,,,,,,,,,,,,,,usb,,,,,,,,,,,,,,,,,,,,,,,,,,usb-tipo-a,,,,,,,,,,,2-4-ghz,,,g,,,active
adaptador-wifi-noga-nano-usb-300mbps-2-4ghz,,,,,,,,,,,,,,,,,,,,,,,,,,,,,,,,https://cdn.shopify.com/s/files/1/0796/0703/8180/files/ng-uw03-detalle-7302f5b42f9dd1616617302244223781-1024-1024.webp?v=1774732583,2,"",,,,,,,,,,,,,,,,,,,,,,,,,,,,,,,,,,,,,,,,,,,,,,,,,,,,,,,,,,,,,,,,,,,,,,,,,,,,,,,,,,,,,,,,,,,,,,,,,,,,,,,,,,,,,,,,,,,,,,,,,,,,,,,,,,,,,,,,,,,,,,,,,,,,,,,,,,
adaptador-wifi-noga-nano-usb-300mbps-2-4ghz,,,,,,,,,,,,,,,,,,,,,,,,,,,,,,,,https://cdn.shopify.com/s/files/1/0796/0703/8180/files/ng-uw03-pack2024-cd1c754c868daf1f9817302244281257-1024-1024.webp?v=1774732583,3,"",,,,,,,,,,,,,,,,,,,,,,,,,,,,,,,,,,,,,,,,,,,,,,,,,,,,,,,,,,,,,,,,,,,,,,,,,,,,,,,,,,,,,,,,,,,,,,,,,,,,,,,,,,,,,,,,,,,,,,,,,,,,,,,,,,,,,,,,,,,,,,,,,,,,,,,,,,
adaptador-universal-verbatin-con-2-puertos-usb-2-1a,Cargador Universal Verbatim con 2 Puertos USB 2.1A,"<p><strong>Cargá dos dispositivos simultáneamente</strong></p><p>Este cargador universal Verbatim cuenta con 2 puertos USB de 2.1A cada uno, permitiendo cargar dos dispositivos al mismo tiempo con velocidad óptima. Marca premium reconocida mundialmente por su calidad y durabilidad.</p><p><strong>Características principales:</strong></p><ul>
<li>2 puertos USB de carga rápida</li>
<li>Salida: 2.1A por puerto</li>
<li>Compatible con smartphones, tablets y más</li>
<li>Protección contra sobrecarga y cortocircuito</li>
<li>Diseño compacto y elegante</li>
<li>Marca premium: Verbatim</li>
</ul><p><strong>Beneficios:</strong></p><ul>
<li>Cargá dos dispositivos a la vez</li>
<li>Carga rápida y segura</li>
<li>Ideal para viajes y uso diario</li>
<li>Compatible con iPhone, Android, tablets y más</li>
</ul><p><strong>Especificaciones:</strong></p><ul>
<li>Puertos: 2x USB</li>
<li>Salida: 2.1A por puerto</li>
<li>Entrada: 100-240V (universal)</li>
<li>Marca: Verbatim</li>
</ul><p>Calidad Verbatim garantizada. Carga confiable para todos tus dispositivos.</p>",VERBATIM,Electronics > Electronics Accessories > Power > Power Adapters & Chargers,Cargador USB,mayorista,true,Title,Default Title,,,,,,,,UTA-01,190.0,shopify,3,deny,manual,37180.00,,true,true,,,,,023942495437,https://cdn.shopify.com/s/files/1/0796/0703/8180/files/image464.jpg?v=1771956727,1,"",false,Cargador Universal Verbatim 2 USB 2.1A | Parquelectro,Cargador Verbatim con 2 puertos USB 2.1A. Carga rápida para 2 dispositivos. Compatible con iPhone y Android. ¡Comprá en Parquelectro!,,,,,,,,,,,,,,,,,,,,,,,,,,,,,,,,,,,,,,,,,,,negro,,,,,,,usb-c,,,,,,,,,,,,,,,,,,,,,,,,,,,,,,,,,,,,,,,,,,,,,,,,,,,,,,,uk,,,alimentado-por-ca,,,,,,,,,,,,,,,,,,,,,,,,,,,,,,,,,,,,,,,,g,,,active
adaptador-tipo-c-a-hdmi-vga-usb-3-0-pd-y-3-5mm-5-en-1,"Hub USB-C 5 en 1 - HDMI, VGA, USB 3.0, PD y Audio","<p><strong>Conectividad completa para tu laptop USB-C</strong></p><p>Este hub multifunción 5 en 1 transforma un solo puerto USB-C en múltiples conexiones: HDMI 4K, VGA, USB 3.0, carga rápida PD y audio 3.5mm. Solución todo-en-uno para MacBook, laptops modernas y dispositivos USB-C.</p><p><strong>Características principales:</strong></p><ul>
<li>Puerto HDMI 4K para monitores y TVs</li>
<li>Puerto VGA para proyectores</li>
<li>Puerto USB 3.0 de alta velocidad</li>
<li>Puerto USB-C PD para carga rápida</li>
<li>Jack 3.5mm para auriculares</li>
<li>Diseño compacto y portátil</li>
</ul><p><strong>Beneficios:</strong></p><ul>
<li>Conectá múltiples dispositivos simultáneamente</li>
<li>Ideal para presentaciones y reuniones</li>
<li>Cargá tu laptop mientras usás otros puertos</li>
<li>Compatible con MacBook Pro, Air y laptops USB-C</li>
</ul><p><strong>Especificaciones:</strong></p><ul>
<li>Entrada: USB Tipo C</li>
<li>Salidas: HDMI 4K, VGA, USB 3.0, USB-C PD, Audio 3.5mm</li>
<li>Compatible: Mac, Windows, Linux</li>
<li>Marca: Seisa</li>
</ul><p>Estación de trabajo completa en tu bolsillo. Perfecta para profesionales y estudiantes.</p>",SEISA,Electronics > Electronics Accessories > Adapters > USB Adapters,Hub USB-C,mayorista,false,Title,Default Title,,,,,,,,HC-11,60.0,shopify,1,deny,manual,22489.50,,true,true,,,,,6290132589236,https://cdn.shopify.com/s/files/1/0796/0703/8180/files/image296.jpg?v=1771956704,1,"",false,Hub USB-C 5 en 1 HDMI VGA USB PD Audio | Parquelectro,"Hub USB-C 5 en 1 con HDMI 4K, VGA, USB 3.0, carga PD y audio. Compatible con MacBook y laptops USB-C. ¡Comprá en Parquelectro!",,,,,,,,,,,,,,,,,,,,,,,,,,,,,,,,,,,,,,,,,,,negro,,,,,,,hdmi; vga; usb; auxiliar,,,,,,,,,,,,,,,,,,,,,,,,,,,,,,,,,,,,,,,,,,,,,,,,,,,,,,,,,,usb,,,,,,,,,,,,,,,,,,,,,,,,,,,usb-3-1-gen-1; usb-2-0,,,,,,,,,,,,,g,,,draft
adaptador-otg-usb-c-a-usb-a,Adaptador OTG USB-C a USB A - Conectá Accesorios a tu Celular,"<p><strong>Expande la conectividad de tu smartphone USB-C</strong></p><p>Este adaptador OTG USB-C a USB A te permite conectar pendrives, teclados, mouse y otros accesorios USB tradicionales a tu celular o tablet con puerto USB Tipo C. Versión mejorada con mejor compatibilidad.</p><p><strong>Características principales:</strong></p><ul>
<li>USB-C macho a USB A hembra</li>
<li>Función OTG (On-The-Go)</li>
<li>Compatible con smartphones y tablets USB-C</li>
<li>Plug and play - sin configuración</li>
<li>Diseño compacto con llavero</li>
<li>Construcción de calidad</li>
</ul><p><strong>Usos principales:</strong></p><ul>
<li>Conectar pendrives para transferir archivos</li>
<li>Usar teclado y mouse en tu celular</li>
<li>Conectar lectores de tarjetas SD</li>
<li>Cargar otros dispositivos desde tu celular</li>
</ul><p><strong>Especificaciones:</strong></p><ul>
<li>Entrada: USB Tipo C macho</li>
<li>Salida: USB A hembra</li>
<li>Función: OTG</li>
<li>Compatible: Android, algunos iPad Pro</li>
</ul><p>Solución versátil para tu día a día. Lleválo siempre con vos.</p>",SIN MARCA,Electronics > Electronics Accessories > Adapters > USB Adapters,Adaptador OTG,mayorista,true,Title,Default Title,,,,,,,,TYPE-C,10.0,shopify,44,deny,manual,1102.50,,true,true,,,,,6983646411963,https://cdn.shopify.com/s/files/1/0796/0703/8180/files/WhatsAppImage2026-04-01at19.28.01.jpg?v=1775082585,1,"",false,Adaptador OTG USB-C a USB A - Celular | Parquelectro,Adaptador OTG USB-C a USB A. Conectá pendrives y accesorios a tu celular USB-C. Compatible con Android. ¡Comprá ahora!,,,,,,,,,,,,,,,,,,,,,,,,,,,,,,,,,,,,,,,,,,,negro,,,,,,,usb-c,,,,,,,,,,,,,,,,,,,,,,,,,,,,,,,,,,,,,,,,,,,,,,,,,,,,,,,,,,,,,,,,,,,,,,,,,,,,,,,,,,,,,,,,,,,,,,,,,,g,,,active
adaptador-otg-usb-c-a-usb-a,,,,,,,,,,,,,,,,,,,,,,,,,,,,,,,,https://cdn.shopify.com/s/files/1/0796/0703/8180/files/WhatsAppImage2026-04-01at19.28.01_1.jpg?v=1775082585,2,"",,,,,,,,,,,,,,,,,,,,,,,,,,,,,,,,,,,,,,,,,,,,,,,,,,,,,,,,,,,,,,,,,,,,,,,,,,,,,,,,,,,,,,,,,,,,,,,,,,,,,,,,,,,,,,,,,,,,,,,,,,,,,,,,,,,,,,,,,,,,,,,,,,,,,,,,,,
adaptador-display-port-m-a-hdmi-h-noga,Adaptador DisplayPort a HDMI Noga - Macho a Hembra,"<p><strong>Conectá tu PC a monitores o TVs HDMI</strong></p><p>Este adaptador Noga te permite conectar dispositivos con salida DisplayPort a monitores, TVs o proyectores con entrada HDMI. Ideal para PCs de escritorio, laptops y estaciones de trabajo.</p><p><strong>Características principales:</strong></p><ul>
<li>DisplayPort macho a HDMI hembra</li>
<li>Soporta resolución 4K</li>
<li>Compatible con audio y video</li>
<li>Plug and play - sin drivers</li>
<li>Construcción robusta y duradera</li>
<li>Marca confiable: Noga</li>
</ul><p><strong>Beneficios:</strong></p><ul>
<li>Conectá tu PC a cualquier TV o monitor HDMI</li>
<li>Calidad de imagen 4K para trabajo profesional</li>
<li>Audio y video en un solo cable</li>
<li>Compatible con la mayoría de tarjetas gráficas</li>
</ul><p><strong>Especificaciones:</strong></p><ul>
<li>Entrada: DisplayPort macho</li>
<li>Salida: HDMI hembra</li>
<li>Resolución: Hasta 4K</li>
<li>Marca: Noga</li>
</ul><p>Solución simple para conectar tu equipo. Calidad profesional garantizada.</p>",NOGA,Electronics > Electronics Accessories > Adapters > Audio & Video Cable Adapters & Couplers,Adaptador de video,mayorista,true,Title,Default Title,,,,,,,,MDP-HDMI4K,10.0,shopify,4,deny,manual,2646.00,,true,true,,,,,7798137725325,https://cdn.shopify.com/s/files/1/0796/0703/8180/files/WhatsApp_Image_2026-02-23_at_16.45.15.jpg?v=1772228844,1,"",false,Adaptador DisplayPort a HDMI Noga 4K | Parquelectro,Adaptador DisplayPort macho a HDMI hembra Noga. Resolución 4K. Conectá tu PC a TV o monitor HDMI. ¡Comprá en Parquelectro!,,,,,,,,,,,,,,,,,,,,,,,,,,,,,,,,,,,,,,,,,,,negro,,,,,,,,,,,,macho-a-hembra,,puerto-de-pantalla; hdmi,,,,,,,,,,,,,,,,,,,,,,,,,,,,,,,,,,,,,,,,,,,,,,,,,,,,,,,,,,,,,,,,,,,,,,,,,,,,,,,,,,,,,,,,,,,g,,,active
adaptador-de-red-usb-tipo-c-compatible-con-windows-mac,Adaptador USB-C a Ethernet RJ45 Gigabit – Compatible Mac y Windows,"<h2>Conectividad de red estable y rápida desde tu USB-C</h2><p>Ideal para MacBook, notebooks y PCs sin puerto Ethernet. Este adaptador convierte tu puerto USB Tipo C en una conexión de red RJ45 Gigabit, sin drivers adicionales y con compatibilidad inmediata.</p><h3>Características principales</h3><ul>
<li>Interfaz: USB Tipo C (USB 3.0)</li>
<li>Salida: RJ45 Ethernet Gigabit (10/100/1000 Mbps)</li>
<li>Compatible con macOS, Windows y Linux</li>
<li>Plug &amp; Play – sin instalación de drivers</li>
<li>Diseño compacto y liviano para llevar a cualquier lado</li>
</ul><h3>¿Para quién es ideal?</h3><ul>
<li>Usuarios de MacBook Air / Pro sin puerto Ethernet</li>
<li>Profesionales que necesitan conexión estable para videollamadas o trabajo remoto</li>
<li>Gamers que prefieren red cableada sobre WiFi</li>
</ul><p>Dejá el WiFi para cuando no tenés otra opción. Con este adaptador, tu conexión es estable, rápida y sin interrupciones.</p>",NOGA,Electronics > Networking > Network Cards & Adapters > Ethernet Cards & Adapters,Adaptador de red,mayorista,true,Title,Default Title,,,,,,,,TC-RED2,25.0,shopify,5,deny,manual,6580.00,,true,true,,,,,7798137725295,https://cdn.shopify.com/s/files/1/0796/0703/8180/files/adaptador_mejorado_shopify.jpg?v=1772228328,1,"",false,Adaptador USB-C a Ethernet RJ45 - Mac y Windows | Parquelectro,Adaptador USB Tipo C a RJ45 Ethernet. Compatible con Mac y Windows. Velocidad Gigabit. Perfecto para MacBook. ¡Comprá en Parquelectro!,,,,,,,,,,,,,,,,,,,,,,,,,,,,,,,,,,,,,,,,externo,,,blanco,,,,,,,,,,,,,,,,,,,,,,,,,,,,,,,usb-tipo-c,,,,,,,,,,,,,,,,,,,,,,,,,,ethernet-ieee-802-3; tcp-ip,,,,,,,,usb,,,,,,,,,,,,,,,,,,,,,,,,,,usb-tipo-c,,,,,,,,,,,,,,g,,,active
adaptador-de-red-usb-tipo-c-compatible-con-windows-mac,,,,,,,,,,,,,,,,,,,,,,,,,,,,,,,,https://cdn.shopify.com/s/files/1/0796/0703/8180/files/tc-red2-pack-49932238d269b85a4d17473382818586-1024-1024.webp?v=1775082809,2,"",,,,,,,,,,,,,,,,,,,,,,,,,,,,,,,,,,,,,,,,,,,,,,,,,,,,,,,,,,,,,,,,,,,,,,,,,,,,,,,,,,,,,,,,,,,,,,,,,,,,,,,,,,,,,,,,,,,,,,,,,,,,,,,,,,,,,,,,,,,,,,,,,,,,,,,,,,
adaptador-de-red-usb-noga-rj45,Adaptador USB-A a Ethernet RJ45 Noga – Red por Cable para PC y Mac,"<h2>Conectá tu PC o notebook a la red por cable desde un puerto USB</h2><p>Adaptador Noga que convierte tu puerto USB-A estándar en una conexión Ethernet RJ45. Ideal para equipos sin puerto de red integrado o cuando necesitás una conexión más estable que el WiFi.</p><h3>Características principales</h3><ul>
<li>Interfaz: USB-A (USB 2.0)</li>
<li>Salida: RJ45 Ethernet 10/100 Mbps</li>
<li>Compatible con Windows y macOS</li>
<li>Plug &amp; Play – sin instalación de drivers</li>
<li>Marca: Noga</li>
<li>Diseño compacto y liviano</li>
</ul><h3>¿Para quién es ideal?</h3><ul>
<li>Notebooks y netbooks sin puerto Ethernet</li>
<li>Usuarios que necesitan conexión estable para trabajo remoto o videollamadas</li>
<li>Equipos con WiFi inestable o lento</li>
</ul><p>Simple, confiable y listo para usar. Plug in y a navegar sin cortes.</p>",NOGA,Electronics > Networking > Network Cards & Adapters,Adaptador de red,mayorista,true,Title,Default Title,,,,,,,,USB-RED2,25.0,shopify,7,deny,manual,6160.00,,true,true,,,,,7798137714497,https://cdn.shopify.com/s/files/1/0796/0703/8180/files/image225.jpg?v=1771956703,1,"",false,Adaptador USB a Ethernet RJ45 Noga - Red por Cable | Parquelectro,Adaptador USB a RJ45 Noga. Conexón Ethernet por cable. Compatible con Windows y Mac. Conexión estable. ¡Comprá en Parquelectro!,,,,,,,,,,,,,,,,,,,,,,,,,,,,,,,,,,,,,,,,externo,,,blanco,,,,,,,ethernet; usb,,,,,,,,,,,,,,,,,,,,,,,,usb-2-0,,,,,,,,,,,,,,,,,,,,,,,,,,ethernet-ieee-802-3; tcp-ip,,,,,,,,usb,,,,,,,,,,,,,,,,,,,,,,,,,,usb-tipo-a,,,,,,,,,,,,,,g,,,active
adaptador-bluetooth-usb-noga-5-0,Adaptador Bluetooth 5.0 USB Noga - Dongle Inalámbrico,"<h3>Adaptador Bluetooth 5.0 USB Noga</h3><p>Agregá conectividad Bluetooth 5.0 a tu PC o notebook. Conectá auriculares, teclados, mouses, parlantes y otros dispositivos inalámbricos con la última tecnología Bluetooth.</p><h4>Características:</h4><ul>
<li>
<strong>Bluetooth 5.0:</strong> Mayor velocidad, alcance y estabilidad</li>
<li>
<strong>Plug and Play:</strong> Instalación automática en Windows</li>
<li>
<strong>Ultra compacto:</strong> Diseño nano que no sobresale del puerto USB</li>
<li>
<strong>Bajo consumo:</strong> Eficiencia energética mejorada</li>
<li>
<strong>Compatible:</strong> Funciona con múltiples dispositivos simultáneamente</li>
</ul><p><strong>Marca:</strong> Noga<br><strong>Versión:</strong> Bluetooth 5.0<br><strong>Conexión:</strong> USB<br><strong>Alcance:</strong> Hasta 20 metros</p>",NOGA,Electronics > Electronics Accessories > Adapters > USB Adapters,Adaptador Bluetooth,mayorista,true,Title,Default Title,,,,,,,,NG-B60,50.0,shopify,37,deny,manual,4200.00,5530.00,true,true,,,,,,https://cdn.shopify.com/s/files/1/0796/0703/8180/files/ng-b60-pack.webp?v=1772896374,1,"",false,Adaptador Bluetooth 5.0 USB Noga - Dongle Inalámbrico para PC,"Adaptador Bluetooth 5.0 USB Noga. Conectá dispositivos inalámbricos a tu PC. Compacto, rápido y fácil de instalar. Alcance de 20 metros.",,,,,,,,,,,,,,,,,,,,,,,,,,,,,,,,,,,,,,,,,,,negro,,,,,,,usb; bluetooth,,,,,,,,,,,,,,,,,,,,,,,,,,,,,,,,,,,,,,,,,,,,,,,,,,,,,,,,,,,,,,,,,,,,,,,,,,,,,,,,,,,,,usb-2-0,,,,,,,,,,,,,g,,2100.00,active
adaptador-bluetooth-usb-noga-5-0,,,,,,,,,,,,,,,,,,,,,,,,,,,,,,,,https://cdn.shopify.com/s/files/1/0796/0703/8180/files/ng-b60-adap.webp?v=1772896374,2,"",,,,,,,,,,,,,,,,,,,,,,,,,,,,,,,,,,,,,,,,,,,,,,,,,,,,,,,,,,,,,,,,,,,,,,,,,,,,,,,,,,,,,,,,,,,,,,,,,,,,,,,,,,,,,,,,,,,,,,,,,,,,,,,,,,,,,,,,,,,,,,,,,,,,,,,,,,
adaptador-bluetooth-para-auto-3-5mm,Receptor Bluetooth para Auto 3.5mm - Adaptador Inalámbrico,"<h3>Receptor Bluetooth para Auto con Jack 3.5mm</h3><p>Transformá tu auto en un vehículo con Bluetooth. Conectá tu celular de forma inalámbrica al estéreo de tu auto y disfrutá de tu música, podcasts y llamadas sin cables.</p><h4>Características:</h4><ul>
<li>
<strong>Conexión inalámbrica:</strong> Emparejá tu celular por Bluetooth</li>
<li>
<strong>Jack 3.5mm:</strong> Compatible con cualquier estéreo con entrada auxiliar</li>
<li>
<strong>Manos libres:</strong> Atendé llamadas sin soltar el volante</li>
<li>
<strong>Fácil instalación:</strong> Plug and play, sin complicaciones</li>
<li>
<strong>Compacto:</strong> Diseño discreto que no ocupa espacio</li>
</ul><p><strong>Conexión:</strong> Bluetooth a 3.5mm<br><strong>Uso:</strong> Auto, estéreos, parlantes<br><strong>Alcance:</strong> Hasta 10 metros</p>",SIN MARCA,Electronics > Audio > Audio Accessories > Audio & Video Receiver Accessories > Bluetooth Adapters,Adaptador Bluetooth Auto,mayorista,true,Title,Default Title,,,,,,,,TMB-101,50.0,shopify,0,deny,manual,3185.00,,true,true,,,,,,https://cdn.shopify.com/s/files/1/0796/0703/8180/files/1142-producto-02643-1-4897.jpg?v=1772896088,1,"",false,Receptor Bluetooth Auto 3.5mm - Adaptador Inalámbrico para Estéreo,Receptor Bluetooth para auto con jack 3.5mm. Conectá tu celular al estéreo de forma inalámbrica. Llamadas manos libres y música sin cables.,,,,,,,,,,,,,,,,,,,,,,,,,,,,,,,,,,,,,,,,,,,negro,,,,,,,,,,,,,,,,,,,,,,,,,,,,,,,,,,,,,,,,,,,,,,,,,,,,,,,,,,,,,,,,,,,,,,,,,,,,,,,,,,,,,,,,,,,,,,,,,,,,,,,,,g,,,active
adaptador-bluetooth-para-auto-3-5mm,,,,,,,,,,,,,,,,,,,,,,,,,,,,,,,,https://cdn.shopify.com/s/files/1/0796/0703/8180/files/8008.webp?v=1772896088,2,"",,,,,,,,,,,,,,,,,,,,,,,,,,,,,,,,,,,,,,,,,,,,,,,,,,,,,,,,,,,,,,,,,,,,,,,,,,,,,,,,,,,,,,,,,,,,,,,,,,,,,,,,,,,,,,,,,,,,,,,,,,,,,,,,,,,,,,,,,,,,,,,,,,,,,,,,,,
adaptador-bluetooth-noga-para-consola-ps4,Adaptador Bluetooth Noga para PlayStation 4 - Auriculares Inalámbricos,"<p><strong>Usá auriculares Bluetooth en tu PS4</strong></p><p>Este adaptador Bluetooth Noga te permite conectar auriculares inalámbricos a tu consola PlayStation 4. Disfrutá de total libertad de movimiento mientras jugás tus juegos favoritos sin cables molestos.</p><p><strong>Características principales:</strong></p><ul>
<li>Compatible con PlayStation 4</li>
<li>Conecta auriculares Bluetooth inalámbricos</li>
<li>Conexión USB plug and play</li>
<li>Baja latencia para gaming</li>
<li>Diseño compacto que no estorba</li>
<li>Marca confiable: Noga</li>
</ul><p><strong>Beneficios:</strong></p><ul>
<li>Jugá sin cables que te limiten</li>
<li>Audio de alta calidad para una experiencia inmersiva</li>
<li>Perfecto para sesiones largas de juego</li>
<li>No molestes a nadie mientras jugás de noche</li>
</ul><p><strong>Especificaciones:</strong></p><ul>
<li>Compatibilidad: PlayStation 4</li>
<li>Conexión: USB</li>
<li>Tecnología: Bluetooth</li>
<li>Marca: Noga</li>
</ul><p>Llevá tu experiencia gaming al siguiente nivel. Libertad total para moverte mientras jugás.</p>",NOGA,Electronics > Video Game Console Accessories > Home Game Console Accessories,Adaptador Bluetooth gaming,mayorista,true,Title,Default Title,,,,,,,,NG-P4BT,25.0,shopify,1,deny,manual,20300.00,,true,true,,,,,7798137715821,https://cdn.shopify.com/s/files/1/0796/0703/8180/files/unnamed_10.jpg?v=1775083159,1,"",false,Adaptador Bluetooth PS4 Noga - Auriculares Inalámbricos | Parquelectro,Adaptador Bluetooth Noga para PS4. Conectá auriculares inalámbricos a tu PlayStation 4. Baja latencia para gaming. ¡Comprá ahora!,,,,,,,,,,,,,,,,,,,,,,,,,,,,,,,,,,,,,,,,,,,negro,,,,,,,,,,,,,,,,,,,,,,,,,,,,,,,,,,,,,,,,,,,,,,,,,,,,,,,,,,,,,,,,,,,,,,,,,,,,,,,,,,,,,,,,,,,,,,,,,,,,,,,,,g,,,active
adaptador-bluetooth-noga-para-consola-ps4,,,,,,,,,,,,,,,,,,,,,,,,,,,,,,,,https://cdn.shopify.com/s/files/1/0796/0703/8180/files/WhatsAppImage2026-04-01at19.38.30.jpg?v=1775083159,2,"",,,,,,,,,,,,,,,,,,,,,,,,,,,,,,,,,,,,,,,,,,,,,,,,,,,,,,,,,,,,,,,,,,,,,,,,,,,,,,,,,,,,,,,,,,,,,,,,,,,,,,,,,,,,,,,,,,,,,,,,,,,,,,,,,,,,,,,,,,,,,,,,,,,,,,,,,,
adaptador-bluetooth-noga-para-auto-3-5mm-con-boton-manos-libres,Adaptador Bluetooth Noga para Auto 3.5mm - Manos Libres,"<p><strong>Conectá tu celular al auto de forma inalámbrica</strong></p><p>Este adaptador Bluetooth Noga te permite escuchar música y atender llamadas desde tu smartphone en autos que tienen entrada auxiliar 3.5mm. Con botón manos libres integrado para mayor seguridad al conducir.</p><p><strong>Características principales:</strong></p><ul>
<li>Conexión Bluetooth inalámbrica</li>
<li>Botón manos libres para atender llamadas</li>
<li>Conector jack 3.5mm para entrada auxiliar</li>
<li>Micrófono integrado para llamadas claras</li>
<li>Batería recargable de larga duración</li>
<li>Marca confiable: Noga</li>
</ul><p><strong>Beneficios:</strong></p><ul>
<li>Escuchá tu música favorita sin cables</li>
<li>Atendé llamadas de forma segura mientras conducís</li>
<li>Compatible con cualquier auto con entrada auxiliar</li>
<li>Fácil de usar y configurar</li>
</ul><p><strong>Especificaciones:</strong></p><ul>
<li>Conectividad: Bluetooth</li>
<li>Salida: Jack 3.5mm</li>
<li>Función: Manos libres con micrófono</li>
<li>Marca: Noga</li>
</ul><p>Transformá tu auto en un vehículo conectado. Viajá seguro y entretenido con este práctico adaptador.</p>",NOGA,Electronics > Audio > Audio Accessories > Audio & Video Receiver Accessories > Bluetooth Adapters,Adaptador Bluetooth auto,mayorista,true,Title,Default Title,,,,,,,,NG-B09,35.0,shopify,15,deny,manual,4600.00,,true,true,,,,,7798137714893,https://cdn.shopify.com/s/files/1/0796/0703/8180/files/1073-producto-2-2046.jpg?v=1777404759,1,"",false,Adaptador Bluetooth Auto Noga Manos Libres 3.5mm | Parquelectro,Adaptador Bluetooth Noga para auto con manos libres. Conectá tu celular al stereo. Llamadas seguras mientras conducís. ¡Comprá ahora!,,,,,,,,,,,,,,,,,,,,,,,,,,,,,,,,,,,,,,,,,,,negro,,,,,,,,,,,,,,,,,,,,,,,,,,,,,,,,,,,,,,,,,,,,,,,,,,,,,,,,,,,,,,,,,,,,,,,,,,,,,,,,,,,,,,,,,,,,,,,,,,,,,,,,,g,,3050.00,active
adaptador-bluetooth-noga-para-auto-3-5mm-con-boton-manos-libres,,,,,,,,,,,,,,,,,,,,,,,,,,,,,,,,https://cdn.shopify.com/s/files/1/0796/0703/8180/files/448965_0.jpg?v=1777404759,2,"",,,,,,,,,,,,,,,,,,,,,,,,,,,,,,,,,,,,,,,,,,,,,,,,,,,,,,,,,,,,,,,,,,,,,,,,,,,,,,,,,,,,,,,,,,,,,,,,,,,,,,,,,,,,,,,,,,,,,,,,,,,,,,,,,,,,,,,,,,,,,,,,,,,,,,,,,,
adaptador-bluetooth-wifi-seisa,Adaptador USB Bluetooth y WiFi 2 en 1 Seisa,"<h3>Adaptador USB 2 en 1: Bluetooth + WiFi Seisa</h3><p>Agregá conectividad inalámbrica completa a tu PC o notebook con este adaptador USB 2 en 1. Conectá dispositivos Bluetooth y accede a redes WiFi con un solo dongle.</p><h4>Características:</h4><ul>
<li>
<strong>2 en 1:</strong> Bluetooth y WiFi en un solo adaptador</li>
<li>
<strong>Plug and Play:</strong> Fácil instalación</li>
<li>
<strong>Compacto:</strong> Diseño pequeño que no estorba</li>
<li>
<strong>Compatible:</strong> Funciona con Windows y otros sistemas operativos</li>
<li>
<strong>Ideal para:</strong> PCs de escritorio sin conectividad inalámbrica</li>
</ul><p><strong>Marca:</strong> Seisa<br><strong>Conexión:</strong> USB<br><strong>Funciones:</strong> Bluetooth + WiFi</p>",SEISA,Electronics > Electronics Accessories > Adapters > USB Adapters,Adaptador Bluetooth/WiFi,mayorista,true,Title,Default Title,,,,,,,,BT-165,50.0,shopify,0,deny,manual,9556.00,,true,true,,,,,,https://cdn.shopify.com/s/files/1/0796/0703/8180/files/d91a59ae2776714be9302ecf592df109.png?v=1772895950,1,"",false,Adaptador USB Bluetooth WiFi 2 en 1 Seisa - Dongle Inalámbrico,Adaptador USB 2 en 1 Seisa con Bluetooth y WiFi. Agregá conectividad inalámbrica a tu PC. Compacto y fácil de instalar.,,,,,,,,,,,,,,,,,,,,,,,,,,,,,,,,,,,,,,,,,,,negro,,,,,,,usb; bluetooth; wi-fi,,,,,,,,,,,,,,,,,,,,,,,,,,,,,,,,,,,,,,,,,,,,,,,,,,tcp-ip,,,,,,,,usb,,,,,,,,,,,,,,,,,,,,,,,,,,,usb-2-0,,,,,,,,,,banda-dual-2-4-ghz-5-ghz,,,g,,,active
adaptador-bluetooth-wifi-seisa,,,,,,,,,,,,,,,,,,,,,,,,,,,,,,,,https://cdn.shopify.com/s/files/1/0796/0703/8180/files/1725997839.jpg?v=1772895950,2,"",,,,,,,,,,,,,,,,,,,,,,,,,,,,,,,,,,,,,,,,,,,,,,,,,,,,,,,,,,,,,,,,,,,,,,,,,,,,,,,,,,,,,,,,,,,,,,,,,,,,,,,,,,,,,,,,,,,,,,,,,,,,,,,,,,,,,,,,,,,,,,,,,,,,,,,,,,
adaptador-audio-noga-3-5mm-a-tipo-c,Adaptador Audio Noga USB-C a 3.5mm para Auriculares,"<h3>Adaptador de Audio USB-C a 3.5mm Noga</h3>
<p>Conectá tus auriculares con jack 3.5mm a dispositivos con puerto USB-C. Ideal para celulares, tablets y notebooks modernas que no tienen entrada de auriculares tradicional. no es compatible con todos los modelos</p>
<h4>Características:</h4>
<ul>
<li>
<strong>Compatibilidad universal:</strong> Funciona con cualquier dispositivo USB-C</li>
<li>
<strong>Audio de alta calidad:</strong> Transmisión de sonido nítida sin pérdida</li>
<li>
<strong>Compacto y portátil:</strong> Lleválo a donde vayas</li>
<li>
<strong>Plug and Play:</strong> No requiere instalación ni configuración</li>
<li>
<strong>Diseño resistente:</strong> Construcción durable para uso diario</li>
</ul>
<p><strong>Marca:</strong> Noga<br><strong>Conexión:</strong> USB-C a 3.5mm<br><strong>Uso:</strong> Auriculares, parlantes, sistemas de audio</p>",NOGA,Electronics > Electronics Accessories > Adapters > Audio & Video Cable Adapters & Couplers,Adaptador de Audio,mayorista,true,Title,Default Title,,,,,,,,USBC-AUDIO,10.0,shopify,3,deny,manual,4340.00,,true,true,,,,,7798137725332,https://cdn.shopify.com/s/files/1/0796/0703/8180/files/usbc-audio-cable.webp?v=1772895805,1,"",false,Adaptador USB-C a 3.5mm Noga - Audio para Auriculares,Adaptador de audio Noga USB-C a jack 3.5mm. Conectá tus auriculares a celulares y tablets con USB-C. Alta calidad de sonido.,,,,,,,,,,,,,,,,,,,,,,,,,,,,,,,,,,,,,,,,,,,blanco,,,,,,,,,,,,macho-a-hembra,,usb; 3-5-mm,,,,,,,,,,,,,,,,,,,,,,,,,,,,,,,,,,,,,,,,,,,,,,,,,,,,,,,,,,,,,,,,,,,,,,,,,,,,,,,,,,,,,,,,,,,g,,,active
adaptador-audio-noga-3-5mm-a-tipo-c,,,,,,,,,,,,,,,,,,,,,,,,,,,,,,,,https://cdn.shopify.com/s/files/1/0796/0703/8180/files/usbc-audio-pack.webp?v=1772895805,2,"",,,,,,,,,,,,,,,,,,,,,,,,,,,,,,,,,,,,,,,,,,,,,,,,,,,,,,,,,,,,,,,,,,,,,,,,,,,,,,,,,,,,,,,,,,,,,,,,,,,,,,,,,,,,,,,,,,,,,,,,,,,,,,,,,,,,,,,,,,,,,,,,,,,,,,,,,,
adaptador-audio-noga-3-5mm-a-lightning-iphone,Adaptador Audio Noga 3.5mm a Lightning para iPhone,"<p><strong>Conecta tus auriculares favoritos a tu iPhone</strong></p><p>Este adaptador de audio Noga te permite usar tus auriculares con conector de 3.5mm en dispositivos iPhone con puerto Lightning. Ideal para escuchar música, podcasts o realizar llamadas con tus auriculares tradicionales.</p><p><strong>Características principales:</strong></p><ul>
<li>Compatible con todos los modelos de iPhone con puerto Lightning</li>
<li>Conexión plug and play - sin necesidad de configuración</li>
<li>Diseño compacto y portátil</li>
<li>Calidad de audio nítida y clara</li>
<li>Marca confiable: Noga</li>
</ul><p><strong>Especificaciones:</strong></p><ul>
<li>Entrada: Lightning (iPhone)</li>
<li>Salida: Jack 3.5mm estéreo</li>
<li>Material resistente y duradero</li>
</ul><p>Perfecto para quienes no quieren renunciar a sus auriculares con cable favoritos. Lleva tu música a donde vayas con este práctico adaptador.</p>",NOGA,Electronics > Electronics Accessories > Adapters > Audio & Video Cable Adapters & Couplers,cable adaptador,mayorista,true,Title,Default Title,,,,,,,,LNG-AUDIO,10.0,shopify,2,deny,manual,8400.00,,true,true,,,,,7798137721877,https://cdn.shopify.com/s/files/1/0796/0703/8180/files/ChatGPT_Image_25_feb_2026_05_58_28_p.m..png?v=1772053127,1,"",false,Adaptador Audio 3.5mm a Lightning iPhone - Noga | Parquelectro,"Adaptador de audio Noga para conectar auriculares 3.5mm a iPhone con Lightning. Calidad de sonido superior, diseño compacto. ¡Comprá ahora en Parquelectro!",,,,,,,,,,,,,,,,,,,,,,,,,,,,,,,,,,,,,,,,,,,blanco; plateado,,,,,,,,,,,,de-hembra-a-macho; macho-a-hembra,,3-5-mm; lightning,,,,,,,,,,,,,,,,,,,,,,,,,,,,,,,,,,,,,,,,,,,,,,,,,,,,,,,,,,,,,,,,,,,,,,,,,,,,,,,,,,,,,,,,,,,g,,,active
adaptador-audio-noga-3-5mm-a-lightning-iphone,,,,,,,,,,,,,,,,,,,,,,,,,,,,,,,,https://cdn.shopify.com/s/files/1/0796/0703/8180/files/ChatGPT_Image_25_feb_2026_05_55_31_p.m..png?v=1772052955,2,"",,,,,,,,,,,,,,,,,,,,,,,,,,,,,,,,,,,,,,,,,,,,,,,,,,,,,,,,,,,,,,,,,,,,,,,,,,,,,,,,,,,,,,,,,,,,,,,,,,,,,,,,,,,,,,,,,,,,,,,,,,,,,,,,,,,,,,,,,,,,,,,,,,,,,,,,,,
